Check for Manual Version Changes	Set up job	﻿2026-05-31T23:40:47.4742548Z Current runner version: '2.334.0'
Check for Manual Version Changes	Set up job	2026-05-31T23:40:47.4769353Z ##[group]Runner Image Provisioner
Check for Manual Version Changes	Set up job	2026-05-31T23:40:47.4770429Z Hosted Compute Agent
Check for Manual Version Changes	Set up job	2026-05-31T23:40:47.4771048Z Version: 20260520.533
Check for Manual Version Changes	Set up job	2026-05-31T23:40:47.4771732Z Commit: 189110e25284a9812c124fd27b339e2fb4f2f9db
Check for Manual Version Changes	Set up job	2026-05-31T23:40:47.4772480Z Build Date: 2026-05-20T17:44:04Z
Check for Manual Version Changes	Set up job	2026-05-31T23:40:47.4773195Z Worker ID: {50acb1e5-d089-4c3f-9d2e-4176d577ad19}
Check for Manual Version Changes	Set up job	2026-05-31T23:40:47.4774029Z Azure Region: westus
Check for Manual Version Changes	Set up job	2026-05-31T23:40:47.4774597Z ##[endgroup]
Check for Manual Version Changes	Set up job	2026-05-31T23:40:47.4776187Z ##[group]Operating System
Check for Manual Version Changes	Set up job	2026-05-31T23:40:47.4776871Z Ubuntu
Check for Manual Version Changes	Set up job	2026-05-31T23:40:47.4777392Z 24.04.4
Check for Manual Version Changes	Set up job	2026-05-31T23:40:47.4777993Z LTS
Check for Manual Version Changes	Set up job	2026-05-31T23:40:47.4778515Z ##[endgroup]
Check for Manual Version Changes	Set up job	2026-05-31T23:40:47.4779266Z ##[group]Runner Image
Check for Manual Version Changes	Set up job	2026-05-31T23:40:47.4779944Z Image: ubuntu-24.04
Check for Manual Version Changes	Set up job	2026-05-31T23:40:47.4780520Z Version: 20260525.161.1
Check for Manual Version Changes	Set up job	2026-05-31T23:40:47.4781638Z Included Software: https://github.com/actions/runner-images/blob/ubuntu24/20260525.161/images/ubuntu/Ubuntu2404-Readme.md
Check for Manual Version Changes	Set up job	2026-05-31T23:40:47.4783425Z Image Release: https://github.com/actions/runner-images/releases/tag/ubuntu24%2F20260525.161
Check for Manual Version Changes	Set up job	2026-05-31T23:40:47.4784468Z ##[endgroup]
Check for Manual Version Changes	Set up job	2026-05-31T23:40:47.4787349Z ##[group]GITHUB_TOKEN Permissions
Check for Manual Version Changes	Set up job	2026-05-31T23:40:47.4789882Z Actions: write
Check for Manual Version Changes	Set up job	2026-05-31T23:40:47.4790523Z ArtifactMetadata: write
Check for Manual Version Changes	Set up job	2026-05-31T23:40:47.4791260Z Attestations: write
Check for Manual Version Changes	Set up job	2026-05-31T23:40:47.4791847Z Checks: write
Check for Manual Version Changes	Set up job	2026-05-31T23:40:47.4792387Z CodeQuality: write
Check for Manual Version Changes	Set up job	2026-05-31T23:40:47.4793061Z Contents: write
Check for Manual Version Changes	Set up job	2026-05-31T23:40:47.4793625Z Deployments: write
Check for Manual Version Changes	Set up job	2026-05-31T23:40:47.4794219Z Discussions: write
Check for Manual Version Changes	Set up job	2026-05-31T23:40:47.4794808Z Issues: write
Check for Manual Version Changes	Set up job	2026-05-31T23:40:47.4795351Z Metadata: read
Check for Manual Version Changes	Set up job	2026-05-31T23:40:47.4795967Z Models: read
Check for Manual Version Changes	Set up job	2026-05-31T23:40:47.4796500Z Packages: write
Check for Manual Version Changes	Set up job	2026-05-31T23:40:47.4797141Z Pages: write
Check for Manual Version Changes	Set up job	2026-05-31T23:40:47.4797813Z PullRequests: write
Check for Manual Version Changes	Set up job	2026-05-31T23:40:47.4798432Z RepositoryProjects: write
Check for Manual Version Changes	Set up job	2026-05-31T23:40:47.4799336Z SecurityEvents: write
Check for Manual Version Changes	Set up job	2026-05-31T23:40:47.4799918Z Statuses: write
Check for Manual Version Changes	Set up job	2026-05-31T23:40:47.4800497Z VulnerabilityAlerts: read
Check for Manual Version Changes	Set up job	2026-05-31T23:40:47.4801161Z ##[endgroup]
Check for Manual Version Changes	Set up job	2026-05-31T23:40:47.4803348Z Secret source: Actions
Check for Manual Version Changes	Set up job	2026-05-31T23:40:47.4804210Z Prepare workflow directory
Check for Manual Version Changes	Set up job	2026-05-31T23:40:47.5154976Z Prepare all required actions
Check for Manual Version Changes	Set up job	2026-05-31T23:40:47.5214023Z Getting action download info
Check for Manual Version Changes	Set up job	2026-05-31T23:40:47.9650077Z Download action repository 'actions/checkout@v6' (SHA:de0fac2e4500dabe0009e67214ff5f5447ce83dd)
Check for Manual Version Changes	Set up job	2026-05-31T23:40:48.1969878Z Complete job name: Check for Manual Version Changes
Check for Manual Version Changes	Run actions/checkout@v6	﻿2026-05-31T23:40:48.2743918Z ##[group]Run actions/checkout@v6
Check for Manual Version Changes	Run actions/checkout@v6	2026-05-31T23:40:48.2744847Z with:
Check for Manual Version Changes	Run actions/checkout@v6	2026-05-31T23:40:48.2745292Z   fetch-depth: 0
Check for Manual Version Changes	Run actions/checkout@v6	2026-05-31T23:40:48.2745831Z   repository: link-assistant/meta-expression
Check for Manual Version Changes	Run actions/checkout@v6	2026-05-31T23:40:48.2750495Z   token: ***
Check for Manual Version Changes	Run actions/checkout@v6	2026-05-31T23:40:48.2750940Z   ssh-strict: true
Check for Manual Version Changes	Run actions/checkout@v6	2026-05-31T23:40:48.2751389Z   ssh-user: git
Check for Manual Version Changes	Run actions/checkout@v6	2026-05-31T23:40:48.2751845Z   persist-credentials: true
Check for Manual Version Changes	Run actions/checkout@v6	2026-05-31T23:40:48.2752336Z   clean: true
Check for Manual Version Changes	Run actions/checkout@v6	2026-05-31T23:40:48.2752786Z   sparse-checkout-cone-mode: true
Check for Manual Version Changes	Run actions/checkout@v6	2026-05-31T23:40:48.2753336Z   fetch-tags: false
Check for Manual Version Changes	Run actions/checkout@v6	2026-05-31T23:40:48.2753789Z   show-progress: true
Check for Manual Version Changes	Run actions/checkout@v6	2026-05-31T23:40:48.2754236Z   lfs: false
Check for Manual Version Changes	Run actions/checkout@v6	2026-05-31T23:40:48.2754752Z   submodules: false
Check for Manual Version Changes	Run actions/checkout@v6	2026-05-31T23:40:48.2755261Z   set-safe-directory: true
Check for Manual Version Changes	Run actions/checkout@v6	2026-05-31T23:40:48.2756097Z ##[endgroup]
Check for Manual Version Changes	Run actions/checkout@v6	2026-05-31T23:40:48.3799515Z Syncing repository: link-assistant/meta-expression
Check for Manual Version Changes	Run actions/checkout@v6	2026-05-31T23:40:48.3801912Z ##[group]Getting Git version info
Check for Manual Version Changes	Run actions/checkout@v6	2026-05-31T23:40:48.3802764Z Working directory is '/home/runner/work/meta-expression/meta-expression'
Check for Manual Version Changes	Run actions/checkout@v6	2026-05-31T23:40:48.3804065Z [command]/usr/bin/git version
Check for Manual Version Changes	Run actions/checkout@v6	2026-05-31T23:40:48.3885667Z git version 2.54.0
Check for Manual Version Changes	Run actions/checkout@v6	2026-05-31T23:40:48.3944009Z ##[endgroup]
Check for Manual Version Changes	Run actions/checkout@v6	2026-05-31T23:40:48.3962729Z Temporarily overriding HOME='/home/runner/work/_temp/922b04fa-cfb9-4032-b7d3-42dcb5764033' before making global git config changes
Check for Manual Version Changes	Run actions/checkout@v6	2026-05-31T23:40:48.3965178Z Adding repository directory to the temporary git global config as a safe directory
Check for Manual Version Changes	Run actions/checkout@v6	2026-05-31T23:40:48.3969970Z [command]/usr/bin/git config --global --add safe.directory /home/runner/work/meta-expression/meta-expression
Check for Manual Version Changes	Run actions/checkout@v6	2026-05-31T23:40:48.4024864Z Deleting the contents of '/home/runner/work/meta-expression/meta-expression'
Check for Manual Version Changes	Run actions/checkout@v6	2026-05-31T23:40:48.4029662Z ##[group]Initializing the repository
Check for Manual Version Changes	Run actions/checkout@v6	2026-05-31T23:40:48.4034737Z [command]/usr/bin/git init /home/runner/work/meta-expression/meta-expression
Check for Manual Version Changes	Run actions/checkout@v6	2026-05-31T23:40:48.4220597Z hint: Using 'master' as the name for the initial branch. This default branch name
Check for Manual Version Changes	Run actions/checkout@v6	2026-05-31T23:40:48.4221858Z hint: will change to "main" in Git 3.0. To configure the initial branch name
Check for Manual Version Changes	Run actions/checkout@v6	2026-05-31T23:40:48.4222988Z hint: to use in all of your new repositories, which will suppress this warning,
Check for Manual Version Changes	Run actions/checkout@v6	2026-05-31T23:40:48.4223914Z hint: call:
Check for Manual Version Changes	Run actions/checkout@v6	2026-05-31T23:40:48.4224374Z hint:
Check for Manual Version Changes	Run actions/checkout@v6	2026-05-31T23:40:48.4225082Z hint: 	git config --global init.defaultBranch <name>
Check for Manual Version Changes	Run actions/checkout@v6	2026-05-31T23:40:48.4226217Z hint:
Check for Manual Version Changes	Run actions/checkout@v6	2026-05-31T23:40:48.4227050Z hint: Names commonly chosen instead of 'master' are 'main', 'trunk' and
Check for Manual Version Changes	Run actions/checkout@v6	2026-05-31T23:40:48.4228961Z hint: 'development'. The just-created branch can be renamed via this command:
Check for Manual Version Changes	Run actions/checkout@v6	2026-05-31T23:40:48.4230445Z hint:
Check for Manual Version Changes	Run actions/checkout@v6	2026-05-31T23:40:48.4231265Z hint: 	git branch -m <name>
Check for Manual Version Changes	Run actions/checkout@v6	2026-05-31T23:40:48.4232157Z hint:
Check for Manual Version Changes	Run actions/checkout@v6	2026-05-31T23:40:48.4233275Z hint: Disable this message with "git config set advice.defaultBranchName false"
Check for Manual Version Changes	Run actions/checkout@v6	2026-05-31T23:40:48.4235215Z Initialized empty Git repository in /home/runner/work/meta-expression/meta-expression/.git/
Check for Manual Version Changes	Run actions/checkout@v6	2026-05-31T23:40:48.4242410Z [command]/usr/bin/git remote add origin https://github.com/link-assistant/meta-expression
Check for Manual Version Changes	Run actions/checkout@v6	2026-05-31T23:40:48.4292737Z ##[endgroup]
Check for Manual Version Changes	Run actions/checkout@v6	2026-05-31T23:40:48.4294179Z ##[group]Disabling automatic garbage collection
Check for Manual Version Changes	Run actions/checkout@v6	2026-05-31T23:40:48.4297625Z [command]/usr/bin/git config --local gc.auto 0
Check for Manual Version Changes	Run actions/checkout@v6	2026-05-31T23:40:48.4329584Z ##[endgroup]
Check for Manual Version Changes	Run actions/checkout@v6	2026-05-31T23:40:48.4331065Z ##[group]Setting up auth
Check for Manual Version Changes	Run actions/checkout@v6	2026-05-31T23:40:48.4332067Z Removing SSH command configuration
Check for Manual Version Changes	Run actions/checkout@v6	2026-05-31T23:40:48.4338398Z [command]/usr/bin/git config --local --name-only --get-regexp core\.sshCommand
Check for Manual Version Changes	Run actions/checkout@v6	2026-05-31T23:40:48.4374942Z [command]/usr/bin/git submodule foreach --recursive sh -c "git config --local --name-only --get-regexp 'core\.sshCommand' && git config --local --unset-all 'core.sshCommand' || :"
Check for Manual Version Changes	Run actions/checkout@v6	2026-05-31T23:40:48.4753042Z Removing HTTP extra header
Check for Manual Version Changes	Run actions/checkout@v6	2026-05-31T23:40:48.4759850Z [command]/usr/bin/git config --local --name-only --get-regexp http\.https\:\/\/github\.com\/\.extraheader
Check for Manual Version Changes	Run actions/checkout@v6	2026-05-31T23:40:48.4796756Z [command]/usr/bin/git submodule foreach --recursive sh -c "git config --local --name-only --get-regexp 'http\.https\:\/\/github\.com\/\.extraheader' && git config --local --unset-all 'http.https://github.com/.extraheader' || :"
Check for Manual Version Changes	Run actions/checkout@v6	2026-05-31T23:40:48.5021054Z Removing includeIf entries pointing to credentials config files
Check for Manual Version Changes	Run actions/checkout@v6	2026-05-31T23:40:48.5026517Z [command]/usr/bin/git config --local --name-only --get-regexp ^includeIf\.gitdir:
Check for Manual Version Changes	Run actions/checkout@v6	2026-05-31T23:40:48.5059352Z [command]/usr/bin/git submodule foreach --recursive git config --local --show-origin --name-only --get-regexp remote.origin.url
Check for Manual Version Changes	Run actions/checkout@v6	2026-05-31T23:40:48.5284083Z [command]/usr/bin/git config --file /home/runner/work/_temp/git-credentials-5eb295c3-495c-49b1-b41d-293b1189401a.config http.https://github.com/.extraheader AUTHORIZATION: basic ***
Check for Manual Version Changes	Run actions/checkout@v6	2026-05-31T23:40:48.5327278Z [command]/usr/bin/git config --local includeIf.gitdir:/home/runner/work/meta-expression/meta-expression/.git.path /home/runner/work/_temp/git-credentials-5eb295c3-495c-49b1-b41d-293b1189401a.config
Check for Manual Version Changes	Run actions/checkout@v6	2026-05-31T23:40:48.5364741Z [command]/usr/bin/git config --local includeIf.gitdir:/home/runner/work/meta-expression/meta-expression/.git/worktrees/*.path /home/runner/work/_temp/git-credentials-5eb295c3-495c-49b1-b41d-293b1189401a.config
Check for Manual Version Changes	Run actions/checkout@v6	2026-05-31T23:40:48.5404779Z [command]/usr/bin/git config --local includeIf.gitdir:/github/workspace/.git.path /github/runner_temp/git-credentials-5eb295c3-495c-49b1-b41d-293b1189401a.config
Check for Manual Version Changes	Run actions/checkout@v6	2026-05-31T23:40:48.5441503Z [command]/usr/bin/git config --local includeIf.gitdir:/github/workspace/.git/worktrees/*.path /github/runner_temp/git-credentials-5eb295c3-495c-49b1-b41d-293b1189401a.config
Check for Manual Version Changes	Run actions/checkout@v6	2026-05-31T23:40:48.5485132Z ##[endgroup]
Check for Manual Version Changes	Run actions/checkout@v6	2026-05-31T23:40:48.5486563Z ##[group]Fetching the repository
Check for Manual Version Changes	Run actions/checkout@v6	2026-05-31T23:40:48.5495925Z [command]/usr/bin/git -c protocol.version=2 fetch --no-tags --prune --no-recurse-submodules origin +refs/heads/*:refs/remotes/origin/* +refs/tags/*:refs/tags/* +013059defe6756ff07463a8bfc6529a19b2f3216:refs/remotes/pull/132/merge
Check for Manual Version Changes	Run actions/checkout@v6	2026-05-31T23:40:49.8082762Z From https://github.com/link-assistant/meta-expression
Check for Manual Version Changes	Run actions/checkout@v6	2026-05-31T23:40:49.8084730Z  * [new branch]      issue-1-66f2990709b5                     -> origin/issue-1-66f2990709b5
Check for Manual Version Changes	Run actions/checkout@v6	2026-05-31T23:40:49.8086640Z  * [new branch]      issue-108-9ec72bf0c00d                   -> origin/issue-108-9ec72bf0c00d
Check for Manual Version Changes	Run actions/checkout@v6	2026-05-31T23:40:49.8088337Z  * [new branch]      issue-109-59194c3f9440                   -> origin/issue-109-59194c3f9440
Check for Manual Version Changes	Run actions/checkout@v6	2026-05-31T23:40:49.8090416Z  * [new branch]      issue-11-9475e456ab10                    -> origin/issue-11-9475e456ab10
Check for Manual Version Changes	Run actions/checkout@v6	2026-05-31T23:40:49.8092203Z  * [new branch]      issue-110-9276996a2025                   -> origin/issue-110-9276996a2025
Check for Manual Version Changes	Run actions/checkout@v6	2026-05-31T23:40:49.8094148Z  * [new branch]      issue-111-bbd90b48d3d4                   -> origin/issue-111-bbd90b48d3d4
Check for Manual Version Changes	Run actions/checkout@v6	2026-05-31T23:40:49.8096123Z  * [new branch]      issue-112-c3cd1e55fea7                   -> origin/issue-112-c3cd1e55fea7
Check for Manual Version Changes	Run actions/checkout@v6	2026-05-31T23:40:49.8098074Z  * [new branch]      issue-113-ca491d8b7b96                   -> origin/issue-113-ca491d8b7b96
Check for Manual Version Changes	Run actions/checkout@v6	2026-05-31T23:40:49.8100479Z  * [new branch]      issue-114-d0e88e43d42d                   -> origin/issue-114-d0e88e43d42d
Check for Manual Version Changes	Run actions/checkout@v6	2026-05-31T23:40:49.8102515Z  * [new branch]      issue-115-96ea7e0ff041                   -> origin/issue-115-96ea7e0ff041
Check for Manual Version Changes	Run actions/checkout@v6	2026-05-31T23:40:49.8104807Z  * [new branch]      issue-116-a642ebf04bb5                   -> origin/issue-116-a642ebf04bb5
Check for Manual Version Changes	Run actions/checkout@v6	2026-05-31T23:40:49.8106992Z  * [new branch]      issue-126-e1ac50244d41                   -> origin/issue-126-e1ac50244d41
Check for Manual Version Changes	Run actions/checkout@v6	2026-05-31T23:40:49.8109797Z  * [new branch]      issue-128-41095a0f356d                   -> origin/issue-128-41095a0f356d
Check for Manual Version Changes	Run actions/checkout@v6	2026-05-31T23:40:49.8112307Z  * [new branch]      issue-128-fed1f7a14626                   -> origin/issue-128-fed1f7a14626
Check for Manual Version Changes	Run actions/checkout@v6	2026-05-31T23:40:49.8114892Z  * [new branch]      issue-13-0a4fc458320f                    -> origin/issue-13-0a4fc458320f
Check for Manual Version Changes	Run actions/checkout@v6	2026-05-31T23:40:49.8117425Z  * [new branch]      issue-131-84c06d630fcf                   -> origin/issue-131-84c06d630fcf
Check for Manual Version Changes	Run actions/checkout@v6	2026-05-31T23:40:49.8120389Z  * [new branch]      issue-15-01d48bf15beb                    -> origin/issue-15-01d48bf15beb
Check for Manual Version Changes	Run actions/checkout@v6	2026-05-31T23:40:49.8122934Z  * [new branch]      issue-16-a4cb3c8415b5                    -> origin/issue-16-a4cb3c8415b5
Check for Manual Version Changes	Run actions/checkout@v6	2026-05-31T23:40:49.8125753Z  * [new branch]      issue-17-e37119ec7e2e                    -> origin/issue-17-e37119ec7e2e
Check for Manual Version Changes	Run actions/checkout@v6	2026-05-31T23:40:49.8128263Z  * [new branch]      issue-18-f441191a8b86                    -> origin/issue-18-f441191a8b86
Check for Manual Version Changes	Run actions/checkout@v6	2026-05-31T23:40:49.8131146Z  * [new branch]      issue-20-5e25c435fda3                    -> origin/issue-20-5e25c435fda3
Check for Manual Version Changes	Run actions/checkout@v6	2026-05-31T23:40:49.8133969Z  * [new branch]      issue-21-12a11b28b6e5                    -> origin/issue-21-12a11b28b6e5
Check for Manual Version Changes	Run actions/checkout@v6	2026-05-31T23:40:49.8136690Z  * [new branch]      issue-23-0aed78e996ae                    -> origin/issue-23-0aed78e996ae
Check for Manual Version Changes	Run actions/checkout@v6	2026-05-31T23:40:49.8139990Z  * [new branch]      issue-26-2cbee1cb1be5                    -> origin/issue-26-2cbee1cb1be5
Check for Manual Version Changes	Run actions/checkout@v6	2026-05-31T23:40:49.8142843Z  * [new branch]      issue-27-77fbe1d5f177                    -> origin/issue-27-77fbe1d5f177
Check for Manual Version Changes	Run actions/checkout@v6	2026-05-31T23:40:49.8145574Z  * [new branch]      issue-29-e5195b346fed                    -> origin/issue-29-e5195b346fed
Check for Manual Version Changes	Run actions/checkout@v6	2026-05-31T23:40:49.8148419Z  * [new branch]      issue-3-130348eb2e36                     -> origin/issue-3-130348eb2e36
Check for Manual Version Changes	Run actions/checkout@v6	2026-05-31T23:40:49.8151313Z  * [new branch]      issue-35-c9dc0853f1a0                    -> origin/issue-35-c9dc0853f1a0
Check for Manual Version Changes	Run actions/checkout@v6	2026-05-31T23:40:49.8154118Z  * [new branch]      issue-37-8620cc7da08c                    -> origin/issue-37-8620cc7da08c
Check for Manual Version Changes	Run actions/checkout@v6	2026-05-31T23:40:49.8156817Z  * [new branch]      issue-39-6eee7e3da635                    -> origin/issue-39-6eee7e3da635
Check for Manual Version Changes	Run actions/checkout@v6	2026-05-31T23:40:49.8159911Z  * [new branch]      issue-41-89dc6245cc78                    -> origin/issue-41-89dc6245cc78
Check for Manual Version Changes	Run actions/checkout@v6	2026-05-31T23:40:49.8162616Z  * [new branch]      issue-43-5b7a25fd4491                    -> origin/issue-43-5b7a25fd4491
Check for Manual Version Changes	Run actions/checkout@v6	2026-05-31T23:40:49.8165485Z  * [new branch]      issue-48-3cc022473812                    -> origin/issue-48-3cc022473812
Check for Manual Version Changes	Run actions/checkout@v6	2026-05-31T23:40:49.8168222Z  * [new branch]      issue-5-2c7b23a3dfee                     -> origin/issue-5-2c7b23a3dfee
Check for Manual Version Changes	Run actions/checkout@v6	2026-05-31T23:40:49.8171306Z  * [new branch]      issue-50-125a6780a77b                    -> origin/issue-50-125a6780a77b
Check for Manual Version Changes	Run actions/checkout@v6	2026-05-31T23:40:49.8174004Z  * [new branch]      issue-52-14d124fa6a47                    -> origin/issue-52-14d124fa6a47
Check for Manual Version Changes	Run actions/checkout@v6	2026-05-31T23:40:49.8176708Z  * [new branch]      issue-54-d4e0c163ea88                    -> origin/issue-54-d4e0c163ea88
Check for Manual Version Changes	Run actions/checkout@v6	2026-05-31T23:40:49.8179746Z  * [new branch]      issue-56-7b4471a86c0c                    -> origin/issue-56-7b4471a86c0c
Check for Manual Version Changes	Run actions/checkout@v6	2026-05-31T23:40:49.8182556Z  * [new branch]      issue-58-4fd21cb80249                    -> origin/issue-58-4fd21cb80249
Check for Manual Version Changes	Run actions/checkout@v6	2026-05-31T23:40:49.8185247Z  * [new branch]      issue-60-b3b07b32a4f2                    -> origin/issue-60-b3b07b32a4f2
Check for Manual Version Changes	Run actions/checkout@v6	2026-05-31T23:40:49.8187912Z  * [new branch]      issue-61-f445f6ea7071                    -> origin/issue-61-f445f6ea7071
Check for Manual Version Changes	Run actions/checkout@v6	2026-05-31T23:40:49.8190738Z  * [new branch]      issue-62-29076fab68e4                    -> origin/issue-62-29076fab68e4
Check for Manual Version Changes	Run actions/checkout@v6	2026-05-31T23:40:49.8193355Z  * [new branch]      issue-63-3dec45ca24c4                    -> origin/issue-63-3dec45ca24c4
Check for Manual Version Changes	Run actions/checkout@v6	2026-05-31T23:40:49.8195920Z  * [new branch]      issue-64-e00c5810edcd                    -> origin/issue-64-e00c5810edcd
Check for Manual Version Changes	Run actions/checkout@v6	2026-05-31T23:40:49.8198462Z  * [new branch]      issue-65-4c2d1e1c1926                    -> origin/issue-65-4c2d1e1c1926
Check for Manual Version Changes	Run actions/checkout@v6	2026-05-31T23:40:49.8201339Z  * [new branch]      issue-66-efa2706d57bf                    -> origin/issue-66-efa2706d57bf
Check for Manual Version Changes	Run actions/checkout@v6	2026-05-31T23:40:49.8203971Z  * [new branch]      issue-67-cbc1c5ac4ed2                    -> origin/issue-67-cbc1c5ac4ed2
Check for Manual Version Changes	Run actions/checkout@v6	2026-05-31T23:40:49.8206578Z  * [new branch]      issue-68-08241e2554cb                    -> origin/issue-68-08241e2554cb
Check for Manual Version Changes	Run actions/checkout@v6	2026-05-31T23:40:49.8209426Z  * [new branch]      issue-69-420bc440686f                    -> origin/issue-69-420bc440686f
Check for Manual Version Changes	Run actions/checkout@v6	2026-05-31T23:40:49.8212016Z  * [new branch]      issue-7-c2cf5051240a                     -> origin/issue-7-c2cf5051240a
Check for Manual Version Changes	Run actions/checkout@v6	2026-05-31T23:40:49.8214599Z  * [new branch]      issue-70-2f41021b3b88                    -> origin/issue-70-2f41021b3b88
Check for Manual Version Changes	Run actions/checkout@v6	2026-05-31T23:40:49.8217560Z  * [new branch]      issue-71-213699cb7a07                    -> origin/issue-71-213699cb7a07
Check for Manual Version Changes	Run actions/checkout@v6	2026-05-31T23:40:49.8221553Z  * [new branch]      issue-72-f280d3968ee3                    -> origin/issue-72-f280d3968ee3
Check for Manual Version Changes	Run actions/checkout@v6	2026-05-31T23:40:49.8224704Z  * [new branch]      issue-73-a48e9ea13ed4                    -> origin/issue-73-a48e9ea13ed4
Check for Manual Version Changes	Run actions/checkout@v6	2026-05-31T23:40:49.8227351Z  * [new branch]      issue-74-3fccc9cfd1e9                    -> origin/issue-74-3fccc9cfd1e9
Check for Manual Version Changes	Run actions/checkout@v6	2026-05-31T23:40:49.8231525Z  * [new branch]      issue-87-7cc151ec3bc6                    -> origin/issue-87-7cc151ec3bc6
Check for Manual Version Changes	Run actions/checkout@v6	2026-05-31T23:40:49.8235495Z  * [new branch]      issue-88-7fdca54b4623                    -> origin/issue-88-7fdca54b4623
Check for Manual Version Changes	Run actions/checkout@v6	2026-05-31T23:40:49.8238925Z  * [new branch]      issue-89-4d53f5773d5a                    -> origin/issue-89-4d53f5773d5a
Check for Manual Version Changes	Run actions/checkout@v6	2026-05-31T23:40:49.8241980Z  * [new branch]      issue-9-24bcebd55a5d                     -> origin/issue-9-24bcebd55a5d
Check for Manual Version Changes	Run actions/checkout@v6	2026-05-31T23:40:49.8245713Z  * [new branch]      issue-90-cabb5d305b6f                    -> origin/issue-90-cabb5d305b6f
Check for Manual Version Changes	Run actions/checkout@v6	2026-05-31T23:40:49.8248233Z  * [new branch]      issue-91-7228b4557dc6                    -> origin/issue-91-7228b4557dc6
Check for Manual Version Changes	Run actions/checkout@v6	2026-05-31T23:40:49.8251527Z  * [new branch]      issue-92-561ee90494aa                    -> origin/issue-92-561ee90494aa
Check for Manual Version Changes	Run actions/checkout@v6	2026-05-31T23:40:49.8254086Z  * [new branch]      issue-93-81850df7e6ef                    -> origin/issue-93-81850df7e6ef
Check for Manual Version Changes	Run actions/checkout@v6	2026-05-31T23:40:49.8256841Z  * [new branch]      issue-94-61bb8b947c61                    -> origin/issue-94-61bb8b947c61
Check for Manual Version Changes	Run actions/checkout@v6	2026-05-31T23:40:49.8260690Z  * [new branch]      issue-96-baaac01fda6b                    -> origin/issue-96-baaac01fda6b
Check for Manual Version Changes	Run actions/checkout@v6	2026-05-31T23:40:49.8263075Z  * [new branch]      main                                     -> origin/main
Check for Manual Version Changes	Run actions/checkout@v6	2026-05-31T23:40:49.8264936Z  * [new tag]         v0.10.0                                  -> v0.10.0
Check for Manual Version Changes	Run actions/checkout@v6	2026-05-31T23:40:49.8266728Z  * [new tag]         v0.11.0                                  -> v0.11.0
Check for Manual Version Changes	Run actions/checkout@v6	2026-05-31T23:40:49.8268560Z  * [new tag]         v0.12.0                                  -> v0.12.0
Check for Manual Version Changes	Run actions/checkout@v6	2026-05-31T23:40:49.8270902Z  * [new ref]         013059defe6756ff07463a8bfc6529a19b2f3216 -> pull/132/merge
Check for Manual Version Changes	Run actions/checkout@v6	2026-05-31T23:40:49.8275306Z ##[endgroup]
Check for Manual Version Changes	Run actions/checkout@v6	2026-05-31T23:40:49.8276979Z ##[group]Determining the checkout info
Check for Manual Version Changes	Run actions/checkout@v6	2026-05-31T23:40:49.8279370Z ##[endgroup]
Check for Manual Version Changes	Run actions/checkout@v6	2026-05-31T23:40:49.8280551Z [command]/usr/bin/git sparse-checkout disable
Check for Manual Version Changes	Run actions/checkout@v6	2026-05-31T23:40:49.8306811Z [command]/usr/bin/git config --local --unset-all extensions.worktreeConfig
Check for Manual Version Changes	Run actions/checkout@v6	2026-05-31T23:40:49.8341119Z ##[group]Checking out the ref
Check for Manual Version Changes	Run actions/checkout@v6	2026-05-31T23:40:49.8343968Z [command]/usr/bin/git checkout --progress --force refs/remotes/pull/132/merge
Check for Manual Version Changes	Run actions/checkout@v6	2026-05-31T23:40:50.0011540Z Note: switching to 'refs/remotes/pull/132/merge'.
Check for Manual Version Changes	Run actions/checkout@v6	2026-05-31T23:40:50.0013366Z 
Check for Manual Version Changes	Run actions/checkout@v6	2026-05-31T23:40:50.0014748Z You are in 'detached HEAD' state. You can look around, make experimental
Check for Manual Version Changes	Run actions/checkout@v6	2026-05-31T23:40:50.0018188Z changes and commit them, and you can discard any commits you make in this
Check for Manual Version Changes	Run actions/checkout@v6	2026-05-31T23:40:50.0021882Z state without impacting any branches by switching back to a branch.
Check for Manual Version Changes	Run actions/checkout@v6	2026-05-31T23:40:50.0023831Z 
Check for Manual Version Changes	Run actions/checkout@v6	2026-05-31T23:40:50.0025093Z If you want to create a new branch to retain commits you create, you may
Check for Manual Version Changes	Run actions/checkout@v6	2026-05-31T23:40:50.0028208Z do so (now or later) by using -c with the switch command. Example:
Check for Manual Version Changes	Run actions/checkout@v6	2026-05-31T23:40:50.0030328Z 
Check for Manual Version Changes	Run actions/checkout@v6	2026-05-31T23:40:50.0031067Z   git switch -c <new-branch-name>
Check for Manual Version Changes	Run actions/checkout@v6	2026-05-31T23:40:50.0032126Z 
Check for Manual Version Changes	Run actions/checkout@v6	2026-05-31T23:40:50.0032604Z Or undo this operation with:
Check for Manual Version Changes	Run actions/checkout@v6	2026-05-31T23:40:50.0033311Z 
Check for Manual Version Changes	Run actions/checkout@v6	2026-05-31T23:40:50.0033725Z   git switch -
Check for Manual Version Changes	Run actions/checkout@v6	2026-05-31T23:40:50.0034258Z 
Check for Manual Version Changes	Run actions/checkout@v6	2026-05-31T23:40:50.0035548Z Turn off this advice by setting config variable advice.detachedHead to false
Check for Manual Version Changes	Run actions/checkout@v6	2026-05-31T23:40:50.0037135Z 
Check for Manual Version Changes	Run actions/checkout@v6	2026-05-31T23:40:50.0038888Z HEAD is now at 013059d Merge 13c36686c6d21fdc95652a52f8d4000724435a59 into 31459438fca6525575167930fa8f9d1161b491ee
Check for Manual Version Changes	Run actions/checkout@v6	2026-05-31T23:40:50.0043801Z ##[endgroup]
Check for Manual Version Changes	Run actions/checkout@v6	2026-05-31T23:40:50.0092360Z [command]/usr/bin/git log -1 --format=%H
Check for Manual Version Changes	Run actions/checkout@v6	2026-05-31T23:40:50.0112965Z 013059defe6756ff07463a8bfc6529a19b2f3216
Check for Manual Version Changes	Check for version changes in package.json	﻿2026-05-31T23:40:50.0363302Z ##[group]Run node scripts/check-version.mjs
Check for Manual Version Changes	Check for version changes in package.json	2026-05-31T23:40:50.0365039Z ^[[36;1mnode scripts/check-version.mjs^[[0m
Check for Manual Version Changes	Check for version changes in package.json	2026-05-31T23:40:50.0399757Z shell: /usr/bin/bash -e {0}
Check for Manual Version Changes	Check for version changes in package.json	2026-05-31T23:40:50.0401093Z env:
Check for Manual Version Changes	Check for version changes in package.json	2026-05-31T23:40:50.0402207Z   GITHUB_HEAD_REF: issue-131-84c06d630fcf
Check for Manual Version Changes	Check for version changes in package.json	2026-05-31T23:40:50.0403656Z   GITHUB_BASE_REF: main
Check for Manual Version Changes	Check for version changes in package.json	2026-05-31T23:40:50.0404853Z ##[endgroup]
Check for Manual Version Changes	Check for version changes in package.json	2026-05-31T23:40:52.5037706Z Checking for manual version changes in package.json...
Check for Manual Version Changes	Check for version changes in package.json	2026-05-31T23:40:52.5038448Z 
Check for Manual Version Changes	Check for version changes in package.json	2026-05-31T23:40:52.5210172Z No manual version changes detected - check passed
Check for Manual Version Changes	Post Run actions/checkout@v6	﻿2026-05-31T23:40:52.5479641Z Post job cleanup.
Check for Manual Version Changes	Post Run actions/checkout@v6	2026-05-31T23:40:52.6338099Z [command]/usr/bin/git version
Check for Manual Version Changes	Post Run actions/checkout@v6	2026-05-31T23:40:52.6377274Z git version 2.54.0
Check for Manual Version Changes	Post Run actions/checkout@v6	2026-05-31T23:40:52.6452967Z Temporarily overriding HOME='/home/runner/work/_temp/a9435bcc-4b7e-4360-82c5-a00d1bf94434' before making global git config changes
Check for Manual Version Changes	Post Run actions/checkout@v6	2026-05-31T23:40:52.6454667Z Adding repository directory to the temporary git global config as a safe directory
Check for Manual Version Changes	Post Run actions/checkout@v6	2026-05-31T23:40:52.6459093Z [command]/usr/bin/git config --global --add safe.directory /home/runner/work/meta-expression/meta-expression
Check for Manual Version Changes	Post Run actions/checkout@v6	2026-05-31T23:40:52.6496020Z Removing SSH command configuration
Check for Manual Version Changes	Post Run actions/checkout@v6	2026-05-31T23:40:52.6503770Z [command]/usr/bin/git config --local --name-only --get-regexp core\.sshCommand
Check for Manual Version Changes	Post Run actions/checkout@v6	2026-05-31T23:40:52.6539970Z [command]/usr/bin/git submodule foreach --recursive sh -c "git config --local --name-only --get-regexp 'core\.sshCommand' && git config --local --unset-all 'core.sshCommand' || :"
Check for Manual Version Changes	Post Run actions/checkout@v6	2026-05-31T23:40:52.6771752Z Removing HTTP extra header
Check for Manual Version Changes	Post Run actions/checkout@v6	2026-05-31T23:40:52.6777705Z [command]/usr/bin/git config --local --name-only --get-regexp http\.https\:\/\/github\.com\/\.extraheader
Check for Manual Version Changes	Post Run actions/checkout@v6	2026-05-31T23:40:52.6814110Z [command]/usr/bin/git submodule foreach --recursive sh -c "git config --local --name-only --get-regexp 'http\.https\:\/\/github\.com\/\.extraheader' && git config --local --unset-all 'http.https://github.com/.extraheader' || :"
Check for Manual Version Changes	Post Run actions/checkout@v6	2026-05-31T23:40:52.7042176Z Removing includeIf entries pointing to credentials config files
Check for Manual Version Changes	Post Run actions/checkout@v6	2026-05-31T23:40:52.7049393Z [command]/usr/bin/git config --local --name-only --get-regexp ^includeIf\.gitdir:
Check for Manual Version Changes	Post Run actions/checkout@v6	2026-05-31T23:40:52.7082287Z includeif.gitdir:/home/runner/work/meta-expression/meta-expression/.git.path
Check for Manual Version Changes	Post Run actions/checkout@v6	2026-05-31T23:40:52.7083316Z includeif.gitdir:/home/runner/work/meta-expression/meta-expression/.git/worktrees/*.path
Check for Manual Version Changes	Post Run actions/checkout@v6	2026-05-31T23:40:52.7083878Z includeif.gitdir:/github/workspace/.git.path
Check for Manual Version Changes	Post Run actions/checkout@v6	2026-05-31T23:40:52.7084377Z includeif.gitdir:/github/workspace/.git/worktrees/*.path
Check for Manual Version Changes	Post Run actions/checkout@v6	2026-05-31T23:40:52.7093853Z [command]/usr/bin/git config --local --get-all includeif.gitdir:/home/runner/work/meta-expression/meta-expression/.git.path
Check for Manual Version Changes	Post Run actions/checkout@v6	2026-05-31T23:40:52.7117963Z /home/runner/work/_temp/git-credentials-5eb295c3-495c-49b1-b41d-293b1189401a.config
Check for Manual Version Changes	Post Run actions/checkout@v6	2026-05-31T23:40:52.7129916Z [command]/usr/bin/git config --local --unset includeif.gitdir:/home/runner/work/meta-expression/meta-expression/.git.path /home/runner/work/_temp/git-credentials-5eb295c3-495c-49b1-b41d-293b1189401a.config
Check for Manual Version Changes	Post Run actions/checkout@v6	2026-05-31T23:40:52.7169256Z [command]/usr/bin/git config --local --get-all includeif.gitdir:/home/runner/work/meta-expression/meta-expression/.git/worktrees/*.path
Check for Manual Version Changes	Post Run actions/checkout@v6	2026-05-31T23:40:52.7194034Z /home/runner/work/_temp/git-credentials-5eb295c3-495c-49b1-b41d-293b1189401a.config
Check for Manual Version Changes	Post Run actions/checkout@v6	2026-05-31T23:40:52.7204470Z [command]/usr/bin/git config --local --unset includeif.gitdir:/home/runner/work/meta-expression/meta-expression/.git/worktrees/*.path /home/runner/work/_temp/git-credentials-5eb295c3-495c-49b1-b41d-293b1189401a.config
Check for Manual Version Changes	Post Run actions/checkout@v6	2026-05-31T23:40:52.7236446Z [command]/usr/bin/git config --local --get-all includeif.gitdir:/github/workspace/.git.path
Check for Manual Version Changes	Post Run actions/checkout@v6	2026-05-31T23:40:52.7259138Z /github/runner_temp/git-credentials-5eb295c3-495c-49b1-b41d-293b1189401a.config
Check for Manual Version Changes	Post Run actions/checkout@v6	2026-05-31T23:40:52.7269214Z [command]/usr/bin/git config --local --unset includeif.gitdir:/github/workspace/.git.path /github/runner_temp/git-credentials-5eb295c3-495c-49b1-b41d-293b1189401a.config
Check for Manual Version Changes	Post Run actions/checkout@v6	2026-05-31T23:40:52.7302706Z [command]/usr/bin/git config --local --get-all includeif.gitdir:/github/workspace/.git/worktrees/*.path
Check for Manual Version Changes	Post Run actions/checkout@v6	2026-05-31T23:40:52.7326915Z /github/runner_temp/git-credentials-5eb295c3-495c-49b1-b41d-293b1189401a.config
Check for Manual Version Changes	Post Run actions/checkout@v6	2026-05-31T23:40:52.7335386Z [command]/usr/bin/git config --local --unset includeif.gitdir:/github/workspace/.git/worktrees/*.path /github/runner_temp/git-credentials-5eb295c3-495c-49b1-b41d-293b1189401a.config
Check for Manual Version Changes	Post Run actions/checkout@v6	2026-05-31T23:40:52.7370577Z [command]/usr/bin/git submodule foreach --recursive git config --local --show-origin --name-only --get-regexp remote.origin.url
Check for Manual Version Changes	Post Run actions/checkout@v6	2026-05-31T23:40:52.7599160Z Removing credentials config '/home/runner/work/_temp/git-credentials-5eb295c3-495c-49b1-b41d-293b1189401a.config'
Check for Manual Version Changes	Complete job	﻿2026-05-31T23:40:52.7739551Z Cleaning up orphan processes
Check JS/Rust Parity	UNKNOWN STEP	﻿2026-05-31T23:40:46.5411799Z Current runner version: '2.334.0'
Check JS/Rust Parity	UNKNOWN STEP	2026-05-31T23:40:46.5441116Z ##[group]Runner Image Provisioner
Check JS/Rust Parity	UNKNOWN STEP	2026-05-31T23:40:46.5442051Z Hosted Compute Agent
Check JS/Rust Parity	UNKNOWN STEP	2026-05-31T23:40:46.5442748Z Version: 20260520.533
Check JS/Rust Parity	UNKNOWN STEP	2026-05-31T23:40:46.5443448Z Commit: 189110e25284a9812c124fd27b339e2fb4f2f9db
Check JS/Rust Parity	UNKNOWN STEP	2026-05-31T23:40:46.5444195Z Build Date: 2026-05-20T17:44:04Z
Check JS/Rust Parity	UNKNOWN STEP	2026-05-31T23:40:46.5444959Z Worker ID: {74bfe098-7bf2-4f4c-9021-fa4b23073923}
Check JS/Rust Parity	UNKNOWN STEP	2026-05-31T23:40:46.5445953Z Azure Region: eastus2
Check JS/Rust Parity	UNKNOWN STEP	2026-05-31T23:40:46.5446587Z ##[endgroup]
Check JS/Rust Parity	UNKNOWN STEP	2026-05-31T23:40:46.5448419Z ##[group]Operating System
Check JS/Rust Parity	UNKNOWN STEP	2026-05-31T23:40:46.5449098Z Ubuntu
Check JS/Rust Parity	UNKNOWN STEP	2026-05-31T23:40:46.5449787Z 24.04.4
Check JS/Rust Parity	UNKNOWN STEP	2026-05-31T23:40:46.5450372Z LTS
Check JS/Rust Parity	UNKNOWN STEP	2026-05-31T23:40:46.5450896Z ##[endgroup]
Check JS/Rust Parity	UNKNOWN STEP	2026-05-31T23:40:46.5451585Z ##[group]Runner Image
Check JS/Rust Parity	UNKNOWN STEP	2026-05-31T23:40:46.5452230Z Image: ubuntu-24.04
Check JS/Rust Parity	UNKNOWN STEP	2026-05-31T23:40:46.5453008Z Version: 20260525.161.1
Check JS/Rust Parity	UNKNOWN STEP	2026-05-31T23:40:46.5454845Z Included Software: https://github.com/actions/runner-images/blob/ubuntu24/20260525.161/images/ubuntu/Ubuntu2404-Readme.md
Check JS/Rust Parity	UNKNOWN STEP	2026-05-31T23:40:46.5457514Z Image Release: https://github.com/actions/runner-images/releases/tag/ubuntu24%2F20260525.161
Check JS/Rust Parity	UNKNOWN STEP	2026-05-31T23:40:46.5459065Z ##[endgroup]
Check JS/Rust Parity	UNKNOWN STEP	2026-05-31T23:40:46.5463874Z ##[group]GITHUB_TOKEN Permissions
Check JS/Rust Parity	UNKNOWN STEP	2026-05-31T23:40:46.5467762Z Actions: write
Check JS/Rust Parity	UNKNOWN STEP	2026-05-31T23:40:46.5468830Z ArtifactMetadata: write
Check JS/Rust Parity	UNKNOWN STEP	2026-05-31T23:40:46.5469725Z Attestations: write
Check JS/Rust Parity	UNKNOWN STEP	2026-05-31T23:40:46.5470560Z Checks: write
Check JS/Rust Parity	UNKNOWN STEP	2026-05-31T23:40:46.5471568Z CodeQuality: write
Check JS/Rust Parity	UNKNOWN STEP	2026-05-31T23:40:46.5472410Z Contents: write
Check JS/Rust Parity	UNKNOWN STEP	2026-05-31T23:40:46.5473321Z Deployments: write
Check JS/Rust Parity	UNKNOWN STEP	2026-05-31T23:40:46.5474256Z Discussions: write
Check JS/Rust Parity	UNKNOWN STEP	2026-05-31T23:40:46.5475094Z Issues: write
Check JS/Rust Parity	UNKNOWN STEP	2026-05-31T23:40:46.5476168Z Metadata: read
Check JS/Rust Parity	UNKNOWN STEP	2026-05-31T23:40:46.5476953Z Models: read
Check JS/Rust Parity	UNKNOWN STEP	2026-05-31T23:40:46.5477715Z Packages: write
Check JS/Rust Parity	UNKNOWN STEP	2026-05-31T23:40:46.5478775Z Pages: write
Check JS/Rust Parity	UNKNOWN STEP	2026-05-31T23:40:46.5479619Z PullRequests: write
Check JS/Rust Parity	UNKNOWN STEP	2026-05-31T23:40:46.5480606Z RepositoryProjects: write
Check JS/Rust Parity	UNKNOWN STEP	2026-05-31T23:40:46.5481526Z SecurityEvents: write
Check JS/Rust Parity	UNKNOWN STEP	2026-05-31T23:40:46.5482469Z Statuses: write
Check JS/Rust Parity	UNKNOWN STEP	2026-05-31T23:40:46.5483421Z VulnerabilityAlerts: read
Check JS/Rust Parity	UNKNOWN STEP	2026-05-31T23:40:46.5484153Z ##[endgroup]
Check JS/Rust Parity	UNKNOWN STEP	2026-05-31T23:40:46.5486992Z Secret source: Actions
Check JS/Rust Parity	UNKNOWN STEP	2026-05-31T23:40:46.5488046Z Prepare workflow directory
Check JS/Rust Parity	UNKNOWN STEP	2026-05-31T23:40:46.5835154Z Prepare all required actions
Check JS/Rust Parity	UNKNOWN STEP	2026-05-31T23:40:46.5874573Z Getting action download info
Check JS/Rust Parity	UNKNOWN STEP	2026-05-31T23:40:46.9199700Z Download action repository 'actions/checkout@v6' (SHA:de0fac2e4500dabe0009e67214ff5f5447ce83dd)
Check JS/Rust Parity	UNKNOWN STEP	2026-05-31T23:40:47.1261086Z Download action repository 'actions/setup-node@v6' (SHA:48b55a011bda9f5d6aeb4c2d9c7362e8dae4041e)
Check JS/Rust Parity	UNKNOWN STEP	2026-05-31T23:40:47.3458962Z Complete job name: Check JS/Rust Parity
Check JS/Rust Parity	UNKNOWN STEP	2026-05-31T23:40:47.4202133Z ##[group]Run actions/checkout@v6
Check JS/Rust Parity	UNKNOWN STEP	2026-05-31T23:40:47.4203050Z with:
Check JS/Rust Parity	UNKNOWN STEP	2026-05-31T23:40:47.4203578Z   ref: 13c36686c6d21fdc95652a52f8d4000724435a59
Check JS/Rust Parity	UNKNOWN STEP	2026-05-31T23:40:47.4204238Z   fetch-depth: 0
Check JS/Rust Parity	UNKNOWN STEP	2026-05-31T23:40:47.4204768Z   repository: link-assistant/meta-expression
Check JS/Rust Parity	UNKNOWN STEP	2026-05-31T23:40:47.4210114Z   token: ***
Check JS/Rust Parity	UNKNOWN STEP	2026-05-31T23:40:47.4210613Z   ssh-strict: true
Check JS/Rust Parity	UNKNOWN STEP	2026-05-31T23:40:47.4211127Z   ssh-user: git
Check JS/Rust Parity	UNKNOWN STEP	2026-05-31T23:40:47.4211623Z   persist-credentials: true
Check JS/Rust Parity	UNKNOWN STEP	2026-05-31T23:40:47.4212165Z   clean: true
Check JS/Rust Parity	UNKNOWN STEP	2026-05-31T23:40:47.4212659Z   sparse-checkout-cone-mode: true
Check JS/Rust Parity	UNKNOWN STEP	2026-05-31T23:40:47.4213227Z   fetch-tags: false
Check JS/Rust Parity	UNKNOWN STEP	2026-05-31T23:40:47.4213736Z   show-progress: true
Check JS/Rust Parity	UNKNOWN STEP	2026-05-31T23:40:47.4214224Z   lfs: false
Check JS/Rust Parity	UNKNOWN STEP	2026-05-31T23:40:47.4214680Z   submodules: false
Check JS/Rust Parity	UNKNOWN STEP	2026-05-31T23:40:47.4215164Z   set-safe-directory: true
Check JS/Rust Parity	UNKNOWN STEP	2026-05-31T23:40:47.4216132Z ##[endgroup]
Check JS/Rust Parity	UNKNOWN STEP	2026-05-31T23:40:47.5222382Z Syncing repository: link-assistant/meta-expression
Check JS/Rust Parity	UNKNOWN STEP	2026-05-31T23:40:47.5224963Z ##[group]Getting Git version info
Check JS/Rust Parity	UNKNOWN STEP	2026-05-31T23:40:47.5226517Z Working directory is '/home/runner/work/meta-expression/meta-expression'
Check JS/Rust Parity	UNKNOWN STEP	2026-05-31T23:40:47.5228056Z [command]/usr/bin/git version
Check JS/Rust Parity	UNKNOWN STEP	2026-05-31T23:40:47.5246502Z git version 2.54.0
Check JS/Rust Parity	UNKNOWN STEP	2026-05-31T23:40:47.5301103Z ##[endgroup]
Check JS/Rust Parity	UNKNOWN STEP	2026-05-31T23:40:47.5315956Z Temporarily overriding HOME='/home/runner/work/_temp/1b11380a-337c-4a3e-b128-2ccb5e62dcdb' before making global git config changes
Check JS/Rust Parity	UNKNOWN STEP	2026-05-31T23:40:47.5319305Z Adding repository directory to the temporary git global config as a safe directory
Check JS/Rust Parity	UNKNOWN STEP	2026-05-31T23:40:47.5322477Z [command]/usr/bin/git config --global --add safe.directory /home/runner/work/meta-expression/meta-expression
Check JS/Rust Parity	UNKNOWN STEP	2026-05-31T23:40:47.5367176Z Deleting the contents of '/home/runner/work/meta-expression/meta-expression'
Check JS/Rust Parity	UNKNOWN STEP	2026-05-31T23:40:47.5371626Z ##[group]Initializing the repository
Check JS/Rust Parity	UNKNOWN STEP	2026-05-31T23:40:47.5376620Z [command]/usr/bin/git init /home/runner/work/meta-expression/meta-expression
Check JS/Rust Parity	UNKNOWN STEP	2026-05-31T23:40:47.5449915Z hint: Using 'master' as the name for the initial branch. This default branch name
Check JS/Rust Parity	UNKNOWN STEP	2026-05-31T23:40:47.5452086Z hint: will change to "main" in Git 3.0. To configure the initial branch name
Check JS/Rust Parity	UNKNOWN STEP	2026-05-31T23:40:47.5454112Z hint: to use in all of your new repositories, which will suppress this warning,
Check JS/Rust Parity	UNKNOWN STEP	2026-05-31T23:40:47.5455990Z hint: call:
Check JS/Rust Parity	UNKNOWN STEP	2026-05-31T23:40:47.5457155Z hint:
Check JS/Rust Parity	UNKNOWN STEP	2026-05-31T23:40:47.5458393Z hint: 	git config --global init.defaultBranch <name>
Check JS/Rust Parity	UNKNOWN STEP	2026-05-31T23:40:47.5459967Z hint:
Check JS/Rust Parity	UNKNOWN STEP	2026-05-31T23:40:47.5461352Z hint: Names commonly chosen instead of 'master' are 'main', 'trunk' and
Check JS/Rust Parity	UNKNOWN STEP	2026-05-31T23:40:47.5464603Z hint: 'development'. The just-created branch can be renamed via this command:
Check JS/Rust Parity	UNKNOWN STEP	2026-05-31T23:40:47.5466798Z hint:
Check JS/Rust Parity	UNKNOWN STEP	2026-05-31T23:40:47.5467835Z hint: 	git branch -m <name>
Check JS/Rust Parity	UNKNOWN STEP	2026-05-31T23:40:47.5469342Z hint:
Check JS/Rust Parity	UNKNOWN STEP	2026-05-31T23:40:47.5471143Z hint: Disable this message with "git config set advice.defaultBranchName false"
Check JS/Rust Parity	UNKNOWN STEP	2026-05-31T23:40:47.5473678Z Initialized empty Git repository in /home/runner/work/meta-expression/meta-expression/.git/
Check JS/Rust Parity	UNKNOWN STEP	2026-05-31T23:40:47.5478433Z [command]/usr/bin/git remote add origin https://github.com/link-assistant/meta-expression
Check JS/Rust Parity	UNKNOWN STEP	2026-05-31T23:40:47.5505725Z ##[endgroup]
Check JS/Rust Parity	UNKNOWN STEP	2026-05-31T23:40:47.5507244Z ##[group]Disabling automatic garbage collection
Check JS/Rust Parity	UNKNOWN STEP	2026-05-31T23:40:47.5511205Z [command]/usr/bin/git config --local gc.auto 0
Check JS/Rust Parity	UNKNOWN STEP	2026-05-31T23:40:47.5542223Z ##[endgroup]
Check JS/Rust Parity	UNKNOWN STEP	2026-05-31T23:40:47.5543695Z ##[group]Setting up auth
Check JS/Rust Parity	UNKNOWN STEP	2026-05-31T23:40:47.5549437Z Removing SSH command configuration
Check JS/Rust Parity	UNKNOWN STEP	2026-05-31T23:40:47.5557017Z [command]/usr/bin/git config --local --name-only --get-regexp core\.sshCommand
Check JS/Rust Parity	UNKNOWN STEP	2026-05-31T23:40:47.5586983Z [command]/usr/bin/git submodule foreach --recursive sh -c "git config --local --name-only --get-regexp 'core\.sshCommand' && git config --local --unset-all 'core.sshCommand' || :"
Check JS/Rust Parity	UNKNOWN STEP	2026-05-31T23:40:47.5935364Z Removing HTTP extra header
Check JS/Rust Parity	UNKNOWN STEP	2026-05-31T23:40:47.5939650Z [command]/usr/bin/git config --local --name-only --get-regexp http\.https\:\/\/github\.com\/\.extraheader
Check JS/Rust Parity	UNKNOWN STEP	2026-05-31T23:40:47.5975668Z [command]/usr/bin/git submodule foreach --recursive sh -c "git config --local --name-only --get-regexp 'http\.https\:\/\/github\.com\/\.extraheader' && git config --local --unset-all 'http.https://github.com/.extraheader' || :"
Check JS/Rust Parity	UNKNOWN STEP	2026-05-31T23:40:47.6221030Z Removing includeIf entries pointing to credentials config files
Check JS/Rust Parity	UNKNOWN STEP	2026-05-31T23:40:47.6222165Z [command]/usr/bin/git config --local --name-only --get-regexp ^includeIf\.gitdir:
Check JS/Rust Parity	UNKNOWN STEP	2026-05-31T23:40:47.6257674Z [command]/usr/bin/git submodule foreach --recursive git config --local --show-origin --name-only --get-regexp remote.origin.url
Check JS/Rust Parity	UNKNOWN STEP	2026-05-31T23:40:47.6519407Z [command]/usr/bin/git config --file /home/runner/work/_temp/git-credentials-de919376-9759-477b-a709-ac4a8d1d8bf5.config http.https://github.com/.extraheader AUTHORIZATION: basic ***
Check JS/Rust Parity	UNKNOWN STEP	2026-05-31T23:40:47.6560668Z [command]/usr/bin/git config --local includeIf.gitdir:/home/runner/work/meta-expression/meta-expression/.git.path /home/runner/work/_temp/git-credentials-de919376-9759-477b-a709-ac4a8d1d8bf5.config
Check JS/Rust Parity	UNKNOWN STEP	2026-05-31T23:40:47.6593388Z [command]/usr/bin/git config --local includeIf.gitdir:/home/runner/work/meta-expression/meta-expression/.git/worktrees/*.path /home/runner/work/_temp/git-credentials-de919376-9759-477b-a709-ac4a8d1d8bf5.config
Check JS/Rust Parity	UNKNOWN STEP	2026-05-31T23:40:47.6627529Z [command]/usr/bin/git config --local includeIf.gitdir:/github/workspace/.git.path /github/runner_temp/git-credentials-de919376-9759-477b-a709-ac4a8d1d8bf5.config
Check JS/Rust Parity	UNKNOWN STEP	2026-05-31T23:40:47.6664550Z [command]/usr/bin/git config --local includeIf.gitdir:/github/workspace/.git/worktrees/*.path /github/runner_temp/git-credentials-de919376-9759-477b-a709-ac4a8d1d8bf5.config
Check JS/Rust Parity	UNKNOWN STEP	2026-05-31T23:40:47.6692911Z ##[endgroup]
Check JS/Rust Parity	UNKNOWN STEP	2026-05-31T23:40:47.6693890Z ##[group]Fetching the repository
Check JS/Rust Parity	UNKNOWN STEP	2026-05-31T23:40:47.6701042Z [command]/usr/bin/git -c protocol.version=2 fetch --no-tags --prune --no-recurse-submodules origin +refs/heads/*:refs/remotes/origin/* +refs/tags/*:refs/tags/*
Check JS/Rust Parity	UNKNOWN STEP	2026-05-31T23:40:48.6976636Z From https://github.com/link-assistant/meta-expression
Check JS/Rust Parity	UNKNOWN STEP	2026-05-31T23:40:48.6979143Z  * [new branch]      issue-1-66f2990709b5   -> origin/issue-1-66f2990709b5
Check JS/Rust Parity	UNKNOWN STEP	2026-05-31T23:40:48.6980704Z  * [new branch]      issue-108-9ec72bf0c00d -> origin/issue-108-9ec72bf0c00d
Check JS/Rust Parity	UNKNOWN STEP	2026-05-31T23:40:48.6982153Z  * [new branch]      issue-109-59194c3f9440 -> origin/issue-109-59194c3f9440
Check JS/Rust Parity	UNKNOWN STEP	2026-05-31T23:40:48.6983585Z  * [new branch]      issue-11-9475e456ab10  -> origin/issue-11-9475e456ab10
Check JS/Rust Parity	UNKNOWN STEP	2026-05-31T23:40:48.6985027Z  * [new branch]      issue-110-9276996a2025 -> origin/issue-110-9276996a2025
Check JS/Rust Parity	UNKNOWN STEP	2026-05-31T23:40:48.6986901Z  * [new branch]      issue-111-bbd90b48d3d4 -> origin/issue-111-bbd90b48d3d4
Check JS/Rust Parity	UNKNOWN STEP	2026-05-31T23:40:48.6988615Z  * [new branch]      issue-112-c3cd1e55fea7 -> origin/issue-112-c3cd1e55fea7
Check JS/Rust Parity	UNKNOWN STEP	2026-05-31T23:40:48.6990345Z  * [new branch]      issue-113-ca491d8b7b96 -> origin/issue-113-ca491d8b7b96
Check JS/Rust Parity	UNKNOWN STEP	2026-05-31T23:40:48.6992233Z  * [new branch]      issue-114-d0e88e43d42d -> origin/issue-114-d0e88e43d42d
Check JS/Rust Parity	UNKNOWN STEP	2026-05-31T23:40:48.6993970Z  * [new branch]      issue-115-96ea7e0ff041 -> origin/issue-115-96ea7e0ff041
Check JS/Rust Parity	UNKNOWN STEP	2026-05-31T23:40:48.6996075Z  * [new branch]      issue-116-a642ebf04bb5 -> origin/issue-116-a642ebf04bb5
Check JS/Rust Parity	UNKNOWN STEP	2026-05-31T23:40:48.6997953Z  * [new branch]      issue-126-e1ac50244d41 -> origin/issue-126-e1ac50244d41
Check JS/Rust Parity	UNKNOWN STEP	2026-05-31T23:40:48.6999720Z  * [new branch]      issue-128-41095a0f356d -> origin/issue-128-41095a0f356d
Check JS/Rust Parity	UNKNOWN STEP	2026-05-31T23:40:48.7001772Z  * [new branch]      issue-128-fed1f7a14626 -> origin/issue-128-fed1f7a14626
Check JS/Rust Parity	UNKNOWN STEP	2026-05-31T23:40:48.7003889Z  * [new branch]      issue-13-0a4fc458320f  -> origin/issue-13-0a4fc458320f
Check JS/Rust Parity	UNKNOWN STEP	2026-05-31T23:40:48.7006059Z  * [new branch]      issue-131-84c06d630fcf -> origin/issue-131-84c06d630fcf
Check JS/Rust Parity	UNKNOWN STEP	2026-05-31T23:40:48.7008199Z  * [new branch]      issue-15-01d48bf15beb  -> origin/issue-15-01d48bf15beb
Check JS/Rust Parity	UNKNOWN STEP	2026-05-31T23:40:48.7010947Z  * [new branch]      issue-16-a4cb3c8415b5  -> origin/issue-16-a4cb3c8415b5
Check JS/Rust Parity	UNKNOWN STEP	2026-05-31T23:40:48.7014024Z  * [new branch]      issue-17-e37119ec7e2e  -> origin/issue-17-e37119ec7e2e
Check JS/Rust Parity	UNKNOWN STEP	2026-05-31T23:40:48.7017742Z  * [new branch]      issue-18-f441191a8b86  -> origin/issue-18-f441191a8b86
Check JS/Rust Parity	UNKNOWN STEP	2026-05-31T23:40:48.7020996Z  * [new branch]      issue-20-5e25c435fda3  -> origin/issue-20-5e25c435fda3
Check JS/Rust Parity	UNKNOWN STEP	2026-05-31T23:40:48.7024551Z  * [new branch]      issue-21-12a11b28b6e5  -> origin/issue-21-12a11b28b6e5
Check JS/Rust Parity	UNKNOWN STEP	2026-05-31T23:40:48.7027749Z  * [new branch]      issue-23-0aed78e996ae  -> origin/issue-23-0aed78e996ae
Check JS/Rust Parity	UNKNOWN STEP	2026-05-31T23:40:48.7030126Z  * [new branch]      issue-26-2cbee1cb1be5  -> origin/issue-26-2cbee1cb1be5
Check JS/Rust Parity	UNKNOWN STEP	2026-05-31T23:40:48.7032527Z  * [new branch]      issue-27-77fbe1d5f177  -> origin/issue-27-77fbe1d5f177
Check JS/Rust Parity	UNKNOWN STEP	2026-05-31T23:40:48.7034884Z  * [new branch]      issue-29-e5195b346fed  -> origin/issue-29-e5195b346fed
Check JS/Rust Parity	UNKNOWN STEP	2026-05-31T23:40:48.7037514Z  * [new branch]      issue-3-130348eb2e36   -> origin/issue-3-130348eb2e36
Check JS/Rust Parity	UNKNOWN STEP	2026-05-31T23:40:48.7039808Z  * [new branch]      issue-35-c9dc0853f1a0  -> origin/issue-35-c9dc0853f1a0
Check JS/Rust Parity	UNKNOWN STEP	2026-05-31T23:40:48.7042236Z  * [new branch]      issue-37-8620cc7da08c  -> origin/issue-37-8620cc7da08c
Check JS/Rust Parity	UNKNOWN STEP	2026-05-31T23:40:48.7044724Z  * [new branch]      issue-39-6eee7e3da635  -> origin/issue-39-6eee7e3da635
Check JS/Rust Parity	UNKNOWN STEP	2026-05-31T23:40:48.7047225Z  * [new branch]      issue-41-89dc6245cc78  -> origin/issue-41-89dc6245cc78
Check JS/Rust Parity	UNKNOWN STEP	2026-05-31T23:40:48.7049506Z  * [new branch]      issue-43-5b7a25fd4491  -> origin/issue-43-5b7a25fd4491
Check JS/Rust Parity	UNKNOWN STEP	2026-05-31T23:40:48.7051758Z  * [new branch]      issue-48-3cc022473812  -> origin/issue-48-3cc022473812
Check JS/Rust Parity	UNKNOWN STEP	2026-05-31T23:40:48.7054007Z  * [new branch]      issue-5-2c7b23a3dfee   -> origin/issue-5-2c7b23a3dfee
Check JS/Rust Parity	UNKNOWN STEP	2026-05-31T23:40:48.7056669Z  * [new branch]      issue-50-125a6780a77b  -> origin/issue-50-125a6780a77b
Check JS/Rust Parity	UNKNOWN STEP	2026-05-31T23:40:48.7058935Z  * [new branch]      issue-52-14d124fa6a47  -> origin/issue-52-14d124fa6a47
Check JS/Rust Parity	UNKNOWN STEP	2026-05-31T23:40:48.7061210Z  * [new branch]      issue-54-d4e0c163ea88  -> origin/issue-54-d4e0c163ea88
Check JS/Rust Parity	UNKNOWN STEP	2026-05-31T23:40:48.7063451Z  * [new branch]      issue-56-7b4471a86c0c  -> origin/issue-56-7b4471a86c0c
Check JS/Rust Parity	UNKNOWN STEP	2026-05-31T23:40:48.7065879Z  * [new branch]      issue-58-4fd21cb80249  -> origin/issue-58-4fd21cb80249
Check JS/Rust Parity	UNKNOWN STEP	2026-05-31T23:40:48.7068173Z  * [new branch]      issue-60-b3b07b32a4f2  -> origin/issue-60-b3b07b32a4f2
Check JS/Rust Parity	UNKNOWN STEP	2026-05-31T23:40:48.7070442Z  * [new branch]      issue-61-f445f6ea7071  -> origin/issue-61-f445f6ea7071
Check JS/Rust Parity	UNKNOWN STEP	2026-05-31T23:40:48.7072697Z  * [new branch]      issue-62-29076fab68e4  -> origin/issue-62-29076fab68e4
Check JS/Rust Parity	UNKNOWN STEP	2026-05-31T23:40:48.7074924Z  * [new branch]      issue-63-3dec45ca24c4  -> origin/issue-63-3dec45ca24c4
Check JS/Rust Parity	UNKNOWN STEP	2026-05-31T23:40:48.7077260Z  * [new branch]      issue-64-e00c5810edcd  -> origin/issue-64-e00c5810edcd
Check JS/Rust Parity	UNKNOWN STEP	2026-05-31T23:40:48.7079444Z  * [new branch]      issue-65-4c2d1e1c1926  -> origin/issue-65-4c2d1e1c1926
Check JS/Rust Parity	UNKNOWN STEP	2026-05-31T23:40:48.7081605Z  * [new branch]      issue-66-efa2706d57bf  -> origin/issue-66-efa2706d57bf
Check JS/Rust Parity	UNKNOWN STEP	2026-05-31T23:40:48.7083744Z  * [new branch]      issue-67-cbc1c5ac4ed2  -> origin/issue-67-cbc1c5ac4ed2
Check JS/Rust Parity	UNKNOWN STEP	2026-05-31T23:40:48.7086114Z  * [new branch]      issue-68-08241e2554cb  -> origin/issue-68-08241e2554cb
Check JS/Rust Parity	UNKNOWN STEP	2026-05-31T23:40:48.7088289Z  * [new branch]      issue-69-420bc440686f  -> origin/issue-69-420bc440686f
Check JS/Rust Parity	UNKNOWN STEP	2026-05-31T23:40:48.7090444Z  * [new branch]      issue-7-c2cf5051240a   -> origin/issue-7-c2cf5051240a
Check JS/Rust Parity	UNKNOWN STEP	2026-05-31T23:40:48.7092552Z  * [new branch]      issue-70-2f41021b3b88  -> origin/issue-70-2f41021b3b88
Check JS/Rust Parity	UNKNOWN STEP	2026-05-31T23:40:48.7094657Z  * [new branch]      issue-71-213699cb7a07  -> origin/issue-71-213699cb7a07
Check JS/Rust Parity	UNKNOWN STEP	2026-05-31T23:40:48.7096941Z  * [new branch]      issue-72-f280d3968ee3  -> origin/issue-72-f280d3968ee3
Check JS/Rust Parity	UNKNOWN STEP	2026-05-31T23:40:48.7099774Z  * [new branch]      issue-73-a48e9ea13ed4  -> origin/issue-73-a48e9ea13ed4
Check JS/Rust Parity	UNKNOWN STEP	2026-05-31T23:40:48.7102755Z  * [new branch]      issue-74-3fccc9cfd1e9  -> origin/issue-74-3fccc9cfd1e9
Check JS/Rust Parity	UNKNOWN STEP	2026-05-31T23:40:48.7104905Z  * [new branch]      issue-87-7cc151ec3bc6  -> origin/issue-87-7cc151ec3bc6
Check JS/Rust Parity	UNKNOWN STEP	2026-05-31T23:40:48.7107757Z  * [new branch]      issue-88-7fdca54b4623  -> origin/issue-88-7fdca54b4623
Check JS/Rust Parity	UNKNOWN STEP	2026-05-31T23:40:48.7110730Z  * [new branch]      issue-89-4d53f5773d5a  -> origin/issue-89-4d53f5773d5a
Check JS/Rust Parity	UNKNOWN STEP	2026-05-31T23:40:48.7113849Z  * [new branch]      issue-9-24bcebd55a5d   -> origin/issue-9-24bcebd55a5d
Check JS/Rust Parity	UNKNOWN STEP	2026-05-31T23:40:48.7117100Z  * [new branch]      issue-90-cabb5d305b6f  -> origin/issue-90-cabb5d305b6f
Check JS/Rust Parity	UNKNOWN STEP	2026-05-31T23:40:48.7120078Z  * [new branch]      issue-91-7228b4557dc6  -> origin/issue-91-7228b4557dc6
Check JS/Rust Parity	UNKNOWN STEP	2026-05-31T23:40:48.7122656Z  * [new branch]      issue-92-561ee90494aa  -> origin/issue-92-561ee90494aa
Check JS/Rust Parity	UNKNOWN STEP	2026-05-31T23:40:48.7124771Z  * [new branch]      issue-93-81850df7e6ef  -> origin/issue-93-81850df7e6ef
Check JS/Rust Parity	UNKNOWN STEP	2026-05-31T23:40:48.7127561Z  * [new branch]      issue-94-61bb8b947c61  -> origin/issue-94-61bb8b947c61
Check JS/Rust Parity	UNKNOWN STEP	2026-05-31T23:40:48.7129851Z  * [new branch]      issue-96-baaac01fda6b  -> origin/issue-96-baaac01fda6b
Check JS/Rust Parity	UNKNOWN STEP	2026-05-31T23:40:48.7131846Z  * [new branch]      main                   -> origin/main
Check JS/Rust Parity	UNKNOWN STEP	2026-05-31T23:40:48.7134072Z  * [new tag]         v0.10.0                -> v0.10.0
Check JS/Rust Parity	UNKNOWN STEP	2026-05-31T23:40:48.7136402Z  * [new tag]         v0.11.0                -> v0.11.0
Check JS/Rust Parity	UNKNOWN STEP	2026-05-31T23:40:48.7138541Z  * [new tag]         v0.12.0                -> v0.12.0
Check JS/Rust Parity	UNKNOWN STEP	2026-05-31T23:40:48.7144261Z [command]/usr/bin/git rev-parse --verify --quiet 13c36686c6d21fdc95652a52f8d4000724435a59^{object}
Check JS/Rust Parity	UNKNOWN STEP	2026-05-31T23:40:48.7156447Z 13c36686c6d21fdc95652a52f8d4000724435a59
Check JS/Rust Parity	UNKNOWN STEP	2026-05-31T23:40:48.7170076Z ##[endgroup]
Check JS/Rust Parity	UNKNOWN STEP	2026-05-31T23:40:48.7172507Z ##[group]Determining the checkout info
Check JS/Rust Parity	UNKNOWN STEP	2026-05-31T23:40:48.7175339Z ##[endgroup]
Check JS/Rust Parity	UNKNOWN STEP	2026-05-31T23:40:48.7177615Z [command]/usr/bin/git sparse-checkout disable
Check JS/Rust Parity	UNKNOWN STEP	2026-05-31T23:40:48.7215818Z [command]/usr/bin/git config --local --unset-all extensions.worktreeConfig
Check JS/Rust Parity	UNKNOWN STEP	2026-05-31T23:40:48.7248421Z ##[group]Checking out the ref
Check JS/Rust Parity	UNKNOWN STEP	2026-05-31T23:40:48.7251438Z [command]/usr/bin/git checkout --progress --force 13c36686c6d21fdc95652a52f8d4000724435a59
Check JS/Rust Parity	UNKNOWN STEP	2026-05-31T23:40:48.9001811Z Note: switching to '13c36686c6d21fdc95652a52f8d4000724435a59'.
Check JS/Rust Parity	UNKNOWN STEP	2026-05-31T23:40:48.9003827Z 
Check JS/Rust Parity	UNKNOWN STEP	2026-05-31T23:40:48.9005400Z You are in 'detached HEAD' state. You can look around, make experimental
Check JS/Rust Parity	UNKNOWN STEP	2026-05-31T23:40:48.9008947Z changes and commit them, and you can discard any commits you make in this
Check JS/Rust Parity	UNKNOWN STEP	2026-05-31T23:40:48.9012301Z state without impacting any branches by switching back to a branch.
Check JS/Rust Parity	UNKNOWN STEP	2026-05-31T23:40:48.9014279Z 
Check JS/Rust Parity	UNKNOWN STEP	2026-05-31T23:40:48.9015758Z If you want to create a new branch to retain commits you create, you may
Check JS/Rust Parity	UNKNOWN STEP	2026-05-31T23:40:48.9018851Z do so (now or later) by using -c with the switch command. Example:
Check JS/Rust Parity	UNKNOWN STEP	2026-05-31T23:40:48.9020681Z 
Check JS/Rust Parity	UNKNOWN STEP	2026-05-31T23:40:48.9021581Z   git switch -c <new-branch-name>
Check JS/Rust Parity	UNKNOWN STEP	2026-05-31T23:40:48.9022891Z 
Check JS/Rust Parity	UNKNOWN STEP	2026-05-31T23:40:48.9023552Z Or undo this operation with:
Check JS/Rust Parity	UNKNOWN STEP	2026-05-31T23:40:48.9024459Z 
Check JS/Rust Parity	UNKNOWN STEP	2026-05-31T23:40:48.9025058Z   git switch -
Check JS/Rust Parity	UNKNOWN STEP	2026-05-31T23:40:48.9026033Z 
Check JS/Rust Parity	UNKNOWN STEP	2026-05-31T23:40:48.9027352Z Turn off this advice by setting config variable advice.detachedHead to false
Check JS/Rust Parity	UNKNOWN STEP	2026-05-31T23:40:48.9028976Z 
Check JS/Rust Parity	UNKNOWN STEP	2026-05-31T23:40:48.9029596Z HEAD is now at 13c3668 Initial commit with task details
Check JS/Rust Parity	UNKNOWN STEP	2026-05-31T23:40:48.9033054Z ##[endgroup]
Check JS/Rust Parity	UNKNOWN STEP	2026-05-31T23:40:48.9081826Z [command]/usr/bin/git log -1 --format=%H
Check JS/Rust Parity	UNKNOWN STEP	2026-05-31T23:40:48.9110317Z 13c36686c6d21fdc95652a52f8d4000724435a59
Check JS/Rust Parity	UNKNOWN STEP	2026-05-31T23:40:48.9432683Z ##[group]Run git fetch --no-tags --depth=1 origin "$GITHUB_BASE_SHA"
Check JS/Rust Parity	UNKNOWN STEP	2026-05-31T23:40:48.9433928Z ^[[36;1mgit fetch --no-tags --depth=1 origin "$GITHUB_BASE_SHA"^[[0m
Check JS/Rust Parity	UNKNOWN STEP	2026-05-31T23:40:48.9468704Z shell: /usr/bin/bash -e {0}
Check JS/Rust Parity	UNKNOWN STEP	2026-05-31T23:40:48.9469579Z env:
Check JS/Rust Parity	UNKNOWN STEP	2026-05-31T23:40:48.9470447Z   GITHUB_BASE_SHA: 31459438fca6525575167930fa8f9d1161b491ee
Check JS/Rust Parity	UNKNOWN STEP	2026-05-31T23:40:48.9471391Z ##[endgroup]
Check JS/Rust Parity	UNKNOWN STEP	2026-05-31T23:40:49.1444952Z From https://github.com/link-assistant/meta-expression
Check JS/Rust Parity	UNKNOWN STEP	2026-05-31T23:40:49.1446729Z  * branch            31459438fca6525575167930fa8f9d1161b491ee -> FETCH_HEAD
Check JS/Rust Parity	UNKNOWN STEP	2026-05-31T23:40:49.1622497Z ##[group]Run actions/setup-node@v6
Check JS/Rust Parity	UNKNOWN STEP	2026-05-31T23:40:49.1623382Z with:
Check JS/Rust Parity	UNKNOWN STEP	2026-05-31T23:40:49.1624151Z   node-version: 24.x
Check JS/Rust Parity	UNKNOWN STEP	2026-05-31T23:40:49.1624962Z   check-latest: false
Check JS/Rust Parity	UNKNOWN STEP	2026-05-31T23:40:49.1628999Z   token: ***
Check JS/Rust Parity	UNKNOWN STEP	2026-05-31T23:40:49.1629814Z   package-manager-cache: true
Check JS/Rust Parity	UNKNOWN STEP	2026-05-31T23:40:49.1630665Z ##[endgroup]
Check JS/Rust Parity	UNKNOWN STEP	2026-05-31T23:40:49.3156497Z Found in cache @ /opt/hostedtoolcache/node/24.16.0/x64
Check JS/Rust Parity	UNKNOWN STEP	2026-05-31T23:40:49.3161029Z ##[group]Environment details
Check JS/Rust Parity	UNKNOWN STEP	2026-05-31T23:40:51.4610466Z node: v24.16.0
Check JS/Rust Parity	UNKNOWN STEP	2026-05-31T23:40:51.4610994Z npm: 11.13.0
Check JS/Rust Parity	UNKNOWN STEP	2026-05-31T23:40:51.4611361Z yarn: 1.22.22
Check JS/Rust Parity	UNKNOWN STEP	2026-05-31T23:40:51.4612217Z ##[endgroup]
Check JS/Rust Parity	UNKNOWN STEP	2026-05-31T23:40:51.4743648Z ##[group]Run node scripts/check-js-rust-parity.mjs
Check JS/Rust Parity	UNKNOWN STEP	2026-05-31T23:40:51.4744072Z ^[[36;1mnode scripts/check-js-rust-parity.mjs^[[0m
Check JS/Rust Parity	UNKNOWN STEP	2026-05-31T23:40:51.4778258Z shell: /usr/bin/bash -e {0}
Check JS/Rust Parity	UNKNOWN STEP	2026-05-31T23:40:51.4778542Z env:
Check JS/Rust Parity	UNKNOWN STEP	2026-05-31T23:40:51.4778815Z   GITHUB_BASE_SHA: 31459438fca6525575167930fa8f9d1161b491ee
Check JS/Rust Parity	UNKNOWN STEP	2026-05-31T23:40:51.4779203Z   GITHUB_HEAD_SHA: 13c36686c6d21fdc95652a52f8d4000724435a59
Check JS/Rust Parity	UNKNOWN STEP	2026-05-31T23:40:51.4779518Z ##[endgroup]
Check JS/Rust Parity	UNKNOWN STEP	2026-05-31T23:40:51.5122092Z JS <-> Rust parity: 2 mirrored module pair(s).
Check JS/Rust Parity	UNKNOWN STEP	2026-05-31T23:40:51.5209320Z Changed files (git diff 31459438fca6525575167930fa8f9d1161b491ee..13c36686c6d21fdc95652a52f8d4000724435a59): 1
Check JS/Rust Parity	UNKNOWN STEP	2026-05-31T23:40:51.5210575Z JS <-> Rust parity holds for all mirrored module pairs.
Check JS/Rust Parity	UNKNOWN STEP	2026-05-31T23:40:51.5314326Z Post job cleanup.
Check JS/Rust Parity	UNKNOWN STEP	2026-05-31T23:40:51.6598336Z Post job cleanup.
Check JS/Rust Parity	UNKNOWN STEP	2026-05-31T23:40:51.7455015Z [command]/usr/bin/git version
Check JS/Rust Parity	UNKNOWN STEP	2026-05-31T23:40:51.7491553Z git version 2.54.0
Check JS/Rust Parity	UNKNOWN STEP	2026-05-31T23:40:51.7531802Z Temporarily overriding HOME='/home/runner/work/_temp/f0e7ee32-109f-4fb9-9634-bae36a9fc815' before making global git config changes
Check JS/Rust Parity	UNKNOWN STEP	2026-05-31T23:40:51.7533092Z Adding repository directory to the temporary git global config as a safe directory
Check JS/Rust Parity	UNKNOWN STEP	2026-05-31T23:40:51.7537484Z [command]/usr/bin/git config --global --add safe.directory /home/runner/work/meta-expression/meta-expression
Check JS/Rust Parity	UNKNOWN STEP	2026-05-31T23:40:51.7573743Z Removing SSH command configuration
Check JS/Rust Parity	UNKNOWN STEP	2026-05-31T23:40:51.7579988Z [command]/usr/bin/git config --local --name-only --get-regexp core\.sshCommand
Check JS/Rust Parity	UNKNOWN STEP	2026-05-31T23:40:51.7618039Z [command]/usr/bin/git submodule foreach --recursive sh -c "git config --local --name-only --get-regexp 'core\.sshCommand' && git config --local --unset-all 'core.sshCommand' || :"
Check JS/Rust Parity	UNKNOWN STEP	2026-05-31T23:40:51.7880042Z Removing HTTP extra header
Check JS/Rust Parity	UNKNOWN STEP	2026-05-31T23:40:51.7886529Z [command]/usr/bin/git config --local --name-only --get-regexp http\.https\:\/\/github\.com\/\.extraheader
Check JS/Rust Parity	UNKNOWN STEP	2026-05-31T23:40:51.7921573Z [command]/usr/bin/git submodule foreach --recursive sh -c "git config --local --name-only --get-regexp 'http\.https\:\/\/github\.com\/\.extraheader' && git config --local --unset-all 'http.https://github.com/.extraheader' || :"
Check JS/Rust Parity	UNKNOWN STEP	2026-05-31T23:40:51.8154941Z Removing includeIf entries pointing to credentials config files
Check JS/Rust Parity	UNKNOWN STEP	2026-05-31T23:40:51.8161255Z [command]/usr/bin/git config --local --name-only --get-regexp ^includeIf\.gitdir:
Check JS/Rust Parity	UNKNOWN STEP	2026-05-31T23:40:51.8188453Z includeif.gitdir:/home/runner/work/meta-expression/meta-expression/.git.path
Check JS/Rust Parity	UNKNOWN STEP	2026-05-31T23:40:51.8189806Z includeif.gitdir:/home/runner/work/meta-expression/meta-expression/.git/worktrees/*.path
Check JS/Rust Parity	UNKNOWN STEP	2026-05-31T23:40:51.8190780Z includeif.gitdir:/github/workspace/.git.path
Check JS/Rust Parity	UNKNOWN STEP	2026-05-31T23:40:51.8191521Z includeif.gitdir:/github/workspace/.git/worktrees/*.path
Check JS/Rust Parity	UNKNOWN STEP	2026-05-31T23:40:51.8204854Z [command]/usr/bin/git config --local --get-all includeif.gitdir:/home/runner/work/meta-expression/meta-expression/.git.path
Check JS/Rust Parity	UNKNOWN STEP	2026-05-31T23:40:51.8220672Z /home/runner/work/_temp/git-credentials-de919376-9759-477b-a709-ac4a8d1d8bf5.config
Check JS/Rust Parity	UNKNOWN STEP	2026-05-31T23:40:51.8232316Z [command]/usr/bin/git config --local --unset includeif.gitdir:/home/runner/work/meta-expression/meta-expression/.git.path /home/runner/work/_temp/git-credentials-de919376-9759-477b-a709-ac4a8d1d8bf5.config
Check JS/Rust Parity	UNKNOWN STEP	2026-05-31T23:40:51.8267173Z [command]/usr/bin/git config --local --get-all includeif.gitdir:/home/runner/work/meta-expression/meta-expression/.git/worktrees/*.path
Check JS/Rust Parity	UNKNOWN STEP	2026-05-31T23:40:51.8289009Z /home/runner/work/_temp/git-credentials-de919376-9759-477b-a709-ac4a8d1d8bf5.config
Check JS/Rust Parity	UNKNOWN STEP	2026-05-31T23:40:51.8300571Z [command]/usr/bin/git config --local --unset includeif.gitdir:/home/runner/work/meta-expression/meta-expression/.git/worktrees/*.path /home/runner/work/_temp/git-credentials-de919376-9759-477b-a709-ac4a8d1d8bf5.config
Check JS/Rust Parity	UNKNOWN STEP	2026-05-31T23:40:51.8332699Z [command]/usr/bin/git config --local --get-all includeif.gitdir:/github/workspace/.git.path
Check JS/Rust Parity	UNKNOWN STEP	2026-05-31T23:40:51.8355670Z /github/runner_temp/git-credentials-de919376-9759-477b-a709-ac4a8d1d8bf5.config
Check JS/Rust Parity	UNKNOWN STEP	2026-05-31T23:40:51.8363435Z [command]/usr/bin/git config --local --unset includeif.gitdir:/github/workspace/.git.path /github/runner_temp/git-credentials-de919376-9759-477b-a709-ac4a8d1d8bf5.config
Check JS/Rust Parity	UNKNOWN STEP	2026-05-31T23:40:51.8396233Z [command]/usr/bin/git config --local --get-all includeif.gitdir:/github/workspace/.git/worktrees/*.path
Check JS/Rust Parity	UNKNOWN STEP	2026-05-31T23:40:51.8417239Z /github/runner_temp/git-credentials-de919376-9759-477b-a709-ac4a8d1d8bf5.config
Check JS/Rust Parity	UNKNOWN STEP	2026-05-31T23:40:51.8425811Z [command]/usr/bin/git config --local --unset includeif.gitdir:/github/workspace/.git/worktrees/*.path /github/runner_temp/git-credentials-de919376-9759-477b-a709-ac4a8d1d8bf5.config
Check JS/Rust Parity	UNKNOWN STEP	2026-05-31T23:40:51.8458425Z [command]/usr/bin/git submodule foreach --recursive git config --local --show-origin --name-only --get-regexp remote.origin.url
Check JS/Rust Parity	UNKNOWN STEP	2026-05-31T23:40:51.8714110Z Removing credentials config '/home/runner/work/_temp/git-credentials-de919376-9759-477b-a709-ac4a8d1d8bf5.config'
Check JS/Rust Parity	UNKNOWN STEP	2026-05-31T23:40:51.8874021Z Cleaning up orphan processes
Detect Changes	Set up job	﻿2026-05-31T23:40:46.5145427Z Current runner version: '2.334.0'
Detect Changes	Set up job	2026-05-31T23:40:46.5173446Z ##[group]Runner Image Provisioner
Detect Changes	Set up job	2026-05-31T23:40:46.5174461Z Hosted Compute Agent
Detect Changes	Set up job	2026-05-31T23:40:46.5175108Z Version: 20260520.533
Detect Changes	Set up job	2026-05-31T23:40:46.5175811Z Commit: 189110e25284a9812c124fd27b339e2fb4f2f9db
Detect Changes	Set up job	2026-05-31T23:40:46.5176868Z Build Date: 2026-05-20T17:44:04Z
Detect Changes	Set up job	2026-05-31T23:40:46.5177610Z Worker ID: {3f5865d1-31d6-49da-9263-4384430564bc}
Detect Changes	Set up job	2026-05-31T23:40:46.5178336Z Azure Region: eastus
Detect Changes	Set up job	2026-05-31T23:40:46.5179048Z ##[endgroup]
Detect Changes	Set up job	2026-05-31T23:40:46.5180513Z ##[group]Operating System
Detect Changes	Set up job	2026-05-31T23:40:46.5181211Z Ubuntu
Detect Changes	Set up job	2026-05-31T23:40:46.5181781Z 24.04.4
Detect Changes	Set up job	2026-05-31T23:40:46.5182322Z LTS
Detect Changes	Set up job	2026-05-31T23:40:46.5182916Z ##[endgroup]
Detect Changes	Set up job	2026-05-31T23:40:46.5183504Z ##[group]Runner Image
Detect Changes	Set up job	2026-05-31T23:40:46.5184249Z Image: ubuntu-24.04
Detect Changes	Set up job	2026-05-31T23:40:46.5184916Z Version: 20260525.161.1
Detect Changes	Set up job	2026-05-31T23:40:46.5186007Z Included Software: https://github.com/actions/runner-images/blob/ubuntu24/20260525.161/images/ubuntu/Ubuntu2404-Readme.md
Detect Changes	Set up job	2026-05-31T23:40:46.5188175Z Image Release: https://github.com/actions/runner-images/releases/tag/ubuntu24%2F20260525.161
Detect Changes	Set up job	2026-05-31T23:40:46.5189158Z ##[endgroup]
Detect Changes	Set up job	2026-05-31T23:40:46.5192157Z ##[group]GITHUB_TOKEN Permissions
Detect Changes	Set up job	2026-05-31T23:40:46.5194690Z Actions: write
Detect Changes	Set up job	2026-05-31T23:40:46.5195351Z ArtifactMetadata: write
Detect Changes	Set up job	2026-05-31T23:40:46.5196044Z Attestations: write
Detect Changes	Set up job	2026-05-31T23:40:46.5197015Z Checks: write
Detect Changes	Set up job	2026-05-31T23:40:46.5197613Z CodeQuality: write
Detect Changes	Set up job	2026-05-31T23:40:46.5198616Z Contents: write
Detect Changes	Set up job	2026-05-31T23:40:46.5199236Z Deployments: write
Detect Changes	Set up job	2026-05-31T23:40:46.5199874Z Discussions: write
Detect Changes	Set up job	2026-05-31T23:40:46.5200508Z Issues: write
Detect Changes	Set up job	2026-05-31T23:40:46.5201130Z Metadata: read
Detect Changes	Set up job	2026-05-31T23:40:46.5201719Z Models: read
Detect Changes	Set up job	2026-05-31T23:40:46.5202301Z Packages: write
Detect Changes	Set up job	2026-05-31T23:40:46.5203020Z Pages: write
Detect Changes	Set up job	2026-05-31T23:40:46.5203747Z PullRequests: write
Detect Changes	Set up job	2026-05-31T23:40:46.5204388Z RepositoryProjects: write
Detect Changes	Set up job	2026-05-31T23:40:46.5205093Z SecurityEvents: write
Detect Changes	Set up job	2026-05-31T23:40:46.5205783Z Statuses: write
Detect Changes	Set up job	2026-05-31T23:40:46.5206676Z VulnerabilityAlerts: read
Detect Changes	Set up job	2026-05-31T23:40:46.5207365Z ##[endgroup]
Detect Changes	Set up job	2026-05-31T23:40:46.5209536Z Secret source: Actions
Detect Changes	Set up job	2026-05-31T23:40:46.5210701Z Prepare workflow directory
Detect Changes	Set up job	2026-05-31T23:40:46.5553244Z Prepare all required actions
Detect Changes	Set up job	2026-05-31T23:40:46.5591096Z Getting action download info
Detect Changes	Set up job	2026-05-31T23:40:46.9093437Z Download action repository 'actions/checkout@v6' (SHA:de0fac2e4500dabe0009e67214ff5f5447ce83dd)
Detect Changes	Set up job	2026-05-31T23:40:47.1518360Z Complete job name: Detect Changes
Detect Changes	Run actions/checkout@v6	﻿2026-05-31T23:40:47.2242250Z ##[group]Run actions/checkout@v6
Detect Changes	Run actions/checkout@v6	2026-05-31T23:40:47.2243191Z with:
Detect Changes	Run actions/checkout@v6	2026-05-31T23:40:47.2243667Z   fetch-depth: 0
Detect Changes	Run actions/checkout@v6	2026-05-31T23:40:47.2244226Z   repository: link-assistant/meta-expression
Detect Changes	Run actions/checkout@v6	2026-05-31T23:40:47.2249410Z   token: ***
Detect Changes	Run actions/checkout@v6	2026-05-31T23:40:47.2249916Z   ssh-strict: true
Detect Changes	Run actions/checkout@v6	2026-05-31T23:40:47.2250411Z   ssh-user: git
Detect Changes	Run actions/checkout@v6	2026-05-31T23:40:47.2250916Z   persist-credentials: true
Detect Changes	Run actions/checkout@v6	2026-05-31T23:40:47.2251462Z   clean: true
Detect Changes	Run actions/checkout@v6	2026-05-31T23:40:47.2251957Z   sparse-checkout-cone-mode: true
Detect Changes	Run actions/checkout@v6	2026-05-31T23:40:47.2252567Z   fetch-tags: false
Detect Changes	Run actions/checkout@v6	2026-05-31T23:40:47.2253063Z   show-progress: true
Detect Changes	Run actions/checkout@v6	2026-05-31T23:40:47.2253566Z   lfs: false
Detect Changes	Run actions/checkout@v6	2026-05-31T23:40:47.2254042Z   submodules: false
Detect Changes	Run actions/checkout@v6	2026-05-31T23:40:47.2254543Z   set-safe-directory: true
Detect Changes	Run actions/checkout@v6	2026-05-31T23:40:47.2255320Z ##[endgroup]
Detect Changes	Run actions/checkout@v6	2026-05-31T23:40:47.3263172Z Syncing repository: link-assistant/meta-expression
Detect Changes	Run actions/checkout@v6	2026-05-31T23:40:47.3265369Z ##[group]Getting Git version info
Detect Changes	Run actions/checkout@v6	2026-05-31T23:40:47.3266273Z Working directory is '/home/runner/work/meta-expression/meta-expression'
Detect Changes	Run actions/checkout@v6	2026-05-31T23:40:47.3268073Z [command]/usr/bin/git version
Detect Changes	Run actions/checkout@v6	2026-05-31T23:40:47.3292874Z git version 2.54.0
Detect Changes	Run actions/checkout@v6	2026-05-31T23:40:47.3345650Z ##[endgroup]
Detect Changes	Run actions/checkout@v6	2026-05-31T23:40:47.3359968Z Temporarily overriding HOME='/home/runner/work/_temp/ba45171f-93b4-4e54-96e8-b3ac647b8ea4' before making global git config changes
Detect Changes	Run actions/checkout@v6	2026-05-31T23:40:47.3361945Z Adding repository directory to the temporary git global config as a safe directory
Detect Changes	Run actions/checkout@v6	2026-05-31T23:40:47.3364668Z [command]/usr/bin/git config --global --add safe.directory /home/runner/work/meta-expression/meta-expression
Detect Changes	Run actions/checkout@v6	2026-05-31T23:40:47.3408205Z Deleting the contents of '/home/runner/work/meta-expression/meta-expression'
Detect Changes	Run actions/checkout@v6	2026-05-31T23:40:47.3411902Z ##[group]Initializing the repository
Detect Changes	Run actions/checkout@v6	2026-05-31T23:40:47.3416267Z [command]/usr/bin/git init /home/runner/work/meta-expression/meta-expression
Detect Changes	Run actions/checkout@v6	2026-05-31T23:40:47.3483778Z hint: Using 'master' as the name for the initial branch. This default branch name
Detect Changes	Run actions/checkout@v6	2026-05-31T23:40:47.3485450Z hint: will change to "main" in Git 3.0. To configure the initial branch name
Detect Changes	Run actions/checkout@v6	2026-05-31T23:40:47.3486973Z hint: to use in all of your new repositories, which will suppress this warning,
Detect Changes	Run actions/checkout@v6	2026-05-31T23:40:47.3488205Z hint: call:
Detect Changes	Run actions/checkout@v6	2026-05-31T23:40:47.3488677Z hint:
Detect Changes	Run actions/checkout@v6	2026-05-31T23:40:47.3489234Z hint: 	git config --global init.defaultBranch <name>
Detect Changes	Run actions/checkout@v6	2026-05-31T23:40:47.3489927Z hint:
Detect Changes	Run actions/checkout@v6	2026-05-31T23:40:47.3490575Z hint: Names commonly chosen instead of 'master' are 'main', 'trunk' and
Detect Changes	Run actions/checkout@v6	2026-05-31T23:40:47.3491608Z hint: 'development'. The just-created branch can be renamed via this command:
Detect Changes	Run actions/checkout@v6	2026-05-31T23:40:47.3492430Z hint:
Detect Changes	Run actions/checkout@v6	2026-05-31T23:40:47.3492911Z hint: 	git branch -m <name>
Detect Changes	Run actions/checkout@v6	2026-05-31T23:40:47.3493444Z hint:
Detect Changes	Run actions/checkout@v6	2026-05-31T23:40:47.3494149Z hint: Disable this message with "git config set advice.defaultBranchName false"
Detect Changes	Run actions/checkout@v6	2026-05-31T23:40:47.3495747Z Initialized empty Git repository in /home/runner/work/meta-expression/meta-expression/.git/
Detect Changes	Run actions/checkout@v6	2026-05-31T23:40:47.3499242Z [command]/usr/bin/git remote add origin https://github.com/link-assistant/meta-expression
Detect Changes	Run actions/checkout@v6	2026-05-31T23:40:47.3536719Z ##[endgroup]
Detect Changes	Run actions/checkout@v6	2026-05-31T23:40:47.3538063Z ##[group]Disabling automatic garbage collection
Detect Changes	Run actions/checkout@v6	2026-05-31T23:40:47.3539688Z [command]/usr/bin/git config --local gc.auto 0
Detect Changes	Run actions/checkout@v6	2026-05-31T23:40:47.3570509Z ##[endgroup]
Detect Changes	Run actions/checkout@v6	2026-05-31T23:40:47.3571394Z ##[group]Setting up auth
Detect Changes	Run actions/checkout@v6	2026-05-31T23:40:47.3571974Z Removing SSH command configuration
Detect Changes	Run actions/checkout@v6	2026-05-31T23:40:47.3575736Z [command]/usr/bin/git config --local --name-only --get-regexp core\.sshCommand
Detect Changes	Run actions/checkout@v6	2026-05-31T23:40:47.3608584Z [command]/usr/bin/git submodule foreach --recursive sh -c "git config --local --name-only --get-regexp 'core\.sshCommand' && git config --local --unset-all 'core.sshCommand' || :"
Detect Changes	Run actions/checkout@v6	2026-05-31T23:40:47.3909545Z Removing HTTP extra header
Detect Changes	Run actions/checkout@v6	2026-05-31T23:40:47.3915363Z [command]/usr/bin/git config --local --name-only --get-regexp http\.https\:\/\/github\.com\/\.extraheader
Detect Changes	Run actions/checkout@v6	2026-05-31T23:40:47.3947890Z [command]/usr/bin/git submodule foreach --recursive sh -c "git config --local --name-only --get-regexp 'http\.https\:\/\/github\.com\/\.extraheader' && git config --local --unset-all 'http.https://github.com/.extraheader' || :"
Detect Changes	Run actions/checkout@v6	2026-05-31T23:40:47.4174328Z Removing includeIf entries pointing to credentials config files
Detect Changes	Run actions/checkout@v6	2026-05-31T23:40:47.4180972Z [command]/usr/bin/git config --local --name-only --get-regexp ^includeIf\.gitdir:
Detect Changes	Run actions/checkout@v6	2026-05-31T23:40:47.4214237Z [command]/usr/bin/git submodule foreach --recursive git config --local --show-origin --name-only --get-regexp remote.origin.url
Detect Changes	Run actions/checkout@v6	2026-05-31T23:40:47.4447457Z [command]/usr/bin/git config --file /home/runner/work/_temp/git-credentials-eebc0ca8-05a2-4c17-a8b0-3801fe0a0e79.config http.https://github.com/.extraheader AUTHORIZATION: basic ***
Detect Changes	Run actions/checkout@v6	2026-05-31T23:40:47.4483895Z [command]/usr/bin/git config --local includeIf.gitdir:/home/runner/work/meta-expression/meta-expression/.git.path /home/runner/work/_temp/git-credentials-eebc0ca8-05a2-4c17-a8b0-3801fe0a0e79.config
Detect Changes	Run actions/checkout@v6	2026-05-31T23:40:47.4513553Z [command]/usr/bin/git config --local includeIf.gitdir:/home/runner/work/meta-expression/meta-expression/.git/worktrees/*.path /home/runner/work/_temp/git-credentials-eebc0ca8-05a2-4c17-a8b0-3801fe0a0e79.config
Detect Changes	Run actions/checkout@v6	2026-05-31T23:40:47.4547362Z [command]/usr/bin/git config --local includeIf.gitdir:/github/workspace/.git.path /github/runner_temp/git-credentials-eebc0ca8-05a2-4c17-a8b0-3801fe0a0e79.config
Detect Changes	Run actions/checkout@v6	2026-05-31T23:40:47.4589066Z [command]/usr/bin/git config --local includeIf.gitdir:/github/workspace/.git/worktrees/*.path /github/runner_temp/git-credentials-eebc0ca8-05a2-4c17-a8b0-3801fe0a0e79.config
Detect Changes	Run actions/checkout@v6	2026-05-31T23:40:47.4614020Z ##[endgroup]
Detect Changes	Run actions/checkout@v6	2026-05-31T23:40:47.4614876Z ##[group]Fetching the repository
Detect Changes	Run actions/checkout@v6	2026-05-31T23:40:47.4623787Z [command]/usr/bin/git -c protocol.version=2 fetch --no-tags --prune --no-recurse-submodules origin +refs/heads/*:refs/remotes/origin/* +refs/tags/*:refs/tags/* +013059defe6756ff07463a8bfc6529a19b2f3216:refs/remotes/pull/132/merge
Detect Changes	Run actions/checkout@v6	2026-05-31T23:40:48.2610380Z From https://github.com/link-assistant/meta-expression
Detect Changes	Run actions/checkout@v6	2026-05-31T23:40:48.2613124Z  * [new branch]      issue-1-66f2990709b5                     -> origin/issue-1-66f2990709b5
Detect Changes	Run actions/checkout@v6	2026-05-31T23:40:48.2615661Z  * [new branch]      issue-108-9ec72bf0c00d                   -> origin/issue-108-9ec72bf0c00d
Detect Changes	Run actions/checkout@v6	2026-05-31T23:40:48.2618131Z  * [new branch]      issue-109-59194c3f9440                   -> origin/issue-109-59194c3f9440
Detect Changes	Run actions/checkout@v6	2026-05-31T23:40:48.2620338Z  * [new branch]      issue-11-9475e456ab10                    -> origin/issue-11-9475e456ab10
Detect Changes	Run actions/checkout@v6	2026-05-31T23:40:48.2622740Z  * [new branch]      issue-110-9276996a2025                   -> origin/issue-110-9276996a2025
Detect Changes	Run actions/checkout@v6	2026-05-31T23:40:48.2625208Z  * [new branch]      issue-111-bbd90b48d3d4                   -> origin/issue-111-bbd90b48d3d4
Detect Changes	Run actions/checkout@v6	2026-05-31T23:40:48.2627579Z  * [new branch]      issue-112-c3cd1e55fea7                   -> origin/issue-112-c3cd1e55fea7
Detect Changes	Run actions/checkout@v6	2026-05-31T23:40:48.2630014Z  * [new branch]      issue-113-ca491d8b7b96                   -> origin/issue-113-ca491d8b7b96
Detect Changes	Run actions/checkout@v6	2026-05-31T23:40:48.2632542Z  * [new branch]      issue-114-d0e88e43d42d                   -> origin/issue-114-d0e88e43d42d
Detect Changes	Run actions/checkout@v6	2026-05-31T23:40:48.2635217Z  * [new branch]      issue-115-96ea7e0ff041                   -> origin/issue-115-96ea7e0ff041
Detect Changes	Run actions/checkout@v6	2026-05-31T23:40:48.2638397Z  * [new branch]      issue-116-a642ebf04bb5                   -> origin/issue-116-a642ebf04bb5
Detect Changes	Run actions/checkout@v6	2026-05-31T23:40:48.2641373Z  * [new branch]      issue-126-e1ac50244d41                   -> origin/issue-126-e1ac50244d41
Detect Changes	Run actions/checkout@v6	2026-05-31T23:40:48.2644276Z  * [new branch]      issue-128-41095a0f356d                   -> origin/issue-128-41095a0f356d
Detect Changes	Run actions/checkout@v6	2026-05-31T23:40:48.2646862Z  * [new branch]      issue-128-fed1f7a14626                   -> origin/issue-128-fed1f7a14626
Detect Changes	Run actions/checkout@v6	2026-05-31T23:40:48.2649621Z  * [new branch]      issue-13-0a4fc458320f                    -> origin/issue-13-0a4fc458320f
Detect Changes	Run actions/checkout@v6	2026-05-31T23:40:48.2652172Z  * [new branch]      issue-131-84c06d630fcf                   -> origin/issue-131-84c06d630fcf
Detect Changes	Run actions/checkout@v6	2026-05-31T23:40:48.2654688Z  * [new branch]      issue-15-01d48bf15beb                    -> origin/issue-15-01d48bf15beb
Detect Changes	Run actions/checkout@v6	2026-05-31T23:40:48.2657360Z  * [new branch]      issue-16-a4cb3c8415b5                    -> origin/issue-16-a4cb3c8415b5
Detect Changes	Run actions/checkout@v6	2026-05-31T23:40:48.2660278Z  * [new branch]      issue-17-e37119ec7e2e                    -> origin/issue-17-e37119ec7e2e
Detect Changes	Run actions/checkout@v6	2026-05-31T23:40:48.2662748Z  * [new branch]      issue-18-f441191a8b86                    -> origin/issue-18-f441191a8b86
Detect Changes	Run actions/checkout@v6	2026-05-31T23:40:48.2665173Z  * [new branch]      issue-20-5e25c435fda3                    -> origin/issue-20-5e25c435fda3
Detect Changes	Run actions/checkout@v6	2026-05-31T23:40:48.2668167Z  * [new branch]      issue-21-12a11b28b6e5                    -> origin/issue-21-12a11b28b6e5
Detect Changes	Run actions/checkout@v6	2026-05-31T23:40:48.2670859Z  * [new branch]      issue-23-0aed78e996ae                    -> origin/issue-23-0aed78e996ae
Detect Changes	Run actions/checkout@v6	2026-05-31T23:40:48.2673566Z  * [new branch]      issue-26-2cbee1cb1be5                    -> origin/issue-26-2cbee1cb1be5
Detect Changes	Run actions/checkout@v6	2026-05-31T23:40:48.2676293Z  * [new branch]      issue-27-77fbe1d5f177                    -> origin/issue-27-77fbe1d5f177
Detect Changes	Run actions/checkout@v6	2026-05-31T23:40:48.2679198Z  * [new branch]      issue-29-e5195b346fed                    -> origin/issue-29-e5195b346fed
Detect Changes	Run actions/checkout@v6	2026-05-31T23:40:48.2681863Z  * [new branch]      issue-3-130348eb2e36                     -> origin/issue-3-130348eb2e36
Detect Changes	Run actions/checkout@v6	2026-05-31T23:40:48.2684530Z  * [new branch]      issue-35-c9dc0853f1a0                    -> origin/issue-35-c9dc0853f1a0
Detect Changes	Run actions/checkout@v6	2026-05-31T23:40:48.2687405Z  * [new branch]      issue-37-8620cc7da08c                    -> origin/issue-37-8620cc7da08c
Detect Changes	Run actions/checkout@v6	2026-05-31T23:40:48.2690090Z  * [new branch]      issue-39-6eee7e3da635                    -> origin/issue-39-6eee7e3da635
Detect Changes	Run actions/checkout@v6	2026-05-31T23:40:48.2692877Z  * [new branch]      issue-41-89dc6245cc78                    -> origin/issue-41-89dc6245cc78
Detect Changes	Run actions/checkout@v6	2026-05-31T23:40:48.2695500Z  * [new branch]      issue-43-5b7a25fd4491                    -> origin/issue-43-5b7a25fd4491
Detect Changes	Run actions/checkout@v6	2026-05-31T23:40:48.2698444Z  * [new branch]      issue-48-3cc022473812                    -> origin/issue-48-3cc022473812
Detect Changes	Run actions/checkout@v6	2026-05-31T23:40:48.2701258Z  * [new branch]      issue-5-2c7b23a3dfee                     -> origin/issue-5-2c7b23a3dfee
Detect Changes	Run actions/checkout@v6	2026-05-31T23:40:48.2703932Z  * [new branch]      issue-50-125a6780a77b                    -> origin/issue-50-125a6780a77b
Detect Changes	Run actions/checkout@v6	2026-05-31T23:40:48.2706709Z  * [new branch]      issue-52-14d124fa6a47                    -> origin/issue-52-14d124fa6a47
Detect Changes	Run actions/checkout@v6	2026-05-31T23:40:48.2709363Z  * [new branch]      issue-54-d4e0c163ea88                    -> origin/issue-54-d4e0c163ea88
Detect Changes	Run actions/checkout@v6	2026-05-31T23:40:48.2712030Z  * [new branch]      issue-56-7b4471a86c0c                    -> origin/issue-56-7b4471a86c0c
Detect Changes	Run actions/checkout@v6	2026-05-31T23:40:48.2714735Z  * [new branch]      issue-58-4fd21cb80249                    -> origin/issue-58-4fd21cb80249
Detect Changes	Run actions/checkout@v6	2026-05-31T23:40:48.2717541Z  * [new branch]      issue-60-b3b07b32a4f2                    -> origin/issue-60-b3b07b32a4f2
Detect Changes	Run actions/checkout@v6	2026-05-31T23:40:48.2720169Z  * [new branch]      issue-61-f445f6ea7071                    -> origin/issue-61-f445f6ea7071
Detect Changes	Run actions/checkout@v6	2026-05-31T23:40:48.2722756Z  * [new branch]      issue-62-29076fab68e4                    -> origin/issue-62-29076fab68e4
Detect Changes	Run actions/checkout@v6	2026-05-31T23:40:48.2725298Z  * [new branch]      issue-63-3dec45ca24c4                    -> origin/issue-63-3dec45ca24c4
Detect Changes	Run actions/checkout@v6	2026-05-31T23:40:48.2727993Z  * [new branch]      issue-64-e00c5810edcd                    -> origin/issue-64-e00c5810edcd
Detect Changes	Run actions/checkout@v6	2026-05-31T23:40:48.2730639Z  * [new branch]      issue-65-4c2d1e1c1926                    -> origin/issue-65-4c2d1e1c1926
Detect Changes	Run actions/checkout@v6	2026-05-31T23:40:48.2734355Z  * [new branch]      issue-66-efa2706d57bf                    -> origin/issue-66-efa2706d57bf
Detect Changes	Run actions/checkout@v6	2026-05-31T23:40:48.2737400Z  * [new branch]      issue-67-cbc1c5ac4ed2                    -> origin/issue-67-cbc1c5ac4ed2
Detect Changes	Run actions/checkout@v6	2026-05-31T23:40:48.2740762Z  * [new branch]      issue-68-08241e2554cb                    -> origin/issue-68-08241e2554cb
Detect Changes	Run actions/checkout@v6	2026-05-31T23:40:48.2744327Z  * [new branch]      issue-69-420bc440686f                    -> origin/issue-69-420bc440686f
Detect Changes	Run actions/checkout@v6	2026-05-31T23:40:48.2748328Z  * [new branch]      issue-7-c2cf5051240a                     -> origin/issue-7-c2cf5051240a
Detect Changes	Run actions/checkout@v6	2026-05-31T23:40:48.2752011Z  * [new branch]      issue-70-2f41021b3b88                    -> origin/issue-70-2f41021b3b88
Detect Changes	Run actions/checkout@v6	2026-05-31T23:40:48.2756279Z  * [new branch]      issue-71-213699cb7a07                    -> origin/issue-71-213699cb7a07
Detect Changes	Run actions/checkout@v6	2026-05-31T23:40:48.2760293Z  * [new branch]      issue-72-f280d3968ee3                    -> origin/issue-72-f280d3968ee3
Detect Changes	Run actions/checkout@v6	2026-05-31T23:40:48.2764315Z  * [new branch]      issue-73-a48e9ea13ed4                    -> origin/issue-73-a48e9ea13ed4
Detect Changes	Run actions/checkout@v6	2026-05-31T23:40:48.2767302Z  * [new branch]      issue-74-3fccc9cfd1e9                    -> origin/issue-74-3fccc9cfd1e9
Detect Changes	Run actions/checkout@v6	2026-05-31T23:40:48.2769968Z  * [new branch]      issue-87-7cc151ec3bc6                    -> origin/issue-87-7cc151ec3bc6
Detect Changes	Run actions/checkout@v6	2026-05-31T23:40:48.2773032Z  * [new branch]      issue-88-7fdca54b4623                    -> origin/issue-88-7fdca54b4623
Detect Changes	Run actions/checkout@v6	2026-05-31T23:40:48.2775919Z  * [new branch]      issue-89-4d53f5773d5a                    -> origin/issue-89-4d53f5773d5a
Detect Changes	Run actions/checkout@v6	2026-05-31T23:40:48.2778681Z  * [new branch]      issue-9-24bcebd55a5d                     -> origin/issue-9-24bcebd55a5d
Detect Changes	Run actions/checkout@v6	2026-05-31T23:40:48.2781328Z  * [new branch]      issue-90-cabb5d305b6f                    -> origin/issue-90-cabb5d305b6f
Detect Changes	Run actions/checkout@v6	2026-05-31T23:40:48.2783833Z  * [new branch]      issue-91-7228b4557dc6                    -> origin/issue-91-7228b4557dc6
Detect Changes	Run actions/checkout@v6	2026-05-31T23:40:48.2786689Z  * [new branch]      issue-92-561ee90494aa                    -> origin/issue-92-561ee90494aa
Detect Changes	Run actions/checkout@v6	2026-05-31T23:40:48.2789336Z  * [new branch]      issue-93-81850df7e6ef                    -> origin/issue-93-81850df7e6ef
Detect Changes	Run actions/checkout@v6	2026-05-31T23:40:48.2792324Z  * [new branch]      issue-94-61bb8b947c61                    -> origin/issue-94-61bb8b947c61
Detect Changes	Run actions/checkout@v6	2026-05-31T23:40:48.2794852Z  * [new branch]      issue-96-baaac01fda6b                    -> origin/issue-96-baaac01fda6b
Detect Changes	Run actions/checkout@v6	2026-05-31T23:40:48.2797501Z  * [new branch]      main                                     -> origin/main
Detect Changes	Run actions/checkout@v6	2026-05-31T23:40:48.2799548Z  * [new tag]         v0.10.0                                  -> v0.10.0
Detect Changes	Run actions/checkout@v6	2026-05-31T23:40:48.2801587Z  * [new tag]         v0.11.0                                  -> v0.11.0
Detect Changes	Run actions/checkout@v6	2026-05-31T23:40:48.2804362Z  * [new tag]         v0.12.0                                  -> v0.12.0
Detect Changes	Run actions/checkout@v6	2026-05-31T23:40:48.2807681Z  * [new ref]         013059defe6756ff07463a8bfc6529a19b2f3216 -> pull/132/merge
Detect Changes	Run actions/checkout@v6	2026-05-31T23:40:48.2813721Z ##[endgroup]
Detect Changes	Run actions/checkout@v6	2026-05-31T23:40:48.2816803Z ##[group]Determining the checkout info
Detect Changes	Run actions/checkout@v6	2026-05-31T23:40:48.2820032Z ##[endgroup]
Detect Changes	Run actions/checkout@v6	2026-05-31T23:40:48.2821575Z [command]/usr/bin/git sparse-checkout disable
Detect Changes	Run actions/checkout@v6	2026-05-31T23:40:48.2825877Z [command]/usr/bin/git config --local --unset-all extensions.worktreeConfig
Detect Changes	Run actions/checkout@v6	2026-05-31T23:40:48.2845854Z ##[group]Checking out the ref
Detect Changes	Run actions/checkout@v6	2026-05-31T23:40:48.2849039Z [command]/usr/bin/git checkout --progress --force refs/remotes/pull/132/merge
Detect Changes	Run actions/checkout@v6	2026-05-31T23:40:48.4597517Z Note: switching to 'refs/remotes/pull/132/merge'.
Detect Changes	Run actions/checkout@v6	2026-05-31T23:40:48.4598671Z 
Detect Changes	Run actions/checkout@v6	2026-05-31T23:40:48.4599594Z You are in 'detached HEAD' state. You can look around, make experimental
Detect Changes	Run actions/checkout@v6	2026-05-31T23:40:48.4601774Z changes and commit them, and you can discard any commits you make in this
Detect Changes	Run actions/checkout@v6	2026-05-31T23:40:48.4603924Z state without impacting any branches by switching back to a branch.
Detect Changes	Run actions/checkout@v6	2026-05-31T23:40:48.4605135Z 
Detect Changes	Run actions/checkout@v6	2026-05-31T23:40:48.4605970Z If you want to create a new branch to retain commits you create, you may
Detect Changes	Run actions/checkout@v6	2026-05-31T23:40:48.4608751Z do so (now or later) by using -c with the switch command. Example:
Detect Changes	Run actions/checkout@v6	2026-05-31T23:40:48.4610410Z 
Detect Changes	Run actions/checkout@v6	2026-05-31T23:40:48.4611085Z   git switch -c <new-branch-name>
Detect Changes	Run actions/checkout@v6	2026-05-31T23:40:48.4612204Z 
Detect Changes	Run actions/checkout@v6	2026-05-31T23:40:48.4612899Z Or undo this operation with:
Detect Changes	Run actions/checkout@v6	2026-05-31T23:40:48.4613924Z 
Detect Changes	Run actions/checkout@v6	2026-05-31T23:40:48.4614492Z   git switch -
Detect Changes	Run actions/checkout@v6	2026-05-31T23:40:48.4615253Z 
Detect Changes	Run actions/checkout@v6	2026-05-31T23:40:48.4617319Z Turn off this advice by setting config variable advice.detachedHead to false
Detect Changes	Run actions/checkout@v6	2026-05-31T23:40:48.4619342Z 
Detect Changes	Run actions/checkout@v6	2026-05-31T23:40:48.4621544Z HEAD is now at 013059d Merge 13c36686c6d21fdc95652a52f8d4000724435a59 into 31459438fca6525575167930fa8f9d1161b491ee
Detect Changes	Run actions/checkout@v6	2026-05-31T23:40:48.4628085Z ##[endgroup]
Detect Changes	Run actions/checkout@v6	2026-05-31T23:40:48.4667457Z [command]/usr/bin/git log -1 --format=%H
Detect Changes	Run actions/checkout@v6	2026-05-31T23:40:48.4694808Z 013059defe6756ff07463a8bfc6529a19b2f3216
Detect Changes	Detect changes	﻿2026-05-31T23:40:48.4938938Z ##[group]Run node scripts/detect-code-changes.mjs
Detect Changes	Detect changes	2026-05-31T23:40:48.4940508Z ^[[36;1mnode scripts/detect-code-changes.mjs^[[0m
Detect Changes	Detect changes	2026-05-31T23:40:48.4974663Z shell: /usr/bin/bash -e {0}
Detect Changes	Detect changes	2026-05-31T23:40:48.4975742Z ##[endgroup]
Detect Changes	Detect changes	2026-05-31T23:40:50.3364599Z Detecting file changes for CI/CD...
Detect Changes	Detect changes	2026-05-31T23:40:50.3365080Z 
Detect Changes	Detect changes	2026-05-31T23:40:50.3500236Z Merge commit detected (pull_request event)
Detect Changes	Detect changes	2026-05-31T23:40:50.3500877Z Comparing HEAD^2^ to HEAD^2 (per-commit diff of PR head)
Detect Changes	Detect changes	2026-05-31T23:40:50.3538180Z Changed files:
Detect Changes	Detect changes	2026-05-31T23:40:50.3538618Z   .gitkeep
Detect Changes	Detect changes	2026-05-31T23:40:50.3538824Z 
Detect Changes	Detect changes	2026-05-31T23:40:50.3540797Z mjs-changed=false
Detect Changes	Detect changes	2026-05-31T23:40:50.3542641Z js-changed=false
Detect Changes	Detect changes	2026-05-31T23:40:50.3543651Z rust-changed=false
Detect Changes	Detect changes	2026-05-31T23:40:50.3547575Z package-changed=false
Detect Changes	Detect changes	2026-05-31T23:40:50.3548292Z docs-changed=false
Detect Changes	Detect changes	2026-05-31T23:40:50.3549042Z workflow-changed=false
Detect Changes	Detect changes	2026-05-31T23:40:50.3549910Z 
Detect Changes	Detect changes	2026-05-31T23:40:50.3550104Z Files considered as code changes:
Detect Changes	Detect changes	2026-05-31T23:40:50.3550600Z   .gitkeep
Detect Changes	Detect changes	2026-05-31T23:40:50.3550917Z 
Detect Changes	Detect changes	2026-05-31T23:40:50.3554483Z any-code-changed=false
Detect Changes	Detect changes	2026-05-31T23:40:50.3554768Z 
Detect Changes	Detect changes	2026-05-31T23:40:50.3554952Z Change detection completed.
Detect Changes	Post Run actions/checkout@v6	﻿2026-05-31T23:40:50.3826363Z Post job cleanup.
Detect Changes	Post Run actions/checkout@v6	2026-05-31T23:40:50.4646656Z [command]/usr/bin/git version
Detect Changes	Post Run actions/checkout@v6	2026-05-31T23:40:50.4683616Z git version 2.54.0
Detect Changes	Post Run actions/checkout@v6	2026-05-31T23:40:50.4722273Z Temporarily overriding HOME='/home/runner/work/_temp/4e040e4a-32a3-4b40-a8c4-b899a06f0e8a' before making global git config changes
Detect Changes	Post Run actions/checkout@v6	2026-05-31T23:40:50.4723915Z Adding repository directory to the temporary git global config as a safe directory
Detect Changes	Post Run actions/checkout@v6	2026-05-31T23:40:50.4728100Z [command]/usr/bin/git config --global --add safe.directory /home/runner/work/meta-expression/meta-expression
Detect Changes	Post Run actions/checkout@v6	2026-05-31T23:40:50.4759764Z Removing SSH command configuration
Detect Changes	Post Run actions/checkout@v6	2026-05-31T23:40:50.4766079Z [command]/usr/bin/git config --local --name-only --get-regexp core\.sshCommand
Detect Changes	Post Run actions/checkout@v6	2026-05-31T23:40:50.4801073Z [command]/usr/bin/git submodule foreach --recursive sh -c "git config --local --name-only --get-regexp 'core\.sshCommand' && git config --local --unset-all 'core.sshCommand' || :"
Detect Changes	Post Run actions/checkout@v6	2026-05-31T23:40:50.5069582Z Removing HTTP extra header
Detect Changes	Post Run actions/checkout@v6	2026-05-31T23:40:50.5073884Z [command]/usr/bin/git config --local --name-only --get-regexp http\.https\:\/\/github\.com\/\.extraheader
Detect Changes	Post Run actions/checkout@v6	2026-05-31T23:40:50.5109323Z [command]/usr/bin/git submodule foreach --recursive sh -c "git config --local --name-only --get-regexp 'http\.https\:\/\/github\.com\/\.extraheader' && git config --local --unset-all 'http.https://github.com/.extraheader' || :"
Detect Changes	Post Run actions/checkout@v6	2026-05-31T23:40:50.5337947Z Removing includeIf entries pointing to credentials config files
Detect Changes	Post Run actions/checkout@v6	2026-05-31T23:40:50.5344493Z [command]/usr/bin/git config --local --name-only --get-regexp ^includeIf\.gitdir:
Detect Changes	Post Run actions/checkout@v6	2026-05-31T23:40:50.5371108Z includeif.gitdir:/home/runner/work/meta-expression/meta-expression/.git.path
Detect Changes	Post Run actions/checkout@v6	2026-05-31T23:40:50.5372278Z includeif.gitdir:/home/runner/work/meta-expression/meta-expression/.git/worktrees/*.path
Detect Changes	Post Run actions/checkout@v6	2026-05-31T23:40:50.5373260Z includeif.gitdir:/github/workspace/.git.path
Detect Changes	Post Run actions/checkout@v6	2026-05-31T23:40:50.5374009Z includeif.gitdir:/github/workspace/.git/worktrees/*.path
Detect Changes	Post Run actions/checkout@v6	2026-05-31T23:40:50.5381511Z [command]/usr/bin/git config --local --get-all includeif.gitdir:/home/runner/work/meta-expression/meta-expression/.git.path
Detect Changes	Post Run actions/checkout@v6	2026-05-31T23:40:50.5403753Z /home/runner/work/_temp/git-credentials-eebc0ca8-05a2-4c17-a8b0-3801fe0a0e79.config
Detect Changes	Post Run actions/checkout@v6	2026-05-31T23:40:50.5414989Z [command]/usr/bin/git config --local --unset includeif.gitdir:/home/runner/work/meta-expression/meta-expression/.git.path /home/runner/work/_temp/git-credentials-eebc0ca8-05a2-4c17-a8b0-3801fe0a0e79.config
Detect Changes	Post Run actions/checkout@v6	2026-05-31T23:40:50.5450566Z [command]/usr/bin/git config --local --get-all includeif.gitdir:/home/runner/work/meta-expression/meta-expression/.git/worktrees/*.path
Detect Changes	Post Run actions/checkout@v6	2026-05-31T23:40:50.5473573Z /home/runner/work/_temp/git-credentials-eebc0ca8-05a2-4c17-a8b0-3801fe0a0e79.config
Detect Changes	Post Run actions/checkout@v6	2026-05-31T23:40:50.5482839Z [command]/usr/bin/git config --local --unset includeif.gitdir:/home/runner/work/meta-expression/meta-expression/.git/worktrees/*.path /home/runner/work/_temp/git-credentials-eebc0ca8-05a2-4c17-a8b0-3801fe0a0e79.config
Detect Changes	Post Run actions/checkout@v6	2026-05-31T23:40:50.5514179Z [command]/usr/bin/git config --local --get-all includeif.gitdir:/github/workspace/.git.path
Detect Changes	Post Run actions/checkout@v6	2026-05-31T23:40:50.5535891Z /github/runner_temp/git-credentials-eebc0ca8-05a2-4c17-a8b0-3801fe0a0e79.config
Detect Changes	Post Run actions/checkout@v6	2026-05-31T23:40:50.5543292Z [command]/usr/bin/git config --local --unset includeif.gitdir:/github/workspace/.git.path /github/runner_temp/git-credentials-eebc0ca8-05a2-4c17-a8b0-3801fe0a0e79.config
Detect Changes	Post Run actions/checkout@v6	2026-05-31T23:40:50.5578528Z [command]/usr/bin/git config --local --get-all includeif.gitdir:/github/workspace/.git/worktrees/*.path
Detect Changes	Post Run actions/checkout@v6	2026-05-31T23:40:50.5602331Z /github/runner_temp/git-credentials-eebc0ca8-05a2-4c17-a8b0-3801fe0a0e79.config
Detect Changes	Post Run actions/checkout@v6	2026-05-31T23:40:50.5613414Z [command]/usr/bin/git config --local --unset includeif.gitdir:/github/workspace/.git/worktrees/*.path /github/runner_temp/git-credentials-eebc0ca8-05a2-4c17-a8b0-3801fe0a0e79.config
Detect Changes	Post Run actions/checkout@v6	2026-05-31T23:40:50.5650029Z [command]/usr/bin/git submodule foreach --recursive git config --local --show-origin --name-only --get-regexp remote.origin.url
Detect Changes	Post Run actions/checkout@v6	2026-05-31T23:40:50.5896284Z Removing credentials config '/home/runner/work/_temp/git-credentials-eebc0ca8-05a2-4c17-a8b0-3801fe0a0e79.config'
Detect Changes	Complete job	﻿2026-05-31T23:40:50.6030228Z Evaluate and set job outputs
Detect Changes	Complete job	2026-05-31T23:40:50.6039385Z Set output 'mjs-changed'
Detect Changes	Complete job	2026-05-31T23:40:50.6041294Z Set output 'js-changed'
Detect Changes	Complete job	2026-05-31T23:40:50.6041950Z Set output 'rust-changed'
Detect Changes	Complete job	2026-05-31T23:40:50.6042310Z Set output 'package-changed'
Detect Changes	Complete job	2026-05-31T23:40:50.6042666Z Set output 'docs-changed'
Detect Changes	Complete job	2026-05-31T23:40:50.6043013Z Set output 'workflow-changed'
Detect Changes	Complete job	2026-05-31T23:40:50.6043362Z Set output 'any-code-changed'
Detect Changes	Complete job	2026-05-31T23:40:50.6044003Z Cleaning up orphan processes
Test (bun on ubuntu-latest)	Set up job	﻿2026-05-31T23:40:55.0697159Z Current runner version: '2.334.0'
Test (bun on ubuntu-latest)	Set up job	2026-05-31T23:40:55.0731847Z ##[group]Runner Image Provisioner
Test (bun on ubuntu-latest)	Set up job	2026-05-31T23:40:55.0733058Z Hosted Compute Agent
Test (bun on ubuntu-latest)	Set up job	2026-05-31T23:40:55.0734087Z Version: 20260520.533
Test (bun on ubuntu-latest)	Set up job	2026-05-31T23:40:55.0735082Z Commit: 189110e25284a9812c124fd27b339e2fb4f2f9db
Test (bun on ubuntu-latest)	Set up job	2026-05-31T23:40:55.0736158Z Build Date: 2026-05-20T17:44:04Z
Test (bun on ubuntu-latest)	Set up job	2026-05-31T23:40:55.0737328Z Worker ID: {e61ea248-0210-4b3a-9f41-586c88645aaa}
Test (bun on ubuntu-latest)	Set up job	2026-05-31T23:40:55.0738460Z Azure Region: centralus
Test (bun on ubuntu-latest)	Set up job	2026-05-31T23:40:55.0739467Z ##[endgroup]
Test (bun on ubuntu-latest)	Set up job	2026-05-31T23:40:55.0741653Z ##[group]Operating System
Test (bun on ubuntu-latest)	Set up job	2026-05-31T23:40:55.0742639Z Ubuntu
Test (bun on ubuntu-latest)	Set up job	2026-05-31T23:40:55.0743683Z 24.04.4
Test (bun on ubuntu-latest)	Set up job	2026-05-31T23:40:55.0744495Z LTS
Test (bun on ubuntu-latest)	Set up job	2026-05-31T23:40:55.0745426Z ##[endgroup]
Test (bun on ubuntu-latest)	Set up job	2026-05-31T23:40:55.0746330Z ##[group]Runner Image
Test (bun on ubuntu-latest)	Set up job	2026-05-31T23:40:55.0747222Z Image: ubuntu-24.04
Test (bun on ubuntu-latest)	Set up job	2026-05-31T23:40:55.0748165Z Version: 20260525.161.1
Test (bun on ubuntu-latest)	Set up job	2026-05-31T23:40:55.0749808Z Included Software: https://github.com/actions/runner-images/blob/ubuntu24/20260525.161/images/ubuntu/Ubuntu2404-Readme.md
Test (bun on ubuntu-latest)	Set up job	2026-05-31T23:40:55.0752829Z Image Release: https://github.com/actions/runner-images/releases/tag/ubuntu24%2F20260525.161
Test (bun on ubuntu-latest)	Set up job	2026-05-31T23:40:55.0754311Z ##[endgroup]
Test (bun on ubuntu-latest)	Set up job	2026-05-31T23:40:55.0759062Z ##[group]GITHUB_TOKEN Permissions
Test (bun on ubuntu-latest)	Set up job	2026-05-31T23:40:55.0762563Z Actions: write
Test (bun on ubuntu-latest)	Set up job	2026-05-31T23:40:55.0763578Z ArtifactMetadata: write
Test (bun on ubuntu-latest)	Set up job	2026-05-31T23:40:55.0764579Z Attestations: write
Test (bun on ubuntu-latest)	Set up job	2026-05-31T23:40:55.0765581Z Checks: write
Test (bun on ubuntu-latest)	Set up job	2026-05-31T23:40:55.0766496Z CodeQuality: write
Test (bun on ubuntu-latest)	Set up job	2026-05-31T23:40:55.0767484Z Contents: write
Test (bun on ubuntu-latest)	Set up job	2026-05-31T23:40:55.0768358Z Deployments: write
Test (bun on ubuntu-latest)	Set up job	2026-05-31T23:40:55.0769229Z Discussions: write
Test (bun on ubuntu-latest)	Set up job	2026-05-31T23:40:55.0770194Z Issues: write
Test (bun on ubuntu-latest)	Set up job	2026-05-31T23:40:55.0771047Z Metadata: read
Test (bun on ubuntu-latest)	Set up job	2026-05-31T23:40:55.0772097Z Models: read
Test (bun on ubuntu-latest)	Set up job	2026-05-31T23:40:55.0773150Z Packages: write
Test (bun on ubuntu-latest)	Set up job	2026-05-31T23:40:55.0774091Z Pages: write
Test (bun on ubuntu-latest)	Set up job	2026-05-31T23:40:55.0774998Z PullRequests: write
Test (bun on ubuntu-latest)	Set up job	2026-05-31T23:40:55.0775911Z RepositoryProjects: write
Test (bun on ubuntu-latest)	Set up job	2026-05-31T23:40:55.0776848Z SecurityEvents: write
Test (bun on ubuntu-latest)	Set up job	2026-05-31T23:40:55.0777976Z Statuses: write
Test (bun on ubuntu-latest)	Set up job	2026-05-31T23:40:55.0779000Z VulnerabilityAlerts: read
Test (bun on ubuntu-latest)	Set up job	2026-05-31T23:40:55.0780086Z ##[endgroup]
Test (bun on ubuntu-latest)	Set up job	2026-05-31T23:40:55.0783328Z Secret source: Actions
Test (bun on ubuntu-latest)	Set up job	2026-05-31T23:40:55.0785013Z Prepare workflow directory
Test (bun on ubuntu-latest)	Set up job	2026-05-31T23:40:55.1139856Z Prepare all required actions
Test (bun on ubuntu-latest)	Set up job	2026-05-31T23:40:55.1194192Z Getting action download info
Test (bun on ubuntu-latest)	Set up job	2026-05-31T23:40:55.4674329Z Download action repository 'actions/checkout@v6' (SHA:de0fac2e4500dabe0009e67214ff5f5447ce83dd)
Test (bun on ubuntu-latest)	Set up job	2026-05-31T23:40:55.5604554Z Download action repository 'oven-sh/setup-bun@v2' (SHA:0c5077e51419868618aeaa5fe8019c62421857d6)
Test (bun on ubuntu-latest)	Set up job	2026-05-31T23:40:56.0305295Z Complete job name: Test (bun on ubuntu-latest)
Test (bun on ubuntu-latest)	Run actions/checkout@v6	﻿2026-05-31T23:40:56.1188745Z ##[group]Run actions/checkout@v6
Test (bun on ubuntu-latest)	Run actions/checkout@v6	2026-05-31T23:40:56.1190159Z with:
Test (bun on ubuntu-latest)	Run actions/checkout@v6	2026-05-31T23:40:56.1190973Z   fetch-depth: 0
Test (bun on ubuntu-latest)	Run actions/checkout@v6	2026-05-31T23:40:56.1192157Z   repository: link-assistant/meta-expression
Test (bun on ubuntu-latest)	Run actions/checkout@v6	2026-05-31T23:40:56.1201872Z   token: ***
Test (bun on ubuntu-latest)	Run actions/checkout@v6	2026-05-31T23:40:56.1202729Z   ssh-strict: true
Test (bun on ubuntu-latest)	Run actions/checkout@v6	2026-05-31T23:40:56.1203593Z   ssh-user: git
Test (bun on ubuntu-latest)	Run actions/checkout@v6	2026-05-31T23:40:56.1204484Z   persist-credentials: true
Test (bun on ubuntu-latest)	Run actions/checkout@v6	2026-05-31T23:40:56.1205500Z   clean: true
Test (bun on ubuntu-latest)	Run actions/checkout@v6	2026-05-31T23:40:56.1206375Z   sparse-checkout-cone-mode: true
Test (bun on ubuntu-latest)	Run actions/checkout@v6	2026-05-31T23:40:56.1207438Z   fetch-tags: false
Test (bun on ubuntu-latest)	Run actions/checkout@v6	2026-05-31T23:40:56.1208312Z   show-progress: true
Test (bun on ubuntu-latest)	Run actions/checkout@v6	2026-05-31T23:40:56.1209222Z   lfs: false
Test (bun on ubuntu-latest)	Run actions/checkout@v6	2026-05-31T23:40:56.1210040Z   submodules: false
Test (bun on ubuntu-latest)	Run actions/checkout@v6	2026-05-31T23:40:56.1210927Z   set-safe-directory: true
Test (bun on ubuntu-latest)	Run actions/checkout@v6	2026-05-31T23:40:56.1212288Z ##[endgroup]
Test (bun on ubuntu-latest)	Run actions/checkout@v6	2026-05-31T23:40:56.2248395Z Syncing repository: link-assistant/meta-expression
Test (bun on ubuntu-latest)	Run actions/checkout@v6	2026-05-31T23:40:56.2251927Z ##[group]Getting Git version info
Test (bun on ubuntu-latest)	Run actions/checkout@v6	2026-05-31T23:40:56.2253559Z Working directory is '/home/runner/work/meta-expression/meta-expression'
Test (bun on ubuntu-latest)	Run actions/checkout@v6	2026-05-31T23:40:56.2255886Z [command]/usr/bin/git version
Test (bun on ubuntu-latest)	Run actions/checkout@v6	2026-05-31T23:40:56.2285575Z git version 2.54.0
Test (bun on ubuntu-latest)	Run actions/checkout@v6	2026-05-31T23:40:56.2341964Z ##[endgroup]
Test (bun on ubuntu-latest)	Run actions/checkout@v6	2026-05-31T23:40:56.2356324Z Temporarily overriding HOME='/home/runner/work/_temp/5ba1c8e6-30bf-4a30-8790-efd964de54de' before making global git config changes
Test (bun on ubuntu-latest)	Run actions/checkout@v6	2026-05-31T23:40:56.2361401Z Adding repository directory to the temporary git global config as a safe directory
Test (bun on ubuntu-latest)	Run actions/checkout@v6	2026-05-31T23:40:56.2364471Z [command]/usr/bin/git config --global --add safe.directory /home/runner/work/meta-expression/meta-expression
Test (bun on ubuntu-latest)	Run actions/checkout@v6	2026-05-31T23:40:56.2405610Z Deleting the contents of '/home/runner/work/meta-expression/meta-expression'
Test (bun on ubuntu-latest)	Run actions/checkout@v6	2026-05-31T23:40:56.2409543Z ##[group]Initializing the repository
Test (bun on ubuntu-latest)	Run actions/checkout@v6	2026-05-31T23:40:56.2414426Z [command]/usr/bin/git init /home/runner/work/meta-expression/meta-expression
Test (bun on ubuntu-latest)	Run actions/checkout@v6	2026-05-31T23:40:56.2488575Z hint: Using 'master' as the name for the initial branch. This default branch name
Test (bun on ubuntu-latest)	Run actions/checkout@v6	2026-05-31T23:40:56.2491438Z hint: will change to "main" in Git 3.0. To configure the initial branch name
Test (bun on ubuntu-latest)	Run actions/checkout@v6	2026-05-31T23:40:56.2494339Z hint: to use in all of your new repositories, which will suppress this warning,
Test (bun on ubuntu-latest)	Run actions/checkout@v6	2026-05-31T23:40:56.2496445Z hint: call:
Test (bun on ubuntu-latest)	Run actions/checkout@v6	2026-05-31T23:40:56.2497266Z hint:
Test (bun on ubuntu-latest)	Run actions/checkout@v6	2026-05-31T23:40:56.2498280Z hint: 	git config --global init.defaultBranch <name>
Test (bun on ubuntu-latest)	Run actions/checkout@v6	2026-05-31T23:40:56.2499632Z hint:
Test (bun on ubuntu-latest)	Run actions/checkout@v6	2026-05-31T23:40:56.2501027Z hint: Names commonly chosen instead of 'master' are 'main', 'trunk' and
Test (bun on ubuntu-latest)	Run actions/checkout@v6	2026-05-31T23:40:56.2503500Z hint: 'development'. The just-created branch can be renamed via this command:
Test (bun on ubuntu-latest)	Run actions/checkout@v6	2026-05-31T23:40:56.2505033Z hint:
Test (bun on ubuntu-latest)	Run actions/checkout@v6	2026-05-31T23:40:56.2505892Z hint: 	git branch -m <name>
Test (bun on ubuntu-latest)	Run actions/checkout@v6	2026-05-31T23:40:56.2507027Z hint:
Test (bun on ubuntu-latest)	Run actions/checkout@v6	2026-05-31T23:40:56.2508307Z hint: Disable this message with "git config set advice.defaultBranchName false"
Test (bun on ubuntu-latest)	Run actions/checkout@v6	2026-05-31T23:40:56.2510507Z Initialized empty Git repository in /home/runner/work/meta-expression/meta-expression/.git/
Test (bun on ubuntu-latest)	Run actions/checkout@v6	2026-05-31T23:40:56.2514441Z [command]/usr/bin/git remote add origin https://github.com/link-assistant/meta-expression
Test (bun on ubuntu-latest)	Run actions/checkout@v6	2026-05-31T23:40:56.2542612Z ##[endgroup]
Test (bun on ubuntu-latest)	Run actions/checkout@v6	2026-05-31T23:40:56.2544249Z ##[group]Disabling automatic garbage collection
Test (bun on ubuntu-latest)	Run actions/checkout@v6	2026-05-31T23:40:56.2545912Z [command]/usr/bin/git config --local gc.auto 0
Test (bun on ubuntu-latest)	Run actions/checkout@v6	2026-05-31T23:40:56.2577743Z ##[endgroup]
Test (bun on ubuntu-latest)	Run actions/checkout@v6	2026-05-31T23:40:56.2579253Z ##[group]Setting up auth
Test (bun on ubuntu-latest)	Run actions/checkout@v6	2026-05-31T23:40:56.2580281Z Removing SSH command configuration
Test (bun on ubuntu-latest)	Run actions/checkout@v6	2026-05-31T23:40:56.2585070Z [command]/usr/bin/git config --local --name-only --get-regexp core\.sshCommand
Test (bun on ubuntu-latest)	Run actions/checkout@v6	2026-05-31T23:40:56.2620795Z [command]/usr/bin/git submodule foreach --recursive sh -c "git config --local --name-only --get-regexp 'core\.sshCommand' && git config --local --unset-all 'core.sshCommand' || :"
Test (bun on ubuntu-latest)	Run actions/checkout@v6	2026-05-31T23:40:56.2920798Z Removing HTTP extra header
Test (bun on ubuntu-latest)	Run actions/checkout@v6	2026-05-31T23:40:56.2927619Z [command]/usr/bin/git config --local --name-only --get-regexp http\.https\:\/\/github\.com\/\.extraheader
Test (bun on ubuntu-latest)	Run actions/checkout@v6	2026-05-31T23:40:56.2962633Z [command]/usr/bin/git submodule foreach --recursive sh -c "git config --local --name-only --get-regexp 'http\.https\:\/\/github\.com\/\.extraheader' && git config --local --unset-all 'http.https://github.com/.extraheader' || :"
Test (bun on ubuntu-latest)	Run actions/checkout@v6	2026-05-31T23:40:56.3196350Z Removing includeIf entries pointing to credentials config files
Test (bun on ubuntu-latest)	Run actions/checkout@v6	2026-05-31T23:40:56.3203191Z [command]/usr/bin/git config --local --name-only --get-regexp ^includeIf\.gitdir:
Test (bun on ubuntu-latest)	Run actions/checkout@v6	2026-05-31T23:40:56.3237553Z [command]/usr/bin/git submodule foreach --recursive git config --local --show-origin --name-only --get-regexp remote.origin.url
Test (bun on ubuntu-latest)	Run actions/checkout@v6	2026-05-31T23:40:56.3471213Z [command]/usr/bin/git config --file /home/runner/work/_temp/git-credentials-bd270635-b4be-4b24-ba94-b3f236f90653.config http.https://github.com/.extraheader AUTHORIZATION: basic ***
Test (bun on ubuntu-latest)	Run actions/checkout@v6	2026-05-31T23:40:56.3508670Z [command]/usr/bin/git config --local includeIf.gitdir:/home/runner/work/meta-expression/meta-expression/.git.path /home/runner/work/_temp/git-credentials-bd270635-b4be-4b24-ba94-b3f236f90653.config
Test (bun on ubuntu-latest)	Run actions/checkout@v6	2026-05-31T23:40:56.3540193Z [command]/usr/bin/git config --local includeIf.gitdir:/home/runner/work/meta-expression/meta-expression/.git/worktrees/*.path /home/runner/work/_temp/git-credentials-bd270635-b4be-4b24-ba94-b3f236f90653.config
Test (bun on ubuntu-latest)	Run actions/checkout@v6	2026-05-31T23:40:56.3574706Z [command]/usr/bin/git config --local includeIf.gitdir:/github/workspace/.git.path /github/runner_temp/git-credentials-bd270635-b4be-4b24-ba94-b3f236f90653.config
Test (bun on ubuntu-latest)	Run actions/checkout@v6	2026-05-31T23:40:56.3606512Z [command]/usr/bin/git config --local includeIf.gitdir:/github/workspace/.git/worktrees/*.path /github/runner_temp/git-credentials-bd270635-b4be-4b24-ba94-b3f236f90653.config
Test (bun on ubuntu-latest)	Run actions/checkout@v6	2026-05-31T23:40:56.3642075Z ##[endgroup]
Test (bun on ubuntu-latest)	Run actions/checkout@v6	2026-05-31T23:40:56.3644342Z ##[group]Fetching the repository
Test (bun on ubuntu-latest)	Run actions/checkout@v6	2026-05-31T23:40:56.3654685Z [command]/usr/bin/git -c protocol.version=2 fetch --no-tags --prune --no-recurse-submodules origin +refs/heads/*:refs/remotes/origin/* +refs/tags/*:refs/tags/* +013059defe6756ff07463a8bfc6529a19b2f3216:refs/remotes/pull/132/merge
Test (bun on ubuntu-latest)	Run actions/checkout@v6	2026-05-31T23:40:57.5896905Z From https://github.com/link-assistant/meta-expression
Test (bun on ubuntu-latest)	Run actions/checkout@v6	2026-05-31T23:40:57.5898490Z  * [new branch]      issue-1-66f2990709b5                     -> origin/issue-1-66f2990709b5
Test (bun on ubuntu-latest)	Run actions/checkout@v6	2026-05-31T23:40:57.5899917Z  * [new branch]      issue-108-9ec72bf0c00d                   -> origin/issue-108-9ec72bf0c00d
Test (bun on ubuntu-latest)	Run actions/checkout@v6	2026-05-31T23:40:57.5901171Z  * [new branch]      issue-109-59194c3f9440                   -> origin/issue-109-59194c3f9440
Test (bun on ubuntu-latest)	Run actions/checkout@v6	2026-05-31T23:40:57.5902303Z  * [new branch]      issue-11-9475e456ab10                    -> origin/issue-11-9475e456ab10
Test (bun on ubuntu-latest)	Run actions/checkout@v6	2026-05-31T23:40:57.5903352Z  * [new branch]      issue-110-9276996a2025                   -> origin/issue-110-9276996a2025
Test (bun on ubuntu-latest)	Run actions/checkout@v6	2026-05-31T23:40:57.5904341Z  * [new branch]      issue-111-bbd90b48d3d4                   -> origin/issue-111-bbd90b48d3d4
Test (bun on ubuntu-latest)	Run actions/checkout@v6	2026-05-31T23:40:57.5905443Z  * [new branch]      issue-112-c3cd1e55fea7                   -> origin/issue-112-c3cd1e55fea7
Test (bun on ubuntu-latest)	Run actions/checkout@v6	2026-05-31T23:40:57.5906535Z  * [new branch]      issue-113-ca491d8b7b96                   -> origin/issue-113-ca491d8b7b96
Test (bun on ubuntu-latest)	Run actions/checkout@v6	2026-05-31T23:40:57.5907347Z  * [new branch]      issue-114-d0e88e43d42d                   -> origin/issue-114-d0e88e43d42d
Test (bun on ubuntu-latest)	Run actions/checkout@v6	2026-05-31T23:40:57.5908105Z  * [new branch]      issue-115-96ea7e0ff041                   -> origin/issue-115-96ea7e0ff041
Test (bun on ubuntu-latest)	Run actions/checkout@v6	2026-05-31T23:40:57.5908825Z  * [new branch]      issue-116-a642ebf04bb5                   -> origin/issue-116-a642ebf04bb5
Test (bun on ubuntu-latest)	Run actions/checkout@v6	2026-05-31T23:40:57.5909530Z  * [new branch]      issue-126-e1ac50244d41                   -> origin/issue-126-e1ac50244d41
Test (bun on ubuntu-latest)	Run actions/checkout@v6	2026-05-31T23:40:57.5910238Z  * [new branch]      issue-128-41095a0f356d                   -> origin/issue-128-41095a0f356d
Test (bun on ubuntu-latest)	Run actions/checkout@v6	2026-05-31T23:40:57.5911194Z  * [new branch]      issue-128-fed1f7a14626                   -> origin/issue-128-fed1f7a14626
Test (bun on ubuntu-latest)	Run actions/checkout@v6	2026-05-31T23:40:57.5912126Z  * [new branch]      issue-13-0a4fc458320f                    -> origin/issue-13-0a4fc458320f
Test (bun on ubuntu-latest)	Run actions/checkout@v6	2026-05-31T23:40:57.5912865Z  * [new branch]      issue-131-84c06d630fcf                   -> origin/issue-131-84c06d630fcf
Test (bun on ubuntu-latest)	Run actions/checkout@v6	2026-05-31T23:40:57.5913565Z  * [new branch]      issue-15-01d48bf15beb                    -> origin/issue-15-01d48bf15beb
Test (bun on ubuntu-latest)	Run actions/checkout@v6	2026-05-31T23:40:57.5914510Z  * [new branch]      issue-16-a4cb3c8415b5                    -> origin/issue-16-a4cb3c8415b5
Test (bun on ubuntu-latest)	Run actions/checkout@v6	2026-05-31T23:40:57.5915678Z  * [new branch]      issue-17-e37119ec7e2e                    -> origin/issue-17-e37119ec7e2e
Test (bun on ubuntu-latest)	Run actions/checkout@v6	2026-05-31T23:40:57.5916357Z  * [new branch]      issue-18-f441191a8b86                    -> origin/issue-18-f441191a8b86
Test (bun on ubuntu-latest)	Run actions/checkout@v6	2026-05-31T23:40:57.5917156Z  * [new branch]      issue-20-5e25c435fda3                    -> origin/issue-20-5e25c435fda3
Test (bun on ubuntu-latest)	Run actions/checkout@v6	2026-05-31T23:40:57.5917847Z  * [new branch]      issue-21-12a11b28b6e5                    -> origin/issue-21-12a11b28b6e5
Test (bun on ubuntu-latest)	Run actions/checkout@v6	2026-05-31T23:40:57.5918531Z  * [new branch]      issue-23-0aed78e996ae                    -> origin/issue-23-0aed78e996ae
Test (bun on ubuntu-latest)	Run actions/checkout@v6	2026-05-31T23:40:57.5919229Z  * [new branch]      issue-26-2cbee1cb1be5                    -> origin/issue-26-2cbee1cb1be5
Test (bun on ubuntu-latest)	Run actions/checkout@v6	2026-05-31T23:40:57.5919894Z  * [new branch]      issue-27-77fbe1d5f177                    -> origin/issue-27-77fbe1d5f177
Test (bun on ubuntu-latest)	Run actions/checkout@v6	2026-05-31T23:40:57.5920734Z  * [new branch]      issue-29-e5195b346fed                    -> origin/issue-29-e5195b346fed
Test (bun on ubuntu-latest)	Run actions/checkout@v6	2026-05-31T23:40:57.5921615Z  * [new branch]      issue-3-130348eb2e36                     -> origin/issue-3-130348eb2e36
Test (bun on ubuntu-latest)	Run actions/checkout@v6	2026-05-31T23:40:57.5922383Z  * [new branch]      issue-35-c9dc0853f1a0                    -> origin/issue-35-c9dc0853f1a0
Test (bun on ubuntu-latest)	Run actions/checkout@v6	2026-05-31T23:40:57.5923098Z  * [new branch]      issue-37-8620cc7da08c                    -> origin/issue-37-8620cc7da08c
Test (bun on ubuntu-latest)	Run actions/checkout@v6	2026-05-31T23:40:57.5923970Z  * [new branch]      issue-39-6eee7e3da635                    -> origin/issue-39-6eee7e3da635
Test (bun on ubuntu-latest)	Run actions/checkout@v6	2026-05-31T23:40:57.5924628Z  * [new branch]      issue-41-89dc6245cc78                    -> origin/issue-41-89dc6245cc78
Test (bun on ubuntu-latest)	Run actions/checkout@v6	2026-05-31T23:40:57.5925276Z  * [new branch]      issue-43-5b7a25fd4491                    -> origin/issue-43-5b7a25fd4491
Test (bun on ubuntu-latest)	Run actions/checkout@v6	2026-05-31T23:40:57.5925922Z  * [new branch]      issue-48-3cc022473812                    -> origin/issue-48-3cc022473812
Test (bun on ubuntu-latest)	Run actions/checkout@v6	2026-05-31T23:40:57.5926575Z  * [new branch]      issue-5-2c7b23a3dfee                     -> origin/issue-5-2c7b23a3dfee
Test (bun on ubuntu-latest)	Run actions/checkout@v6	2026-05-31T23:40:57.5927262Z  * [new branch]      issue-50-125a6780a77b                    -> origin/issue-50-125a6780a77b
Test (bun on ubuntu-latest)	Run actions/checkout@v6	2026-05-31T23:40:57.5927918Z  * [new branch]      issue-52-14d124fa6a47                    -> origin/issue-52-14d124fa6a47
Test (bun on ubuntu-latest)	Run actions/checkout@v6	2026-05-31T23:40:57.5928769Z  * [new branch]      issue-54-d4e0c163ea88                    -> origin/issue-54-d4e0c163ea88
Test (bun on ubuntu-latest)	Run actions/checkout@v6	2026-05-31T23:40:57.5929573Z  * [new branch]      issue-56-7b4471a86c0c                    -> origin/issue-56-7b4471a86c0c
Test (bun on ubuntu-latest)	Run actions/checkout@v6	2026-05-31T23:40:57.5930250Z  * [new branch]      issue-58-4fd21cb80249                    -> origin/issue-58-4fd21cb80249
Test (bun on ubuntu-latest)	Run actions/checkout@v6	2026-05-31T23:40:57.5930911Z  * [new branch]      issue-60-b3b07b32a4f2                    -> origin/issue-60-b3b07b32a4f2
Test (bun on ubuntu-latest)	Run actions/checkout@v6	2026-05-31T23:40:57.5932154Z  * [new branch]      issue-61-f445f6ea7071                    -> origin/issue-61-f445f6ea7071
Test (bun on ubuntu-latest)	Run actions/checkout@v6	2026-05-31T23:40:57.5932834Z  * [new branch]      issue-62-29076fab68e4                    -> origin/issue-62-29076fab68e4
Test (bun on ubuntu-latest)	Run actions/checkout@v6	2026-05-31T23:40:57.5933505Z  * [new branch]      issue-63-3dec45ca24c4                    -> origin/issue-63-3dec45ca24c4
Test (bun on ubuntu-latest)	Run actions/checkout@v6	2026-05-31T23:40:57.5934190Z  * [new branch]      issue-64-e00c5810edcd                    -> origin/issue-64-e00c5810edcd
Test (bun on ubuntu-latest)	Run actions/checkout@v6	2026-05-31T23:40:57.5934899Z  * [new branch]      issue-65-4c2d1e1c1926                    -> origin/issue-65-4c2d1e1c1926
Test (bun on ubuntu-latest)	Run actions/checkout@v6	2026-05-31T23:40:57.5935602Z  * [new branch]      issue-66-efa2706d57bf                    -> origin/issue-66-efa2706d57bf
Test (bun on ubuntu-latest)	Run actions/checkout@v6	2026-05-31T23:40:57.5936306Z  * [new branch]      issue-67-cbc1c5ac4ed2                    -> origin/issue-67-cbc1c5ac4ed2
Test (bun on ubuntu-latest)	Run actions/checkout@v6	2026-05-31T23:40:57.5936987Z  * [new branch]      issue-68-08241e2554cb                    -> origin/issue-68-08241e2554cb
Test (bun on ubuntu-latest)	Run actions/checkout@v6	2026-05-31T23:40:57.5937658Z  * [new branch]      issue-69-420bc440686f                    -> origin/issue-69-420bc440686f
Test (bun on ubuntu-latest)	Run actions/checkout@v6	2026-05-31T23:40:57.5938321Z  * [new branch]      issue-7-c2cf5051240a                     -> origin/issue-7-c2cf5051240a
Test (bun on ubuntu-latest)	Run actions/checkout@v6	2026-05-31T23:40:57.5938978Z  * [new branch]      issue-70-2f41021b3b88                    -> origin/issue-70-2f41021b3b88
Test (bun on ubuntu-latest)	Run actions/checkout@v6	2026-05-31T23:40:57.5939818Z  * [new branch]      issue-71-213699cb7a07                    -> origin/issue-71-213699cb7a07
Test (bun on ubuntu-latest)	Run actions/checkout@v6	2026-05-31T23:40:57.5940476Z  * [new branch]      issue-72-f280d3968ee3                    -> origin/issue-72-f280d3968ee3
Test (bun on ubuntu-latest)	Run actions/checkout@v6	2026-05-31T23:40:57.5941141Z  * [new branch]      issue-73-a48e9ea13ed4                    -> origin/issue-73-a48e9ea13ed4
Test (bun on ubuntu-latest)	Run actions/checkout@v6	2026-05-31T23:40:57.5942020Z  * [new branch]      issue-74-3fccc9cfd1e9                    -> origin/issue-74-3fccc9cfd1e9
Test (bun on ubuntu-latest)	Run actions/checkout@v6	2026-05-31T23:40:57.5942688Z  * [new branch]      issue-87-7cc151ec3bc6                    -> origin/issue-87-7cc151ec3bc6
Test (bun on ubuntu-latest)	Run actions/checkout@v6	2026-05-31T23:40:57.5943352Z  * [new branch]      issue-88-7fdca54b4623                    -> origin/issue-88-7fdca54b4623
Test (bun on ubuntu-latest)	Run actions/checkout@v6	2026-05-31T23:40:57.5944010Z  * [new branch]      issue-89-4d53f5773d5a                    -> origin/issue-89-4d53f5773d5a
Test (bun on ubuntu-latest)	Run actions/checkout@v6	2026-05-31T23:40:57.5944674Z  * [new branch]      issue-9-24bcebd55a5d                     -> origin/issue-9-24bcebd55a5d
Test (bun on ubuntu-latest)	Run actions/checkout@v6	2026-05-31T23:40:57.5945460Z  * [new branch]      issue-90-cabb5d305b6f                    -> origin/issue-90-cabb5d305b6f
Test (bun on ubuntu-latest)	Run actions/checkout@v6	2026-05-31T23:40:57.5946139Z  * [new branch]      issue-91-7228b4557dc6                    -> origin/issue-91-7228b4557dc6
Test (bun on ubuntu-latest)	Run actions/checkout@v6	2026-05-31T23:40:57.5946812Z  * [new branch]      issue-92-561ee90494aa                    -> origin/issue-92-561ee90494aa
Test (bun on ubuntu-latest)	Run actions/checkout@v6	2026-05-31T23:40:57.5947629Z  * [new branch]      issue-93-81850df7e6ef                    -> origin/issue-93-81850df7e6ef
Test (bun on ubuntu-latest)	Run actions/checkout@v6	2026-05-31T23:40:57.5948316Z  * [new branch]      issue-94-61bb8b947c61                    -> origin/issue-94-61bb8b947c61
Test (bun on ubuntu-latest)	Run actions/checkout@v6	2026-05-31T23:40:57.5949020Z  * [new branch]      issue-96-baaac01fda6b                    -> origin/issue-96-baaac01fda6b
Test (bun on ubuntu-latest)	Run actions/checkout@v6	2026-05-31T23:40:57.5949654Z  * [new branch]      main                                     -> origin/main
Test (bun on ubuntu-latest)	Run actions/checkout@v6	2026-05-31T23:40:57.5950200Z  * [new tag]         v0.10.0                                  -> v0.10.0
Test (bun on ubuntu-latest)	Run actions/checkout@v6	2026-05-31T23:40:57.5950720Z  * [new tag]         v0.11.0                                  -> v0.11.0
Test (bun on ubuntu-latest)	Run actions/checkout@v6	2026-05-31T23:40:57.5951229Z  * [new tag]         v0.12.0                                  -> v0.12.0
Test (bun on ubuntu-latest)	Run actions/checkout@v6	2026-05-31T23:40:57.5952027Z  * [new ref]         013059defe6756ff07463a8bfc6529a19b2f3216 -> pull/132/merge
Test (bun on ubuntu-latest)	Run actions/checkout@v6	2026-05-31T23:40:57.6031756Z ##[endgroup]
Test (bun on ubuntu-latest)	Run actions/checkout@v6	2026-05-31T23:40:57.6032697Z ##[group]Determining the checkout info
Test (bun on ubuntu-latest)	Run actions/checkout@v6	2026-05-31T23:40:57.6038444Z ##[endgroup]
Test (bun on ubuntu-latest)	Run actions/checkout@v6	2026-05-31T23:40:57.6039431Z [command]/usr/bin/git sparse-checkout disable
Test (bun on ubuntu-latest)	Run actions/checkout@v6	2026-05-31T23:40:57.6087455Z [command]/usr/bin/git config --local --unset-all extensions.worktreeConfig
Test (bun on ubuntu-latest)	Run actions/checkout@v6	2026-05-31T23:40:57.6117850Z ##[group]Checking out the ref
Test (bun on ubuntu-latest)	Run actions/checkout@v6	2026-05-31T23:40:57.6122103Z [command]/usr/bin/git checkout --progress --force refs/remotes/pull/132/merge
Test (bun on ubuntu-latest)	Run actions/checkout@v6	2026-05-31T23:40:57.7872755Z Note: switching to 'refs/remotes/pull/132/merge'.
Test (bun on ubuntu-latest)	Run actions/checkout@v6	2026-05-31T23:40:57.7873417Z 
Test (bun on ubuntu-latest)	Run actions/checkout@v6	2026-05-31T23:40:57.7873735Z You are in 'detached HEAD' state. You can look around, make experimental
Test (bun on ubuntu-latest)	Run actions/checkout@v6	2026-05-31T23:40:57.7874395Z changes and commit them, and you can discard any commits you make in this
Test (bun on ubuntu-latest)	Run actions/checkout@v6	2026-05-31T23:40:57.7875121Z state without impacting any branches by switching back to a branch.
Test (bun on ubuntu-latest)	Run actions/checkout@v6	2026-05-31T23:40:57.7875470Z 
Test (bun on ubuntu-latest)	Run actions/checkout@v6	2026-05-31T23:40:57.7875750Z If you want to create a new branch to retain commits you create, you may
Test (bun on ubuntu-latest)	Run actions/checkout@v6	2026-05-31T23:40:57.7876353Z do so (now or later) by using -c with the switch command. Example:
Test (bun on ubuntu-latest)	Run actions/checkout@v6	2026-05-31T23:40:57.7876701Z 
Test (bun on ubuntu-latest)	Run actions/checkout@v6	2026-05-31T23:40:57.7876879Z   git switch -c <new-branch-name>
Test (bun on ubuntu-latest)	Run actions/checkout@v6	2026-05-31T23:40:57.7877120Z 
Test (bun on ubuntu-latest)	Run actions/checkout@v6	2026-05-31T23:40:57.7877291Z Or undo this operation with:
Test (bun on ubuntu-latest)	Run actions/checkout@v6	2026-05-31T23:40:57.7877517Z 
Test (bun on ubuntu-latest)	Run actions/checkout@v6	2026-05-31T23:40:57.7877652Z   git switch -
Test (bun on ubuntu-latest)	Run actions/checkout@v6	2026-05-31T23:40:57.7877830Z 
Test (bun on ubuntu-latest)	Run actions/checkout@v6	2026-05-31T23:40:57.7878132Z Turn off this advice by setting config variable advice.detachedHead to false
Test (bun on ubuntu-latest)	Run actions/checkout@v6	2026-05-31T23:40:57.7878528Z 
Test (bun on ubuntu-latest)	Run actions/checkout@v6	2026-05-31T23:40:57.7878965Z HEAD is now at 013059d Merge 13c36686c6d21fdc95652a52f8d4000724435a59 into 31459438fca6525575167930fa8f9d1161b491ee
Test (bun on ubuntu-latest)	Run actions/checkout@v6	2026-05-31T23:40:57.7894565Z ##[endgroup]
Test (bun on ubuntu-latest)	Run actions/checkout@v6	2026-05-31T23:40:57.7943463Z [command]/usr/bin/git log -1 --format=%H
Test (bun on ubuntu-latest)	Run actions/checkout@v6	2026-05-31T23:40:57.8038470Z 013059defe6756ff07463a8bfc6529a19b2f3216
Test (bun on ubuntu-latest)	Simulate fresh merge with base branch (PR only)	﻿2026-05-31T23:40:57.8223400Z ##[group]Run bash scripts/simulate-fresh-merge.sh
Test (bun on ubuntu-latest)	Simulate fresh merge with base branch (PR only)	2026-05-31T23:40:57.8224008Z ^[[36;1mbash scripts/simulate-fresh-merge.sh^[[0m
Test (bun on ubuntu-latest)	Simulate fresh merge with base branch (PR only)	2026-05-31T23:40:57.8258186Z shell: /usr/bin/bash --noprofile --norc -e -o pipefail {0}
Test (bun on ubuntu-latest)	Simulate fresh merge with base branch (PR only)	2026-05-31T23:40:57.8258699Z env:
Test (bun on ubuntu-latest)	Simulate fresh merge with base branch (PR only)	2026-05-31T23:40:57.8258992Z   BASE_REF: main
Test (bun on ubuntu-latest)	Simulate fresh merge with base branch (PR only)	2026-05-31T23:40:57.8259291Z ##[endgroup]
Test (bun on ubuntu-latest)	Simulate fresh merge with base branch (PR only)	2026-05-31T23:40:57.8345694Z === Synchronizing PR with latest main ===
Test (bun on ubuntu-latest)	Simulate fresh merge with base branch (PR only)	2026-05-31T23:40:57.8346622Z This prevents stale merge preview issues (see docs/case-studies/issue-23)
Test (bun on ubuntu-latest)	Simulate fresh merge with base branch (PR only)	2026-05-31T23:40:57.8347030Z 
Test (bun on ubuntu-latest)	Simulate fresh merge with base branch (PR only)	2026-05-31T23:40:57.8381798Z Fetching latest main...
Test (bun on ubuntu-latest)	Simulate fresh merge with base branch (PR only)	2026-05-31T23:40:58.0724474Z From https://github.com/link-assistant/meta-expression
Test (bun on ubuntu-latest)	Simulate fresh merge with base branch (PR only)	2026-05-31T23:40:58.0725276Z  * branch            main       -> FETCH_HEAD
Test (bun on ubuntu-latest)	Simulate fresh merge with base branch (PR only)	2026-05-31T23:40:58.0814168Z Current checkout (merge preview): 013059defe6756ff07463a8bfc6529a19b2f3216
Test (bun on ubuntu-latest)	Simulate fresh merge with base branch (PR only)	2026-05-31T23:40:58.0815250Z Latest base branch (main): 31459438fca6525575167930fa8f9d1161b491ee
Test (bun on ubuntu-latest)	Simulate fresh merge with base branch (PR only)	2026-05-31T23:40:58.0815696Z 
Test (bun on ubuntu-latest)	Simulate fresh merge with base branch (PR only)	2026-05-31T23:40:58.0838906Z Merge preview is up-to-date with main. No simulation needed.
Test (bun on ubuntu-latest)	Simulate fresh merge with base branch (PR only)	2026-05-31T23:40:58.0839331Z 
Test (bun on ubuntu-latest)	Setup Bun	﻿2026-05-31T23:40:58.0936018Z ##[group]Run oven-sh/setup-bun@v2
Test (bun on ubuntu-latest)	Setup Bun	2026-05-31T23:40:58.0936365Z with:
Test (bun on ubuntu-latest)	Setup Bun	2026-05-31T23:40:58.0936624Z   bun-version: latest
Test (bun on ubuntu-latest)	Setup Bun	2026-05-31T23:40:58.0937167Z   no-cache: false
Test (bun on ubuntu-latest)	Setup Bun	2026-05-31T23:40:58.0939977Z   token: ***
Test (bun on ubuntu-latest)	Setup Bun	2026-05-31T23:40:58.0940241Z ##[endgroup]
Test (bun on ubuntu-latest)	Setup Bun	2026-05-31T23:40:58.5943248Z Downloading a new version of Bun: https://github.com/oven-sh/bun/releases/download/bun-v1.3.14/bun-linux-x64.zip
Test (bun on ubuntu-latest)	Setup Bun	2026-05-31T23:40:59.0554546Z [command]/usr/bin/unzip -o -q /home/runner/work/_temp/a037afdb-d604-4eb2-bcaf-2e9b2c09e968.zip
Test (bun on ubuntu-latest)	Setup Bun	2026-05-31T23:40:59.8076212Z [command]/home/runner/.bun/bin/bun --revision
Test (bun on ubuntu-latest)	Setup Bun	2026-05-31T23:40:59.8117457Z 1.3.14+0d9b296af
Test (bun on ubuntu-latest)	Install dependencies (Bun)	﻿2026-05-31T23:40:59.8254900Z ##[group]Run bun install
Test (bun on ubuntu-latest)	Install dependencies (Bun)	2026-05-31T23:40:59.8255204Z ^[[36;1mbun install^[[0m
Test (bun on ubuntu-latest)	Install dependencies (Bun)	2026-05-31T23:40:59.8285824Z shell: /usr/bin/bash -e {0}
Test (bun on ubuntu-latest)	Install dependencies (Bun)	2026-05-31T23:40:59.8286117Z ##[endgroup]
Test (bun on ubuntu-latest)	Install dependencies (Bun)	2026-05-31T23:40:59.8358987Z bun install v1.3.14 (0d9b296a)
Test (bun on ubuntu-latest)	Install dependencies (Bun)	2026-05-31T23:40:59.8403441Z [3.61ms] migrated lockfile from package-lock.json
Test (bun on ubuntu-latest)	Install dependencies (Bun)	2026-05-31T23:41:00.3198709Z Saved lockfile
Test (bun on ubuntu-latest)	Install dependencies (Bun)	2026-05-31T23:41:00.3199018Z 
Test (bun on ubuntu-latest)	Install dependencies (Bun)	2026-05-31T23:41:00.3203705Z $ husky || true
Test (bun on ubuntu-latest)	Install dependencies (Bun)	2026-05-31T23:41:00.5353522Z 
Test (bun on ubuntu-latest)	Install dependencies (Bun)	2026-05-31T23:41:00.5354225Z + doublets-web@0.1.3
Test (bun on ubuntu-latest)	Install dependencies (Bun)	2026-05-31T23:41:00.5354737Z + links-notation@0.13.0
Test (bun on ubuntu-latest)	Install dependencies (Bun)	2026-05-31T23:41:00.5355181Z + lino-arguments@0.3.0
Test (bun on ubuntu-latest)	Install dependencies (Bun)	2026-05-31T23:41:00.5355577Z + @changesets/cli@2.29.8
Test (bun on ubuntu-latest)	Install dependencies (Bun)	2026-05-31T23:41:00.5355992Z + eslint@9.39.2
Test (bun on ubuntu-latest)	Install dependencies (Bun)	2026-05-31T23:41:00.5356371Z + eslint-config-prettier@10.1.8
Test (bun on ubuntu-latest)	Install dependencies (Bun)	2026-05-31T23:41:00.5357094Z + eslint-plugin-prettier@5.5.4
Test (bun on ubuntu-latest)	Install dependencies (Bun)	2026-05-31T23:41:00.5358960Z + husky@9.1.7
Test (bun on ubuntu-latest)	Install dependencies (Bun)	2026-05-31T23:41:00.5359304Z + jscpd@4.0.5
Test (bun on ubuntu-latest)	Install dependencies (Bun)	2026-05-31T23:41:00.5359643Z + lint-staged@16.2.7
Test (bun on ubuntu-latest)	Install dependencies (Bun)	2026-05-31T23:41:00.5360006Z + playwright@1.60.0
Test (bun on ubuntu-latest)	Install dependencies (Bun)	2026-05-31T23:41:00.5360459Z + prettier@3.7.4
Test (bun on ubuntu-latest)	Install dependencies (Bun)	2026-05-31T23:41:00.5360811Z + test-anywhere@0.8.48
Test (bun on ubuntu-latest)	Install dependencies (Bun)	2026-05-31T23:41:00.5361202Z + wasm-pack@0.15.0
Test (bun on ubuntu-latest)	Install dependencies (Bun)	2026-05-31T23:41:00.5361408Z 
Test (bun on ubuntu-latest)	Install dependencies (Bun)	2026-05-31T23:41:00.5361767Z 350 packages installed [699.00ms]
Test (bun on ubuntu-latest)	Install dependencies (Bun)	2026-05-31T23:41:00.5362068Z 
Test (bun on ubuntu-latest)	Install dependencies (Bun)	2026-05-31T23:41:00.5362349Z Blocked 1 postinstall. Run `bun pm untrusted` for details.
Test (bun on ubuntu-latest)	Run no-regression acceptance gate (Bun)	﻿2026-05-31T23:41:00.5461184Z ##[group]Run bun test --timeout 30000 js/tests/integration/issue-74-acceptance-gate.test.js js/tests/integration/issue-26-comparable-fixtures.test.js js/tests/integration/issue-114-competitor-quality-gates.test.js js/tests/integration/issue-54-formal-ai-corpus.test.js js/tests/integration/issue-72-parity.test.js
Test (bun on ubuntu-latest)	Run no-regression acceptance gate (Bun)	2026-05-31T23:41:00.5465185Z ^[[36;1mbun test --timeout 30000 js/tests/integration/issue-74-acceptance-gate.test.js js/tests/integration/issue-26-comparable-fixtures.test.js js/tests/integration/issue-114-competitor-quality-gates.test.js js/tests/integration/issue-54-formal-ai-corpus.test.js js/tests/integration/issue-72-parity.test.js^[[0m
Test (bun on ubuntu-latest)	Run no-regression acceptance gate (Bun)	2026-05-31T23:41:00.5512139Z shell: /usr/bin/bash -e {0}
Test (bun on ubuntu-latest)	Run no-regression acceptance gate (Bun)	2026-05-31T23:41:00.5512576Z ##[endgroup]
Test (bun on ubuntu-latest)	Run no-regression acceptance gate (Bun)	2026-05-31T23:41:00.5602241Z bun test v1.3.14 (0d9b296a)
Test (bun on ubuntu-latest)	Run no-regression acceptance gate (Bun)	2026-05-31T23:41:00.5716858Z 
Test (bun on ubuntu-latest)	Run no-regression acceptance gate (Bun)	2026-05-31T23:41:00.5717665Z ##[group]js/tests/integration/issue-26-comparable-fixtures.test.js:
Test (bun on ubuntu-latest)	Run no-regression acceptance gate (Bun)	2026-05-31T23:41:00.6231855Z (pass) issue 26 — A. arithmetic kernel (deterministic) > reports correctness=1 and signedConfidence=+1 for "1 + 1 = 2" (matches Wolfram Alpha / Z3 sat / Lean rfl) [3.35ms]
Test (bun on ubuntu-latest)	Run no-regression acceptance gate (Bun)	2026-05-31T23:41:00.6237964Z (pass) issue 26 — A. arithmetic kernel (deterministic) > reports correctness=1 and signedConfidence=+1 for "2 + 2 = 4" (matches Wolfram Alpha / Z3 sat / Lean rfl) [0.70ms]
Test (bun on ubuntu-latest)	Run no-regression acceptance gate (Bun)	2026-05-31T23:41:00.6241333Z (pass) issue 26 — A. arithmetic kernel (deterministic) > reports correctness=1 and signedConfidence=+1 for "2 * 3 = 6" (matches Wolfram Alpha / Z3 sat / Lean rfl) [0.34ms]
Test (bun on ubuntu-latest)	Run no-regression acceptance gate (Bun)	2026-05-31T23:41:00.6257717Z (pass) issue 26 — A. arithmetic kernel (deterministic) > reports correctness=1 and signedConfidence=+1 for "10 - 4 = 6" (matches Wolfram Alpha / Z3 sat / Lean rfl) [0.25ms]
Test (bun on ubuntu-latest)	Run no-regression acceptance gate (Bun)	2026-05-31T23:41:00.6273245Z (pass) issue 26 — A. arithmetic kernel (deterministic) > reports correctness=0 and signedConfidence=-1 for "1 + 1 = 1" (matches Wolfram Alpha False / Z3 unsat) [0.31ms]
Test (bun on ubuntu-latest)	Run no-regression acceptance gate (Bun)	2026-05-31T23:41:00.6283635Z (pass) issue 26 — A. arithmetic kernel (deterministic) > reports correctness=0 and signedConfidence=-1 for "2 + 2 = 5" (matches Wolfram Alpha False / Z3 unsat) [0.25ms]
Test (bun on ubuntu-latest)	Run no-regression acceptance gate (Bun)	2026-05-31T23:41:00.6285929Z (pass) issue 26 — A. arithmetic kernel (deterministic) > reports correctness=0 and signedConfidence=-1 for "2 * 3 = 7" (matches Wolfram Alpha False / Z3 unsat) [0.20ms]
Test (bun on ubuntu-latest)	Run no-regression acceptance gate (Bun)	2026-05-31T23:41:00.6288063Z (pass) issue 26 — A. arithmetic kernel (deterministic) > reports correctness=0 and signedConfidence=-1 for "10 - 4 = 5" (matches Wolfram Alpha False / Z3 unsat) [0.33ms]
Test (bun on ubuntu-latest)	Run no-regression acceptance gate (Bun)	2026-05-31T23:41:00.6290010Z (pass) issue 26 — A. arithmetic kernel (deterministic) > returns the question-shaped value for "1 + 1" (Wolfram Alpha "Result" pod = 2) [1.07ms]
Test (bun on ubuntu-latest)	Run no-regression acceptance gate (Bun)	2026-05-31T23:41:00.6291983Z (pass) issue 26 — A. arithmetic kernel (deterministic) > returns the question-shaped value for "1 - 1" (Wolfram Alpha "Result" pod = 0) [0.32ms]
Test (bun on ubuntu-latest)	Run no-regression acceptance gate (Bun)	2026-05-31T23:41:00.6323117Z (pass) issue 26 — B. Wikidata-structured public facts > keeps "Earth orbits the Sun" within the (0.5, 1) support band (Wikidata Q2 P398 Q525) [5.31ms]
Test (bun on ubuntu-latest)	Run no-regression acceptance gate (Bun)	2026-05-31T23:41:00.6329236Z (pass) issue 26 — B. Wikidata-structured public facts > keeps real-world confidence bounded below 1 to leave room for refutation [0.63ms]
Test (bun on ubuntu-latest)	Run no-regression acceptance gate (Bun)	2026-05-31T23:41:00.6338845Z (pass) issue 26 — B. Wikidata-structured public facts > still resolves "Moon orbits the Sun" as supported via the parent-body chain Moon → Earth → Sun [0.93ms]
Test (bun on ubuntu-latest)	Run no-regression acceptance gate (Bun)	2026-05-31T23:41:00.6345497Z (pass) issue 26 — B. Wikidata-structured public facts > resolves "Moon orbits Earth" as supported by Wikidata Q405 P397 Q2 [0.69ms]
Test (bun on ubuntu-latest)	Run no-regression acceptance gate (Bun)	2026-05-31T23:41:00.6361192Z (pass) issue 26 — B. Wikidata-structured public facts > resolves "Paris is the capital of France" as supported by Wikidata Q142 P36 Q90 [1.36ms]
Test (bun on ubuntu-latest)	Run no-regression acceptance gate (Bun)	2026-05-31T23:41:00.6367820Z (pass) issue 26 — B. Wikidata-structured public facts > resolves "Berlin is the capital of Germany" as supported by Wikidata Q183 P36 Q64 [0.80ms]
Test (bun on ubuntu-latest)	Run no-regression acceptance gate (Bun)	2026-05-31T23:41:00.6378457Z (pass) issue 26 — B. Wikidata-structured public facts > refutes "Berlin is the capital of France" from the France capital fixture [0.87ms]
Test (bun on ubuntu-latest)	Run no-regression acceptance gate (Bun)	2026-05-31T23:41:00.6395687Z (pass) issue 26 — B. Wikidata-structured public facts > refuses to claim binary certainty for negated facts (e.g. "Earth does not orbit the Sun") [0.82ms]
Test (bun on ubuntu-latest)	Run no-regression acceptance gate (Bun)	2026-05-31T23:41:00.6397708Z (pass) issue 26 — C. Wikidata P570 liveness templates > keeps "Elon Musk is alive" within the (0.5, 1) support band (Wikidata Q317521 has no P570) [1.02ms]
Test (bun on ubuntu-latest)	Run no-regression acceptance gate (Bun)	2026-05-31T23:41:00.6402525Z (pass) issue 26 — C. Wikidata P570 liveness templates > keeps bounded confidence (<1) for the liveness fixture so refutation remains representable [0.64ms]
Test (bun on ubuntu-latest)	Run no-regression acceptance gate (Bun)	2026-05-31T23:41:00.6409106Z (pass) issue 26 — C. Wikidata P570 liveness templates > handles the negated liveness fixture without crashing or claiming binary certainty [0.69ms]
Test (bun on ubuntu-latest)	Run no-regression acceptance gate (Bun)	2026-05-31T23:41:00.6416284Z (pass) issue 26 — C. Wikidata P570 liveness templates > resolves "Ada Lovelace is dead" from the recorded P570 value [0.76ms]
Test (bun on ubuntu-latest)	Run no-regression acceptance gate (Bun)	2026-05-31T23:41:00.6425276Z (pass) issue 26 — C. Wikidata P570 liveness templates > refutes "Ada Lovelace is alive" from the recorded P570 value [0.77ms]
Test (bun on ubuntu-latest)	Run no-regression acceptance gate (Bun)	2026-05-31T23:41:00.6433466Z (pass) issue 26 — D. self-reference / Liar paradox > returns neutral metrics for "this statement is false" (Tarski/Kripke undetermined) [0.33ms]
Test (bun on ubuntu-latest)	Run no-regression acceptance gate (Bun)	2026-05-31T23:41:00.6435184Z (pass) issue 26 — D. self-reference / Liar paradox > never assigns a binary verdict to a self-referential claim [0.22ms]
Test (bun on ubuntu-latest)	Run no-regression acceptance gate (Bun)	2026-05-31T23:41:00.6436846Z (pass) issue 26 — D. self-reference / Liar paradox > returns neutral metrics for the positive Liar variant "this statement is true" [0.20ms]
Test (bun on ubuntu-latest)	Run no-regression acceptance gate (Bun)	2026-05-31T23:41:00.6439776Z (pass) issue 26 — D. self-reference / Liar paradox > records Russell-style set self-reference as unknown instead of inventing a binary verdict [0.79ms]
Test (bun on ubuntu-latest)	Run no-regression acceptance gate (Bun)	2026-05-31T23:41:00.6441769Z (skip) issue 26 — E. NL → logic / triple extraction (roadmap Phase 8) > extracts (Barack Obama; was born in; Hawaii) triple — Stanford OpenIE canonical
Test (bun on ubuntu-latest)	Run no-regression acceptance gate (Bun)	2026-05-31T23:41:00.6453291Z (skip) issue 26 — E. NL → logic / triple extraction (roadmap Phase 8) > extracts SRL roles for "Mary gave John a book" — AllenNLP canonical
Test (bun on ubuntu-latest)	Run no-regression acceptance gate (Bun)	2026-05-31T23:41:00.6455068Z (skip) issue 26 — E. NL → logic / triple extraction (roadmap Phase 8) > exposes scope-ambiguous FOL for "Every man loves a woman" — Boxer/Montague
Test (bun on ubuntu-latest)	Run no-regression acceptance gate (Bun)	2026-05-31T23:41:00.6457015Z (skip) issue 26 — E. NL → logic / triple extraction (roadmap Phase 8) > emits AMR-style CST for "The boy wants to go" — AMR canonical
Test (bun on ubuntu-latest)	Run no-regression acceptance gate (Bun)	2026-05-31T23:41:00.6458796Z (skip) issue 26 — F. disputed-truth corpora (band-only, Phase 10) > keeps `0 < correctness < 1` for ClaimReview "5G causes coronavirus" — Google Fact Check
Test (bun on ubuntu-latest)	Run no-regression acceptance gate (Bun)	2026-05-31T23:41:00.6460609Z (skip) issue 26 — F. disputed-truth corpora (band-only, Phase 10) > keeps `0 < correctness < 1` for Snopes "Einstein failed math in school"
Test (bun on ubuntu-latest)	Run no-regression acceptance gate (Bun)	2026-05-31T23:41:00.6462416Z (skip) issue 26 — F. disputed-truth corpora (band-only, Phase 10) > keeps `0 < correctness < 1` for Politifact "Barack Obama was born in Kenya"
Test (bun on ubuntu-latest)	Run no-regression acceptance gate (Bun)	2026-05-31T23:41:00.6464226Z (skip) issue 26 — F. disputed-truth corpora (band-only, Phase 10) > keeps `0 < correctness < 1` for Politifact "Crime is at an all-time high"
Test (bun on ubuntu-latest)	Run no-regression acceptance gate (Bun)	2026-05-31T23:41:00.6465761Z (skip) issue 26 — G. uniqueness / paraphrase > detects paraphrase similarity for SBERT STS-B canonical pair
Test (bun on ubuntu-latest)	Run no-regression acceptance gate (Bun)	2026-05-31T23:41:00.6488487Z (pass) issue 26 — G. uniqueness / paraphrase > returns at least one source match for the iThenticate-style published text sample [4.76ms]
Test (bun on ubuntu-latest)	Run no-regression acceptance gate (Bun)	2026-05-31T23:41:00.6491267Z (pass) issue 26 — H. knowledge representation round-trip > persists the LinksPlatform Doublets single-link self-loop fixture [0.31ms]
Test (bun on ubuntu-latest)	Run no-regression acceptance gate (Bun)	2026-05-31T23:41:00.6493185Z (skip) issue 26 — H. knowledge representation round-trip > round-trips ClaimReview JSON-LD for "Earth orbits the Sun" — Phase 10 evidence interchange
Test (bun on ubuntu-latest)	Run no-regression acceptance gate (Bun)	2026-05-31T23:41:00.6494919Z (pass) issue 26 — documentation sanity > publishes the concept comparison doc with the documented legend symbols [0.22ms]
Test (bun on ubuntu-latest)	Run no-regression acceptance gate (Bun)	2026-05-31T23:41:00.6496445Z (pass) issue 26 — documentation sanity > publishes the feature comparison matrix with the four legend symbols [0.16ms]
Test (bun on ubuntu-latest)	Run no-regression acceptance gate (Bun)	2026-05-31T23:41:00.6497880Z (pass) issue 26 — documentation sanity > publishes the case-study README and test-case catalogue [0.10ms]
Test (bun on ubuntu-latest)	Run no-regression acceptance gate (Bun)	2026-05-31T23:41:00.6498878Z 
Test (bun on ubuntu-latest)	Run no-regression acceptance gate (Bun)	2026-05-31T23:41:00.6499738Z ##[endgroup]
Test (bun on ubuntu-latest)	Run no-regression acceptance gate (Bun)	2026-05-31T23:41:00.6499931Z 
Test (bun on ubuntu-latest)	Run no-regression acceptance gate (Bun)	2026-05-31T23:41:00.6500409Z ##[group]js/tests/integration/issue-72-parity.test.js:
Test (bun on ubuntu-latest)	Run no-regression acceptance gate (Bun)	2026-05-31T23:41:00.6531276Z (pass) issue 72 - formal-ai upstream corpus parity gate > pins the current upstream release instead of the stale 706-case release [0.08ms]
Test (bun on ubuntu-latest)	Run no-regression acceptance gate (Bun)	2026-05-31T23:41:00.6542987Z (pass) issue 72 - formal-ai upstream corpus parity gate > assigns every upstream test case either a local assertion or an explicit skip reason [1.13ms]
Test (bun on ubuntu-latest)	Run no-regression acceptance gate (Bun)	2026-05-31T23:41:00.7217626Z (pass) issue 72 - formal-ai upstream corpus parity gate > executes the currently shipped Formal AI translation parity assertions [67.45ms]
Test (bun on ubuntu-latest)	Run no-regression acceptance gate (Bun)	2026-05-31T23:41:00.7218826Z 
Test (bun on ubuntu-latest)	Run no-regression acceptance gate (Bun)	2026-05-31T23:41:00.7219892Z ##[endgroup]
Test (bun on ubuntu-latest)	Run no-regression acceptance gate (Bun)	2026-05-31T23:41:00.7220125Z 
Test (bun on ubuntu-latest)	Run no-regression acceptance gate (Bun)	2026-05-31T23:41:00.7220709Z ##[group]js/tests/integration/issue-54-formal-ai-corpus.test.js:
Test (bun on ubuntu-latest)	Run no-regression acceptance gate (Bun)	2026-05-31T23:41:00.7271714Z (pass) issue 54 - exact formal-ai upstream test corpus index > indexes every formal-ai test case from the pinned upstream commit [0.97ms]
Test (bun on ubuntu-latest)	Run no-regression acceptance gate (Bun)	2026-05-31T23:41:00.7273568Z (pass) issue 54 - formal-ai prompt parsing > parses formal-ai translation prompt variants without configuration [0.19ms]
Test (bun on ubuntu-latest)	Run no-regression acceptance gate (Bun)	2026-05-31T23:41:00.7416928Z (pass) issue 54 - formal-ai prompt translation corpus > answers formal-ai translation-via-links corpus prompts [14.36ms]
Test (bun on ubuntu-latest)	Run no-regression acceptance gate (Bun)	2026-05-31T23:41:00.7464570Z (pass) issue 54 - formal-ai prompt translation corpus > covers formal-ai common-noun translation prompts in both directions [4.70ms]
Test (bun on ubuntu-latest)	Run no-regression acceptance gate (Bun)	2026-05-31T23:41:00.7492034Z (pass) issue 54 - formal-ai prompt translation corpus > reports formal-ai translation gaps without language placeholders [2.76ms]
Test (bun on ubuntu-latest)	Run no-regression acceptance gate (Bun)	2026-05-31T23:41:00.7502268Z 
Test (bun on ubuntu-latest)	Run no-regression acceptance gate (Bun)	2026-05-31T23:41:00.7503234Z ##[endgroup]
Test (bun on ubuntu-latest)	Run no-regression acceptance gate (Bun)	2026-05-31T23:41:00.7503924Z 
Test (bun on ubuntu-latest)	Run no-regression acceptance gate (Bun)	2026-05-31T23:41:00.7504748Z ##[group]js/tests/integration/issue-74-acceptance-gate.test.js:
Test (bun on ubuntu-latest)	Run no-regression acceptance gate (Bun)	2026-05-31T23:41:00.7538096Z (pass) issue 74 - no-regression acceptance gate > covers every concrete acceptance example listed in the requirements [0.54ms]
Test (bun on ubuntu-latest)	Run no-regression acceptance gate (Bun)	2026-05-31T23:41:00.7580399Z (pass) issue 74 - no-regression acceptance gate > keeps the current behavior for non-translation acceptance examples [4.71ms]
Test (bun on ubuntu-latest)	Run no-regression acceptance gate (Bun)	2026-05-31T23:41:00.7651422Z (pass) issue 74 - no-regression acceptance gate > keeps the current behavior for translation acceptance examples [7.09ms]
Test (bun on ubuntu-latest)	Run no-regression acceptance gate (Bun)	2026-05-31T23:41:00.7653071Z (pass) issue 74 - no-regression acceptance gate > wires competitor and formal-ai corpora into the same local gate [0.19ms]
Test (bun on ubuntu-latest)	Run no-regression acceptance gate (Bun)	2026-05-31T23:41:00.7654411Z (pass) issue 74 - no-regression acceptance gate > runs the same no-regression gate in CI [0.16ms]
Test (bun on ubuntu-latest)	Run no-regression acceptance gate (Bun)	2026-05-31T23:41:00.7655129Z 
Test (bun on ubuntu-latest)	Run no-regression acceptance gate (Bun)	2026-05-31T23:41:00.7655918Z ##[endgroup]
Test (bun on ubuntu-latest)	Run no-regression acceptance gate (Bun)	2026-05-31T23:41:00.7656188Z 
Test (bun on ubuntu-latest)	Run no-regression acceptance gate (Bun)	2026-05-31T23:41:00.7656973Z ##[group]js/tests/integration/issue-114-competitor-quality-gates.test.js:
Test (bun on ubuntu-latest)	Run no-regression acceptance gate (Bun)	2026-05-31T23:41:00.7697281Z (pass) issue 114 - competitor dataset quality gates > tracks measured pass rates for every harvested competitor dataset [2.03ms]
Test (bun on ubuntu-latest)	Run no-regression acceptance gate (Bun)	2026-05-31T23:41:00.7780262Z (pass) issue 114 - competitor dataset quality gates > executes every enabled competitor dataset case as a recurring gate [8.31ms]
Test (bun on ubuntu-latest)	Run no-regression acceptance gate (Bun)	2026-05-31T23:41:00.7782191Z (pass) issue 114 - competitor dataset quality gates > keeps the competitor gate wired into local acceptance and CI [0.18ms]
Test (bun on ubuntu-latest)	Run no-regression acceptance gate (Bun)	2026-05-31T23:41:00.7789319Z (pass) issue 114 - competitor dataset quality gates > publishes the measured scores in both comparison documents [0.60ms]
Test (bun on ubuntu-latest)	Run no-regression acceptance gate (Bun)	2026-05-31T23:41:00.7790000Z 
Test (bun on ubuntu-latest)	Run no-regression acceptance gate (Bun)	2026-05-31T23:41:00.7790520Z ##[endgroup]
Test (bun on ubuntu-latest)	Run no-regression acceptance gate (Bun)	2026-05-31T23:41:00.7790801Z 
Test (bun on ubuntu-latest)	Run no-regression acceptance gate (Bun)	2026-05-31T23:41:00.7791021Z 10 tests skipped:
Test (bun on ubuntu-latest)	Run no-regression acceptance gate (Bun)	2026-05-31T23:41:00.7792623Z (skip) issue 26 — E. NL → logic / triple extraction (roadmap Phase 8) > extracts (Barack Obama; was born in; Hawaii) triple — Stanford OpenIE canonical
Test (bun on ubuntu-latest)	Run no-regression acceptance gate (Bun)	2026-05-31T23:41:00.7794169Z (skip) issue 26 — E. NL → logic / triple extraction (roadmap Phase 8) > extracts SRL roles for "Mary gave John a book" — AllenNLP canonical
Test (bun on ubuntu-latest)	Run no-regression acceptance gate (Bun)	2026-05-31T23:41:00.7795711Z (skip) issue 26 — E. NL → logic / triple extraction (roadmap Phase 8) > exposes scope-ambiguous FOL for "Every man loves a woman" — Boxer/Montague
Test (bun on ubuntu-latest)	Run no-regression acceptance gate (Bun)	2026-05-31T23:41:00.7797452Z (skip) issue 26 — E. NL → logic / triple extraction (roadmap Phase 8) > emits AMR-style CST for "The boy wants to go" — AMR canonical
Test (bun on ubuntu-latest)	Run no-regression acceptance gate (Bun)	2026-05-31T23:41:00.7798439Z (skip) issue 26 — F. disputed-truth corpora (band-only, Phase 10) > keeps `0 < correctness < 1` for ClaimReview "5G causes coronavirus" — Google Fact Check
Test (bun on ubuntu-latest)	Run no-regression acceptance gate (Bun)	2026-05-31T23:41:00.7799412Z (skip) issue 26 — F. disputed-truth corpora (band-only, Phase 10) > keeps `0 < correctness < 1` for Snopes "Einstein failed math in school"
Test (bun on ubuntu-latest)	Run no-regression acceptance gate (Bun)	2026-05-31T23:41:00.7800343Z (skip) issue 26 — F. disputed-truth corpora (band-only, Phase 10) > keeps `0 < correctness < 1` for Politifact "Barack Obama was born in Kenya"
Test (bun on ubuntu-latest)	Run no-regression acceptance gate (Bun)	2026-05-31T23:41:00.7801336Z (skip) issue 26 — F. disputed-truth corpora (band-only, Phase 10) > keeps `0 < correctness < 1` for Politifact "Crime is at an all-time high"
Test (bun on ubuntu-latest)	Run no-regression acceptance gate (Bun)	2026-05-31T23:41:00.7802469Z (skip) issue 26 — G. uniqueness / paraphrase > detects paraphrase similarity for SBERT STS-B canonical pair
Test (bun on ubuntu-latest)	Run no-regression acceptance gate (Bun)	2026-05-31T23:41:00.7803434Z (skip) issue 26 — H. knowledge representation round-trip > round-trips ClaimReview JSON-LD for "Earth orbits the Sun" — Phase 10 evidence interchange
Test (bun on ubuntu-latest)	Run no-regression acceptance gate (Bun)	2026-05-31T23:41:00.7803957Z 
Test (bun on ubuntu-latest)	Run no-regression acceptance gate (Bun)	2026-05-31T23:41:00.7804051Z  49 pass
Test (bun on ubuntu-latest)	Run no-regression acceptance gate (Bun)	2026-05-31T23:41:00.7804255Z  10 skip
Test (bun on ubuntu-latest)	Run no-regression acceptance gate (Bun)	2026-05-31T23:41:00.7804447Z  0 fail
Test (bun on ubuntu-latest)	Run no-regression acceptance gate (Bun)	2026-05-31T23:41:00.7804661Z Ran 59 tests across 5 files. [219.00ms]
Test (bun on ubuntu-latest)	Run tests (Bun)	﻿2026-05-31T23:41:00.7889632Z ##[group]Run bun test --timeout 30000
Test (bun on ubuntu-latest)	Run tests (Bun)	2026-05-31T23:41:00.7889970Z ^[[36;1mbun test --timeout 30000^[[0m
Test (bun on ubuntu-latest)	Run tests (Bun)	2026-05-31T23:41:00.7917756Z shell: /usr/bin/bash -e {0}
Test (bun on ubuntu-latest)	Run tests (Bun)	2026-05-31T23:41:00.7918035Z ##[endgroup]
Test (bun on ubuntu-latest)	Run tests (Bun)	2026-05-31T23:41:00.7982461Z bun test v1.3.14 (0d9b296a)
Test (bun on ubuntu-latest)	Run tests (Bun)	2026-05-31T23:41:00.8097634Z 
Test (bun on ubuntu-latest)	Run tests (Bun)	2026-05-31T23:41:00.8098406Z ##[group]js/tests/integration/issue-90-originality-report.test.js:
Test (bun on ubuntu-latest)	Run tests (Bun)	2026-05-31T23:41:00.8642252Z (pass) issue 90 - document-level originality report > returns source spans, strengths, exclusions, and document source groups [6.96ms]
Test (bun on ubuntu-latest)	Run tests (Bun)	2026-05-31T23:41:00.8642879Z 
Test (bun on ubuntu-latest)	Run tests (Bun)	2026-05-31T23:41:00.8643352Z ##[endgroup]
Test (bun on ubuntu-latest)	Run tests (Bun)	2026-05-31T23:41:00.8643820Z 
Test (bun on ubuntu-latest)	Run tests (Bun)	2026-05-31T23:41:00.8644122Z ##[group]js/tests/integration/issue-9.test.js:
Test (bun on ubuntu-latest)	Run tests (Bun)	2026-05-31T23:41:00.8653163Z (pass) issue 9 - prepared examples and opposites > exposes opposites for every prepared example [0.21ms]
Test (bun on ubuntu-latest)	Run tests (Bun)	2026-05-31T23:41:00.8654753Z (pass) issue 9 - prepared examples and opposites > keeps opposites symmetric for negation pairs [0.20ms]
Test (bun on ubuntu-latest)	Run tests (Bun)	2026-05-31T23:41:00.8659601Z (pass) issue 9 - prepared examples and opposites > returns 4 random examples by default with deterministic seed [0.41ms]
Test (bun on ubuntu-latest)	Run tests (Bun)	2026-05-31T23:41:00.8665933Z (pass) issue 9 - prepared examples and opposites > finds opposites for known examples [0.64ms]
Test (bun on ubuntu-latest)	Run tests (Bun)	2026-05-31T23:41:00.8670551Z (pass) issue 9 - disambiguation longest-match > matches Elon Musk as a single Wikidata Q id [0.45ms]
Test (bun on ubuntu-latest)	Run tests (Bun)	2026-05-31T23:41:00.8671988Z (pass) issue 9 - disambiguation longest-match > exposes sub-phrase candidates as additional interpretations [0.12ms]
Test (bun on ubuntu-latest)	Run tests (Bun)	2026-05-31T23:41:00.8673228Z (pass) issue 9 - disambiguation longest-match > describes phrase mappings for downstream consumers [0.14ms]
Test (bun on ubuntu-latest)	Run tests (Bun)	2026-05-31T23:41:00.8674260Z (pass) issue 9 - reasoning strategies > defaults to disambiguation-first [0.03ms]
Test (bun on ubuntu-latest)	Run tests (Bun)	2026-05-31T23:41:00.8675271Z (pass) issue 9 - reasoning strategies > lists multiple strategies for meta-strategy composition [0.11ms]
Test (bun on ubuntu-latest)	Run tests (Bun)	2026-05-31T23:41:00.8678598Z (pass) issue 9 - reasoning strategies > orders steps according to the selected strategy [0.36ms]
Test (bun on ubuntu-latest)	Run tests (Bun)	2026-05-31T23:41:00.8679753Z (pass) issue 9 - reasoning strategies > returns the default strategy when an unknown id is requested [0.02ms]
Test (bun on ubuntu-latest)	Run tests (Bun)	2026-05-31T23:41:00.8743986Z (pass) issue 9 - analyzeStatement enrichment > returns alternatives, dependencies, definitions, and confirmations [6.47ms]
Test (bun on ubuntu-latest)	Run tests (Bun)	2026-05-31T23:41:00.8750704Z (pass) issue 9 - analyzeStatement enrichment > exposes refutations when evidence refutes the claim [0.71ms]
Test (bun on ubuntu-latest)	Run tests (Bun)	2026-05-31T23:41:00.8762881Z (pass) issue 9 - analyzeStatement enrichment > attaches the selected reasoning strategy and ordered steps [0.73ms]
Test (bun on ubuntu-latest)	Run tests (Bun)	2026-05-31T23:41:00.8764482Z (pass) issue 9 - analyzeStatement enrichment > returns the opposite statement for known examples [0.60ms]
Test (bun on ubuntu-latest)	Run tests (Bun)	2026-05-31T23:41:00.8765501Z 
Test (bun on ubuntu-latest)	Run tests (Bun)	2026-05-31T23:41:00.8766216Z ##[endgroup]
Test (bun on ubuntu-latest)	Run tests (Bun)	2026-05-31T23:41:00.8766581Z 
Test (bun on ubuntu-latest)	Run tests (Bun)	2026-05-31T23:41:00.8767309Z ##[group]js/tests/integration/issue-21-context-detection.test.js:
Test (bun on ubuntu-latest)	Run tests (Bun)	2026-05-31T23:41:00.8890279Z (pass) issue 21 — verb-form disambiguation > routes "formalize" through the "to formalize" alias to Q115492965 [10.16ms]
Test (bun on ubuntu-latest)	Run tests (Bun)	2026-05-31T23:41:00.8907713Z (pass) issue 21 — verb-form disambiguation > does not expand multi-token phrases or non-verb-like tokens [1.76ms]
Test (bun on ubuntu-latest)	Run tests (Bun)	2026-05-31T23:41:00.8923167Z (pass) issue 21 — multi-candidate context aggregation > lets weaker candidates contribute weighted votes to the shared context [0.86ms]
Test (bun on ubuntu-latest)	Run tests (Bun)	2026-05-31T23:41:00.8947851Z (pass) issue 21 — multi-candidate context aggregation > records sourceCandidates with the per-candidate weight [0.15ms]
Test (bun on ubuntu-latest)	Run tests (Bun)	2026-05-31T23:41:00.8952316Z (pass) issue 21 — disambiguation tier registry > exposes the three default tiers in priority order [0.04ms]
Test (bun on ubuntu-latest)	Run tests (Bun)	2026-05-31T23:41:00.8954200Z (pass) issue 21 — disambiguation tier registry > keeps single-token stop words in the n-gram list with stopOnly=true [0.10ms]
Test (bun on ubuntu-latest)	Run tests (Bun)	2026-05-31T23:41:00.8955861Z (pass) issue 21 — Wikipedia tier > Wikipedia source backfills wikibase_item Q-ids onto its candidates [0.67ms]
Test (bun on ubuntu-latest)	Run tests (Bun)	2026-05-31T23:41:00.8957382Z (pass) issue 21 — Wikipedia tier > falls back to a wp:<slug> id when Wikipedia returns no wikibase_item [0.27ms]
Test (bun on ubuntu-latest)	Run tests (Bun)	2026-05-31T23:41:00.8959363Z (pass) issue 21 — Wiktionary tier > Wiktionary source returns one candidate per definition for single tokens [0.23ms]
Test (bun on ubuntu-latest)	Run tests (Bun)	2026-05-31T23:41:00.8960826Z (pass) issue 21 — Wiktionary tier > skips Wiktionary lookups for multi-token phrases [0.09ms]
Test (bun on ubuntu-latest)	Run tests (Bun)	2026-05-31T23:41:00.8963457Z (pass) issue 21 — pipeline integration of new tiers > routes stop words ONLY to the Wiktionary tier in the full pipeline [0.67ms]
Test (bun on ubuntu-latest)	Run tests (Bun)	2026-05-31T23:41:00.8965485Z (pass) issue 21 — pipeline integration of new tiers > Wikipedia-confirmed Wikidata Q-id outranks a bare Wikidata-only hit [1.24ms]
Test (bun on ubuntu-latest)	Run tests (Bun)	2026-05-31T23:41:00.8967603Z (pass) issue 21 — pipeline integration of new tiers > still allows callers to disable the new tiers by passing explicit sources [0.67ms]
Test (bun on ubuntu-latest)	Run tests (Bun)	2026-05-31T23:41:00.8968613Z 
Test (bun on ubuntu-latest)	Run tests (Bun)	2026-05-31T23:41:00.8969269Z ##[endgroup]
Test (bun on ubuntu-latest)	Run tests (Bun)	2026-05-31T23:41:00.8969651Z 
Test (bun on ubuntu-latest)	Run tests (Bun)	2026-05-31T23:41:00.8970301Z ##[group]js/tests/integration/issue-48.test.js:
Test (bun on ubuntu-latest)	Run tests (Bun)	2026-05-31T23:41:00.9122712Z (pass) issue 48 - complete formalize -> semantic -> naturalize coverage > formalizes and naturalizes every word from issue 45 [12.06ms]
Test (bun on ubuntu-latest)	Run tests (Bun)	2026-05-31T23:41:00.9188797Z (pass) issue 48 - complete formalize -> semantic -> naturalize coverage > keeps issue 45 stable through a round trip [8.82ms]
Test (bun on ubuntu-latest)	Run tests (Bun)	2026-05-31T23:41:00.9208540Z (pass) issue 48 - complete formalize -> semantic -> naturalize coverage > formalizes and naturalizes every word from issue 46 [1.97ms]
Test (bun on ubuntu-latest)	Run tests (Bun)	2026-05-31T23:41:00.9243060Z (pass) issue 48 - complete formalize -> semantic -> naturalize coverage > keeps issue 46 stable through a round trip [2.93ms]
Test (bun on ubuntu-latest)	Run tests (Bun)	2026-05-31T23:41:00.9265409Z (pass) issue 48 - complete formalize -> semantic -> naturalize coverage > formalizes and naturalizes every word from issue 47 [1.52ms]
Test (bun on ubuntu-latest)	Run tests (Bun)	2026-05-31T23:41:00.9283521Z (pass) issue 48 - complete formalize -> semantic -> naturalize coverage > keeps issue 47 stable through a round trip [3.01ms]
Test (bun on ubuntu-latest)	Run tests (Bun)	2026-05-31T23:41:00.9284509Z 
Test (bun on ubuntu-latest)	Run tests (Bun)	2026-05-31T23:41:00.9285353Z ##[endgroup]
Test (bun on ubuntu-latest)	Run tests (Bun)	2026-05-31T23:41:00.9285744Z 
Test (bun on ubuntu-latest)	Run tests (Bun)	2026-05-31T23:41:00.9286449Z ##[group]js/tests/integration/issue-87-claim-review.test.js:
Test (bun on ubuntu-latest)	Run tests (Bun)	2026-05-31T23:41:00.9614972Z (pass) issue 87 - ClaimReview fact-check interchange > imports a public ClaimReview JSON-LD example into evidence, verdict, source, and provenance fields [0.71ms]
Test (bun on ubuntu-latest)	Run tests (Bun)	2026-05-31T23:41:00.9617068Z (pass) issue 87 - ClaimReview fact-check interchange > parses ClaimReview JSON-LD from an HTML script tag [0.34ms]
Test (bun on ubuntu-latest)	Run tests (Bun)	2026-05-31T23:41:00.9640339Z (pass) issue 87 - ClaimReview fact-check interchange > exports a checked statement as ClaimReview JSON-LD with claim, rating, source URL, and retrieval timestamp [2.21ms]
Test (bun on ubuntu-latest)	Run tests (Bun)	2026-05-31T23:41:00.9650447Z (pass) issue 87 - ClaimReview fact-check interchange > keeps plain text /check behavior unchanged [1.09ms]
Test (bun on ubuntu-latest)	Run tests (Bun)	2026-05-31T23:41:00.9824472Z (pass) issue 87 - ClaimReview fact-check interchange > supports ClaimReview JSON-LD as a /check export format in the CLI [14.36ms]
Test (bun on ubuntu-latest)	Run tests (Bun)	2026-05-31T23:41:00.9958764Z (pass) issue 87 - ClaimReview fact-check interchange > serves ClaimReview JSON-LD from HTTP /check while keeping default JSON check output [16.35ms]
Test (bun on ubuntu-latest)	Run tests (Bun)	2026-05-31T23:41:00.9960026Z 
Test (bun on ubuntu-latest)	Run tests (Bun)	2026-05-31T23:41:00.9960942Z ##[endgroup]
Test (bun on ubuntu-latest)	Run tests (Bun)	2026-05-31T23:41:00.9961347Z 
Test (bun on ubuntu-latest)	Run tests (Bun)	2026-05-31T23:41:00.9962293Z ##[group]js/tests/integration/issue-70.test.js:
Test (bun on ubuntu-latest)	Run tests (Bun)	2026-05-31T23:41:00.9981135Z (pass) issue 70 - parser-backed reasoning metadata > publishes parser CST plus versioned provenance on every reasoning artifact [0.55ms]
Test (bun on ubuntu-latest)	Run tests (Bun)	2026-05-31T23:41:01.0012012Z 
Test (bun on ubuntu-latest)	Run tests (Bun)	2026-05-31T23:41:01.0012724Z ##[endgroup]
Test (bun on ubuntu-latest)	Run tests (Bun)	2026-05-31T23:41:01.0013128Z 
Test (bun on ubuntu-latest)	Run tests (Bun)	2026-05-31T23:41:01.0014038Z ##[group]js/tests/integration/issue-96-paragraph-translation.test.js:
Test (bun on ubuntu-latest)	Run tests (Bun)	2026-05-31T23:41:01.0015364Z (pass) issue 96 - top-2025 article fixture > captures the top-10 most viewed 2025 articles from the Topviews last-year list [0.08ms]
Test (bun on ubuntu-latest)	Run tests (Bun)	2026-05-31T23:41:01.0016992Z (pass) issue 96 - top-2025 article fixture > captures multi-paragraph prose for each article in most popular languages [0.92ms]
Test (bun on ubuntu-latest)	Run tests (Bun)	2026-05-31T23:41:01.2036664Z (pass) issue 96 - paragraph translation into most popular languages > translates the .xxx lead paragraph into every captured language [200.42ms]
Test (bun on ubuntu-latest)	Run tests (Bun)	2026-05-31T23:41:01.4353115Z (pass) issue 96 - paragraph translation into most popular languages > translates the Charlie_Kirk lead paragraph into every captured language [232.66ms]
Test (bun on ubuntu-latest)	Run tests (Bun)	2026-05-31T23:41:01.6426877Z (pass) issue 96 - paragraph translation into most popular languages > translates the ChatGPT lead paragraph into every captured language [207.83ms]
Test (bun on ubuntu-latest)	Run tests (Bun)	2026-05-31T23:41:01.7919118Z (pass) issue 96 - paragraph translation into most popular languages > translates the Google_Chrome lead paragraph into every captured language [149.23ms]
Test (bun on ubuntu-latest)	Run tests (Bun)	2026-05-31T23:41:02.0575885Z (pass) issue 96 - paragraph translation into most popular languages > translates the 1989_Tiananmen_Square_protests_and_massacre lead paragraph into every captured language [264.17ms]
Test (bun on ubuntu-latest)	Run tests (Bun)	2026-05-31T23:41:02.2966468Z (pass) issue 96 - paragraph translation into most popular languages > translates the Ed_Gein lead paragraph into every captured language [240.51ms]
Test (bun on ubuntu-latest)	Run tests (Bun)	2026-05-31T23:41:02.4027985Z (pass) issue 96 - paragraph translation into most popular languages > translates the Donald_Trump lead paragraph into every captured language [106.12ms]
Test (bun on ubuntu-latest)	Run tests (Bun)	2026-05-31T23:41:02.5313908Z (pass) issue 96 - paragraph translation into most popular languages > translates the Zohran_Mamdani lead paragraph into every captured language [128.56ms]
Test (bun on ubuntu-latest)	Run tests (Bun)	2026-05-31T23:41:02.6438941Z (pass) issue 96 - paragraph translation into most popular languages > translates the Elon_Musk lead paragraph into every captured language [112.47ms]
Test (bun on ubuntu-latest)	Run tests (Bun)	2026-05-31T23:41:02.9192788Z (pass) issue 96 - paragraph translation into most popular languages > translates the XXX_(2002_film) lead paragraph into every captured language [275.36ms]
Test (bun on ubuntu-latest)	Run tests (Bun)	2026-05-31T23:41:03.0092193Z (pass) issue 96 - English to Russian paragraph translation quality > produces real Russian vocabulary for every top-2025 lead paragraph [89.92ms]
Test (bun on ubuntu-latest)	Run tests (Bun)	2026-05-31T23:41:03.0200268Z (pass) issue 96 - multi-paragraph article coverage > translates every paragraph of a multi-paragraph lead [10.89ms]
Test (bun on ubuntu-latest)	Run tests (Bun)	2026-05-31T23:41:03.0201233Z 
Test (bun on ubuntu-latest)	Run tests (Bun)	2026-05-31T23:41:03.0203179Z ##[endgroup]
Test (bun on ubuntu-latest)	Run tests (Bun)	2026-05-31T23:41:03.0206594Z 
Test (bun on ubuntu-latest)	Run tests (Bun)	2026-05-31T23:41:03.0207385Z ##[group]js/tests/integration/issue-21-snapshot-cache.test.js:
Test (bun on ubuntu-latest)	Run tests (Bun)	2026-05-31T23:41:03.0346641Z (pass) issue 21 — snapshot store > round-trips a snapshot: write → load → cache.get returns the same value [2.21ms]
Test (bun on ubuntu-latest)	Run tests (Bun)	2026-05-31T23:41:03.0353707Z (pass) issue 21 — snapshot store > writes a manifest.lino entry alongside every recorded snapshot [0.77ms]
Test (bun on ubuntu-latest)	Run tests (Bun)	2026-05-31T23:41:03.0364275Z (pass) issue 21 — snapshot store > skips duplicate manifest entries when the same URL is rewritten [1.04ms]
Test (bun on ubuntu-latest)	Run tests (Bun)	2026-05-31T23:41:03.0369028Z (pass) issue 21 — snapshot fetch modes > replay mode never calls the live fetch when the snapshot exists [0.49ms]
Test (bun on ubuntu-latest)	Run tests (Bun)	2026-05-31T23:41:03.0373078Z (pass) issue 21 — snapshot fetch modes > replay mode throws when no snapshot is recorded for the URL [0.40ms]
Test (bun on ubuntu-latest)	Run tests (Bun)	2026-05-31T23:41:03.0382905Z (pass) issue 21 — snapshot fetch modes > record mode always calls the live fetch and persists the response [0.94ms]
Test (bun on ubuntu-latest)	Run tests (Bun)	2026-05-31T23:41:03.0400395Z (pass) issue 21 — snapshot fetch modes > overlay mode prefers cached snapshots and only records misses [1.68ms]
Test (bun on ubuntu-latest)	Run tests (Bun)	2026-05-31T23:41:03.0410257Z (pass) issue 21 — snapshot layer wired into formalizeTextWith > replays the cached search response without touching the network [0.40ms]
Test (bun on ubuntu-latest)	Run tests (Bun)	2026-05-31T23:41:03.0425519Z (pass) issue 21 — snapshot layer wired into formalizeTextWith > overlay mode lets formalize fall back to a stub fetch on a miss [1.54ms]
Test (bun on ubuntu-latest)	Run tests (Bun)	2026-05-31T23:41:03.0429668Z (pass) issue 21 — committed Wikipedia/Wikidata snapshots replay offline > loads every snapshot under tests/fixtures/wikimedia-snapshots without error [0.18ms]
Test (bun on ubuntu-latest)	Run tests (Bun)	2026-05-31T23:41:03.0431371Z (pass) issue 21 — committed Wikipedia/Wikidata snapshots replay offline > formalizes "Hawaii" entirely from snapshots in REPLAY mode [0.19ms]
Test (bun on ubuntu-latest)	Run tests (Bun)	2026-05-31T23:41:03.0433418Z (pass) issue 21 — committed Wikipedia/Wikidata snapshots replay offline > formalizes "formalize" entirely from snapshots in REPLAY mode [0.19ms]
Test (bun on ubuntu-latest)	Run tests (Bun)	2026-05-31T23:41:03.0435622Z (pass) issue 21 — committed Wikipedia/Wikidata snapshots replay offline > resolves "the" via Wiktionary fallback when Wikidata has no item [0.16ms]
Test (bun on ubuntu-latest)	Run tests (Bun)	2026-05-31T23:41:03.0436436Z 
Test (bun on ubuntu-latest)	Run tests (Bun)	2026-05-31T23:41:03.0437017Z ##[endgroup]
Test (bun on ubuntu-latest)	Run tests (Bun)	2026-05-31T23:41:03.0437192Z 
Test (bun on ubuntu-latest)	Run tests (Bun)	2026-05-31T23:41:03.0437633Z ##[group]js/tests/integration/issue-64.test.js:
Test (bun on ubuntu-latest)	Run tests (Bun)	2026-05-31T23:41:03.0459827Z (pass) issue 64 - general statement formalization > turns arbitrary text into partial structured meaning links with questions [1.09ms]
Test (bun on ubuntu-latest)	Run tests (Bun)	2026-05-31T23:41:03.0465339Z (pass) issue 64 - general statement formalization > keeps concrete acceptance examples evidence-backed while adding metadata [0.54ms]
Test (bun on ubuntu-latest)	Run tests (Bun)	2026-05-31T23:41:03.0466224Z 
Test (bun on ubuntu-latest)	Run tests (Bun)	2026-05-31T23:41:03.0466740Z ##[endgroup]
Test (bun on ubuntu-latest)	Run tests (Bun)	2026-05-31T23:41:03.0466961Z 
Test (bun on ubuntu-latest)	Run tests (Bun)	2026-05-31T23:41:03.0467404Z ##[group]js/tests/integration/issue-50.test.js:
Test (bun on ubuntu-latest)	Run tests (Bun)	2026-05-31T23:41:03.0547830Z (pass) issue 50 - Translate page coverage and link targets > translates the reported technical prose without unresolved variables [6.78ms]
Test (bun on ubuntu-latest)	Run tests (Bun)	2026-05-31T23:41:03.0557123Z (pass) issue 50 - Translate page coverage and link targets > keeps local lexical links opt-in for Translate output [0.94ms]
Test (bun on ubuntu-latest)	Run tests (Bun)	2026-05-31T23:41:03.0561767Z (pass) issue 50 - Translate page coverage and link targets > uses Wikidata link targets by default in Translate [0.48ms]
Test (bun on ubuntu-latest)	Run tests (Bun)	2026-05-31T23:41:03.0676954Z (pass) issue 50 - Translate page coverage and link targets > limits source lookup concurrency so long text does not burst Wikimedia [11.48ms]
Test (bun on ubuntu-latest)	Run tests (Bun)	2026-05-31T23:41:03.0682275Z (pass) issue 50 - Translate page coverage and link targets > exposes a Translate link-target selector in the web UI [0.51ms]
Test (bun on ubuntu-latest)	Run tests (Bun)	2026-05-31T23:41:03.0683038Z 
Test (bun on ubuntu-latest)	Run tests (Bun)	2026-05-31T23:41:03.0683498Z ##[endgroup]
Test (bun on ubuntu-latest)	Run tests (Bun)	2026-05-31T23:41:03.0683688Z 
Test (bun on ubuntu-latest)	Run tests (Bun)	2026-05-31T23:41:03.0684213Z ##[group]js/tests/integration/issue-88-provenance-jsonld.test.js:
Test (bun on ubuntu-latest)	Run tests (Bun)	2026-05-31T23:41:03.0717183Z (pass) issue 88 - JSON-LD and PROV-O evidence provenance > exports /analyze evidence as JSON-LD with result, source, retrieval time, confidence inputs, and Links Notation [1.98ms]
Test (bun on ubuntu-latest)	Run tests (Bun)	2026-05-31T23:41:03.0727115Z (pass) issue 88 - JSON-LD and PROV-O evidence provenance > projects /analyze evidence into a PROV-O-compatible JSON-LD graph [1.03ms]
Test (bun on ubuntu-latest)	Run tests (Bun)	2026-05-31T23:41:03.0738031Z (pass) issue 88 - JSON-LD and PROV-O evidence provenance > exports /check evidence as JSON-LD without dropping the existing Links Notation output [1.09ms]
Test (bun on ubuntu-latest)	Run tests (Bun)	2026-05-31T23:41:03.0858665Z (pass) issue 88 - JSON-LD and PROV-O evidence provenance > supports JSON-LD and PROV-O as analyze/check export formats in CLI and HTTP surfaces [12.01ms]
Test (bun on ubuntu-latest)	Run tests (Bun)	2026-05-31T23:41:03.0859781Z 
Test (bun on ubuntu-latest)	Run tests (Bun)	2026-05-31T23:41:03.0860720Z ##[endgroup]
Test (bun on ubuntu-latest)	Run tests (Bun)	2026-05-31T23:41:03.0861151Z 
Test (bun on ubuntu-latest)	Run tests (Bun)	2026-05-31T23:41:03.0861995Z ##[group]js/tests/integration/issue-23.test.js:
Test (bun on ubuntu-latest)	Run tests (Bun)	2026-05-31T23:41:03.0898946Z (pass) issue-23 R3 — interpretation display modes > exposes the five public modes [0.03ms]
Test (bun on ubuntu-latest)	Run tests (Bun)	2026-05-31T23:41:03.0900443Z (pass) issue-23 R3 — interpretation display modes > formats phrase by id [0.12ms]
Test (bun on ubuntu-latest)	Run tests (Bun)	2026-05-31T23:41:03.0902186Z (pass) issue-23 R3 — interpretation display modes > formats phrase by name (default) [0.04ms]
Test (bun on ubuntu-latest)	Run tests (Bun)	2026-05-31T23:41:03.0903695Z (pass) issue-23 R3 — interpretation display modes > formats phrase by name+meaning [0.04ms]
Test (bun on ubuntu-latest)	Run tests (Bun)	2026-05-31T23:41:03.0905174Z (pass) issue-23 R3 — interpretation display modes > formats phrase by meaning only [0.03ms]
Test (bun on ubuntu-latest)	Run tests (Bun)	2026-05-31T23:41:03.0906551Z (pass) issue-23 R3 — interpretation display modes > formats phrase as replacement [0.03ms]
Test (bun on ubuntu-latest)	Run tests (Bun)	2026-05-31T23:41:03.0908061Z (pass) issue-23 R3 — interpretation display modes > falls back to plain text when entity is missing [0.02ms]
Test (bun on ubuntu-latest)	Run tests (Bun)	2026-05-31T23:41:03.0909645Z (pass) issue-23 R4 — interpretationKey identifies the active choice > builds a stable key from phrase entity ids [0.09ms]
Test (bun on ubuntu-latest)	Run tests (Bun)	2026-05-31T23:41:03.0912322Z (pass) issue-23 R4 — interpretationKey identifies the active choice > returns different keys for different entities [0.07ms]
Test (bun on ubuntu-latest)	Run tests (Bun)	2026-05-31T23:41:03.0914234Z (pass) issue-23 R4 — interpretationKey identifies the active choice > marks empty slots so partial selections still differ [0.04ms]
Test (bun on ubuntu-latest)	Run tests (Bun)	2026-05-31T23:41:03.0915968Z (pass) issue-23 R5 — language switching > exposes English and Russian dictionaries [0.03ms]
Test (bun on ubuntu-latest)	Run tests (Bun)	2026-05-31T23:41:03.0917028Z (pass) issue-23 R5 — language switching > detects locale from navigator language tag [0.10ms]
Test (bun on ubuntu-latest)	Run tests (Bun)	2026-05-31T23:41:03.0918019Z (pass) issue-23 R5 — language switching > translates known keys per locale [0.05ms]
Test (bun on ubuntu-latest)	Run tests (Bun)	2026-05-31T23:41:03.0919161Z (pass) issue-23 R5 — language switching > falls back to English when key is missing in selected locale [0.02ms]
Test (bun on ubuntu-latest)	Run tests (Bun)	2026-05-31T23:41:03.0920202Z (pass) issue-23 R5 — language switching > lists locales with display labels [0.11ms]
Test (bun on ubuntu-latest)	Run tests (Bun)	2026-05-31T23:41:03.0921056Z (pass) issue-23 R6 — theme switching > cycles through auto / light / dark [0.11ms]
Test (bun on ubuntu-latest)	Run tests (Bun)	2026-05-31T23:41:03.0922819Z (pass) issue-23 R6 — theme switching > returns explicit theme as-is [0.04ms]
Test (bun on ubuntu-latest)	Run tests (Bun)	2026-05-31T23:41:03.0923927Z (pass) issue-23 R6 — theme switching > provides an icon hint for each preference [0.04ms]
Test (bun on ubuntu-latest)	Run tests (Bun)	2026-05-31T23:41:03.0925270Z (pass) issue-23 R1 — contrast tokens replace hard-coded colours > routes formalize-payload pre through CSS custom properties [0.58ms]
Test (bun on ubuntu-latest)	Run tests (Bun)	2026-05-31T23:41:03.0926854Z (pass) issue-23 R1 — contrast tokens replace hard-coded colours > declares dark-theme overrides on :root[data-theme="dark"] [0.23ms]
Test (bun on ubuntu-latest)	Run tests (Bun)	2026-05-31T23:41:03.0928494Z (pass) issue-23 R2 — radio fieldsets use inline-flex options > declares inline-flex on formalize option labels [0.26ms]
Test (bun on ubuntu-latest)	Run tests (Bun)	2026-05-31T23:41:03.0929917Z (pass) issue-23 R2 — radio fieldsets use inline-flex options > does not stretch the formalize fieldsets into a grid [0.48ms]
Test (bun on ubuntu-latest)	Run tests (Bun)	2026-05-31T23:41:03.0932234Z (pass) issue-23 R7 — mobile-first responsive layout > default layout is single-column and grows at min-width breakpoints [0.29ms]
Test (bun on ubuntu-latest)	Run tests (Bun)	2026-05-31T23:41:03.0933729Z (pass) issue-23 R7 — mobile-first responsive layout > does not use legacy max-width-only breakpoint [0.22ms]
Test (bun on ubuntu-latest)	Run tests (Bun)	2026-05-31T23:41:03.0935097Z (pass) issue-23 — index.html is wired for theme + locale > contains a locale select and a theme toggle in the top nav [0.16ms]
Test (bun on ubuntu-latest)	Run tests (Bun)	2026-05-31T23:41:03.0936711Z (pass) issue-23 — index.html is wired for theme + locale > includes data-i18n attributes on the analyse navigation [0.18ms]
Test (bun on ubuntu-latest)	Run tests (Bun)	2026-05-31T23:41:03.0938219Z (pass) issue-23 — index.html is wired for theme + locale > exposes the five interpretation display radio buttons [0.28ms]
Test (bun on ubuntu-latest)	Run tests (Bun)	2026-05-31T23:41:03.0938933Z 
Test (bun on ubuntu-latest)	Run tests (Bun)	2026-05-31T23:41:03.0939387Z ##[endgroup]
Test (bun on ubuntu-latest)	Run tests (Bun)	2026-05-31T23:41:03.0939575Z 
Test (bun on ubuntu-latest)	Run tests (Bun)	2026-05-31T23:41:03.0940004Z ##[group]js/tests/integration/issue-41.test.js:
Test (bun on ubuntu-latest)	Run tests (Bun)	2026-05-31T23:41:03.0968254Z (pass) issue 41 - Russian translate fallback > translates the reported Russian phrase through lexical glossary entries [1.36ms]
Test (bun on ubuntu-latest)	Run tests (Bun)	2026-05-31T23:41:03.0986585Z (pass) issue 41 - Russian translate fallback > does not translate unrelated full-text search hits as phrase meanings [1.84ms]
Test (bun on ubuntu-latest)	Run tests (Bun)	2026-05-31T23:41:03.0997951Z (pass) issue 41 - Russian translate fallback > exposes semantic meta language before naturalizing the target text [1.13ms]
Test (bun on ubuntu-latest)	Run tests (Bun)	2026-05-31T23:41:03.1054672Z (pass) issue 41 - Russian translate fallback > supports ten more Translate examples through reusable glossary naturalization [5.39ms]
Test (bun on ubuntu-latest)	Run tests (Bun)	2026-05-31T23:41:03.1068777Z (pass) issue 41 - Russian translate fallback > exposes the reported phrase as a Translate sample [1.40ms]
Test (bun on ubuntu-latest)	Run tests (Bun)	2026-05-31T23:41:03.1069483Z 
Test (bun on ubuntu-latest)	Run tests (Bun)	2026-05-31T23:41:03.1070003Z ##[endgroup]
Test (bun on ubuntu-latest)	Run tests (Bun)	2026-05-31T23:41:03.1070210Z 
Test (bun on ubuntu-latest)	Run tests (Bun)	2026-05-31T23:41:03.1070652Z ##[group]js/tests/integration/issue-13.test.js:
Test (bun on ubuntu-latest)	Run tests (Bun)	2026-05-31T23:41:03.1079658Z (pass) issue 13 - default metrics: correctness and signed confidence > exposes both correctness and signedConfidence on every result [0.27ms]
Test (bun on ubuntu-latest)	Run tests (Bun)	2026-05-31T23:41:03.1081427Z (pass) issue 13 - default metrics: correctness and signed confidence > reports correctness=1 and signedConfidence=+1 for a true arithmetic claim [0.16ms]
Test (bun on ubuntu-latest)	Run tests (Bun)	2026-05-31T23:41:03.1083291Z (pass) issue 13 - default metrics: correctness and signed confidence > reports correctness=0 and signedConfidence=-1 for a false arithmetic claim [0.19ms]
Test (bun on ubuntu-latest)	Run tests (Bun)	2026-05-31T23:41:03.1087614Z (pass) issue 13 - default metrics: correctness and signed confidence > keeps correctness equal to the legacy unsigned confidence value [0.40ms]
Test (bun on ubuntu-latest)	Run tests (Bun)	2026-05-31T23:41:03.1104495Z (pass) issue 13 - default metrics: correctness and signed confidence > signedConfidence equals 2 * correctness - 1 whenever correctness is known [1.62ms]
Test (bun on ubuntu-latest)	Run tests (Bun)	2026-05-31T23:41:03.1119855Z (pass) issue 13 - default metrics: correctness and signed confidence > keeps signedConfidence within the documented [-1, 1] range [1.58ms]
Test (bun on ubuntu-latest)	Run tests (Bun)	2026-05-31T23:41:03.1142826Z (pass) issue 13 - default metrics: correctness and signed confidence > keeps correctness within the documented [0, 1] range [2.02ms]
Test (bun on ubuntu-latest)	Run tests (Bun)	2026-05-31T23:41:03.1145246Z (pass) issue 13 - default metrics: correctness and signed confidence > reports neutral metrics for the self-reference paradox [0.16ms]
Test (bun on ubuntu-latest)	Run tests (Bun)	2026-05-31T23:41:03.1148539Z (pass) issue 13 - default metrics: correctness and signed confidence > lets two competing real-world claims be ranked by signed confidence [0.63ms]
Test (bun on ubuntu-latest)	Run tests (Bun)	2026-05-31T23:41:03.1149726Z 
Test (bun on ubuntu-latest)	Run tests (Bun)	2026-05-31T23:41:03.1150346Z ##[endgroup]
Test (bun on ubuntu-latest)	Run tests (Bun)	2026-05-31T23:41:03.1150776Z 
Test (bun on ubuntu-latest)	Run tests (Bun)	2026-05-31T23:41:03.1151380Z ##[group]js/tests/integration/issue-52.test.js:
Test (bun on ubuntu-latest)	Run tests (Bun)	2026-05-31T23:41:03.1448936Z (pass) issue 52 - full Translate case coverage > formalizes, translates, and formalizes the full reported text [28.48ms]
Test (bun on ubuntu-latest)	Run tests (Bun)	2026-05-31T23:41:03.1802397Z (pass) issue 52 - full Translate case coverage > keeps the full case stable through back translation [35.30ms]
Test (bun on ubuntu-latest)	Run tests (Bun)	2026-05-31T23:41:03.1803102Z 
Test (bun on ubuntu-latest)	Run tests (Bun)	2026-05-31T23:41:03.1803597Z ##[endgroup]
Test (bun on ubuntu-latest)	Run tests (Bun)	2026-05-31T23:41:03.1803723Z 
Test (bun on ubuntu-latest)	Run tests (Bun)	2026-05-31T23:41:03.1804029Z ##[group]js/tests/integration/issue-37.test.js:
Test (bun on ubuntu-latest)	Run tests (Bun)	2026-05-31T23:41:03.1860280Z (pass) issue 37 - bounded page issue reports > keeps essential Translate sections while omitting oversized diagnostics [1.76ms]
Test (bun on ubuntu-latest)	Run tests (Bun)	2026-05-31T23:41:03.1871010Z (pass) issue 37 - Wiktionary grammar compounds > prefers the exact Wiktionary compound over separate stop words [1.08ms]
Test (bun on ubuntu-latest)	Run tests (Bun)	2026-05-31T23:41:03.1904285Z (pass) issue 37 - Wiktionary grammar compounds > translates a linked `is a` grammar phrase to linked Russian `это` [3.26ms]
Test (bun on ubuntu-latest)	Run tests (Bun)	2026-05-31T23:41:03.1904743Z 
Test (bun on ubuntu-latest)	Run tests (Bun)	2026-05-31T23:41:03.1905106Z ##[endgroup]
Test (bun on ubuntu-latest)	Run tests (Bun)	2026-05-31T23:41:03.1905237Z 
Test (bun on ubuntu-latest)	Run tests (Bun)	2026-05-31T23:41:03.1905559Z ##[group]js/tests/integration/issue-113-grammar.test.js:
Test (bun on ubuntu-latest)	Run tests (Bun)	2026-05-31T23:41:03.1956906Z (pass) issue 113 - grammar checking surface > detects seeded grammatical-error fixtures per supported language with suggested corrections [3.25ms]
Test (bun on ubuntu-latest)	Run tests (Bun)	2026-05-31T23:41:03.1961062Z (pass) issue 113 - grammar checking surface > reports clean text with no grammar issues in every supported language [0.44ms]
Test (bun on ubuntu-latest)	Run tests (Bun)	2026-05-31T23:41:03.2074749Z (pass) issue 113 - grammar checking surface > exposes grammar checking through CLI and HTTP surfaces [11.34ms]
Test (bun on ubuntu-latest)	Run tests (Bun)	2026-05-31T23:41:03.2088030Z (pass) issue 113 - grammar checking surface > exposes grammar suggestions through the embedded writing assistant surface [1.31ms]
Test (bun on ubuntu-latest)	Run tests (Bun)	2026-05-31T23:41:03.2088794Z 
Test (bun on ubuntu-latest)	Run tests (Bun)	2026-05-31T23:41:03.2089200Z ##[endgroup]
Test (bun on ubuntu-latest)	Run tests (Bun)	2026-05-31T23:41:03.2089335Z 
Test (bun on ubuntu-latest)	Run tests (Bun)	2026-05-31T23:41:03.2089630Z ##[group]js/tests/integration/issue-67.test.js:
Test (bun on ubuntu-latest)	Run tests (Bun)	2026-05-31T23:41:03.2160735Z (pass) issue 67 - formal statement reasoning > derives formal entailments and surfaces dependency provenance as links [5.99ms]
Test (bun on ubuntu-latest)	Run tests (Bun)	2026-05-31T23:41:03.2177762Z (pass) issue 67 - formal statement reasoning > answers contradiction and dependency queries over formal statements [1.04ms]
Test (bun on ubuntu-latest)	Run tests (Bun)	2026-05-31T23:41:03.2178976Z (pass) issue 67 - formal statement reasoning > keeps self-reference undetermined while adding formal reasoning [0.23ms]
Test (bun on ubuntu-latest)	Run tests (Bun)	2026-05-31T23:41:03.2179422Z 
Test (bun on ubuntu-latest)	Run tests (Bun)	2026-05-31T23:41:03.2179770Z ##[endgroup]
Test (bun on ubuntu-latest)	Run tests (Bun)	2026-05-31T23:41:03.2179903Z 
Test (bun on ubuntu-latest)	Run tests (Bun)	2026-05-31T23:41:03.2180179Z ##[group]js/tests/integration/issue-35.test.js:
Test (bun on ubuntu-latest)	Run tests (Bun)	2026-05-31T23:41:03.2214758Z (pass) issue 35 — Hawaii translation through semantic phrases > identifies Wikimedia calls, rejects grammar-fragment n-grams, and emits Russian [2.21ms]
Test (bun on ubuntu-latest)	Run tests (Bun)	2026-05-31T23:41:03.2237190Z (pass) issue 35 — Hawaii translation through semantic phrases > round-trips the fixed sentence through Russian without semantic loss [2.25ms]
Test (bun on ubuntu-latest)	Run tests (Bun)	2026-05-31T23:41:03.2252319Z (pass) issue 35 — Hawaii translation through semantic phrases > prefers the Wikidata state concept over a Wikipedia disambiguation page [1.48ms]
Test (bun on ubuntu-latest)	Run tests (Bun)	2026-05-31T23:41:03.2253284Z 
Test (bun on ubuntu-latest)	Run tests (Bun)	2026-05-31T23:41:03.2253600Z ##[endgroup]
Test (bun on ubuntu-latest)	Run tests (Bun)	2026-05-31T23:41:03.2253738Z 
Test (bun on ubuntu-latest)	Run tests (Bun)	2026-05-31T23:41:03.2254081Z ##[group]js/tests/integration/issue-91-literature-review.test.js:
Test (bun on ubuntu-latest)	Run tests (Bun)	2026-05-31T23:41:03.2298849Z (pass) issue 91 - literature-review evidence workflows > checks one claim against multiple screened papers without using LLM truth evidence [2.48ms]
Test (bun on ubuntu-latest)	Run tests (Bun)	2026-05-31T23:41:03.2319027Z (pass) issue 91 - literature-review evidence workflows > exports literature-backed evidence bibliography data as BibTeX, RIS, and CSV [2.04ms]
Test (bun on ubuntu-latest)	Run tests (Bun)	2026-05-31T23:41:03.2363717Z (pass) issue 91 - literature-review evidence workflows > supports the literature-review fixture workflow from the CLI [4.46ms]
Test (bun on ubuntu-latest)	Run tests (Bun)	2026-05-31T23:41:03.2364302Z 
Test (bun on ubuntu-latest)	Run tests (Bun)	2026-05-31T23:41:03.2364641Z ##[endgroup]
Test (bun on ubuntu-latest)	Run tests (Bun)	2026-05-31T23:41:03.2364775Z 
Test (bun on ubuntu-latest)	Run tests (Bun)	2026-05-31T23:41:03.2365179Z ##[group]js/tests/integration/issue-112-explicit-interlingua.test.js:
Test (bun on ubuntu-latest)	Run tests (Bun)	2026-05-31T23:41:03.2389020Z (pass) issue 112 - explicit interlingua reconstruction > formalization records enough linguistic metadata to reconstruct the source without the raw source string [0.53ms]
Test (bun on ubuntu-latest)	Run tests (Bun)	2026-05-31T23:41:03.2393810Z (pass) issue 112 - explicit interlingua reconstruction > carries explicit coreference chains in the formalization metadata [0.50ms]
Test (bun on ubuntu-latest)	Run tests (Bun)	2026-05-31T23:41:03.2463838Z (pass) issue 112 - explicit interlingua reconstruction > translates and naturalizes from the reconstructed semantic meta language after raw source strings are poisoned [6.94ms]
Test (bun on ubuntu-latest)	Run tests (Bun)	2026-05-31T23:41:03.2464513Z 
Test (bun on ubuntu-latest)	Run tests (Bun)	2026-05-31T23:41:03.2464879Z ##[endgroup]
Test (bun on ubuntu-latest)	Run tests (Bun)	2026-05-31T23:41:03.2465019Z 
Test (bun on ubuntu-latest)	Run tests (Bun)	2026-05-31T23:41:03.2465485Z ##[group]js/tests/integration/issue-111-lexicon-policy.test.js:
Test (bun on ubuntu-latest)	Run tests (Bun)	2026-05-31T23:41:03.2505576Z (pass) issue 111 - lexicon hardcoded-data policy > requires >50% usage proof for hand-written per-concept lexicon data [0.18ms]
Test (bun on ubuntu-latest)	Run tests (Bun)	2026-05-31T23:41:03.2506905Z (pass) issue 111 - lexicon hardcoded-data policy > keeps lexicon override records policy-proven rather than ad hoc [0.03ms]
Test (bun on ubuntu-latest)	Run tests (Bun)	2026-05-31T23:41:03.2508208Z (pass) issue 111 - lexicon hardcoded-data policy > records generated lexicon remainders as rule-derived data [0.12ms]
Test (bun on ubuntu-latest)	Run tests (Bun)	2026-05-31T23:41:03.2511352Z (pass) issue 111 - lexicon hardcoded-data policy > requires rule-derived concepts to point back to source data or a rule [0.39ms]
Test (bun on ubuntu-latest)	Run tests (Bun)	2026-05-31T23:41:03.2512361Z 
Test (bun on ubuntu-latest)	Run tests (Bun)	2026-05-31T23:41:03.2512797Z ##[endgroup]
Test (bun on ubuntu-latest)	Run tests (Bun)	2026-05-31T23:41:03.2512987Z 
Test (bun on ubuntu-latest)	Run tests (Bun)	2026-05-31T23:41:03.2513558Z ##[group]js/tests/integration/issue-26-comparable-fixtures.test.js:
Test (bun on ubuntu-latest)	Run tests (Bun)	2026-05-31T23:41:03.2532090Z (pass) issue 26 — A. arithmetic kernel (deterministic) > reports correctness=1 and signedConfidence=+1 for "1 + 1 = 2" (matches Wolfram Alpha / Z3 sat / Lean rfl) [0.24ms]
Test (bun on ubuntu-latest)	Run tests (Bun)	2026-05-31T23:41:03.2534138Z (pass) issue 26 — A. arithmetic kernel (deterministic) > reports correctness=1 and signedConfidence=+1 for "2 + 2 = 4" (matches Wolfram Alpha / Z3 sat / Lean rfl) [0.20ms]
Test (bun on ubuntu-latest)	Run tests (Bun)	2026-05-31T23:41:03.2536090Z (pass) issue 26 — A. arithmetic kernel (deterministic) > reports correctness=1 and signedConfidence=+1 for "2 * 3 = 6" (matches Wolfram Alpha / Z3 sat / Lean rfl) [0.13ms]
Test (bun on ubuntu-latest)	Run tests (Bun)	2026-05-31T23:41:03.2538060Z (pass) issue 26 — A. arithmetic kernel (deterministic) > reports correctness=1 and signedConfidence=+1 for "10 - 4 = 6" (matches Wolfram Alpha / Z3 sat / Lean rfl) [0.12ms]
Test (bun on ubuntu-latest)	Run tests (Bun)	2026-05-31T23:41:03.2539859Z (pass) issue 26 — A. arithmetic kernel (deterministic) > reports correctness=0 and signedConfidence=-1 for "1 + 1 = 1" (matches Wolfram Alpha False / Z3 unsat) [0.21ms]
Test (bun on ubuntu-latest)	Run tests (Bun)	2026-05-31T23:41:03.2541064Z (pass) issue 26 — A. arithmetic kernel (deterministic) > reports correctness=0 and signedConfidence=-1 for "2 + 2 = 5" (matches Wolfram Alpha False / Z3 unsat) [0.12ms]
Test (bun on ubuntu-latest)	Run tests (Bun)	2026-05-31T23:41:03.2542361Z (pass) issue 26 — A. arithmetic kernel (deterministic) > reports correctness=0 and signedConfidence=-1 for "2 * 3 = 7" (matches Wolfram Alpha False / Z3 unsat) [0.10ms]
Test (bun on ubuntu-latest)	Run tests (Bun)	2026-05-31T23:41:03.2543433Z (pass) issue 26 — A. arithmetic kernel (deterministic) > reports correctness=0 and signedConfidence=-1 for "10 - 4 = 5" (matches Wolfram Alpha False / Z3 unsat) [0.11ms]
Test (bun on ubuntu-latest)	Run tests (Bun)	2026-05-31T23:41:03.2545464Z (pass) issue 26 — A. arithmetic kernel (deterministic) > returns the question-shaped value for "1 + 1" (Wolfram Alpha "Result" pod = 2) [0.43ms]
Test (bun on ubuntu-latest)	Run tests (Bun)	2026-05-31T23:41:03.2547142Z (pass) issue 26 — A. arithmetic kernel (deterministic) > returns the question-shaped value for "1 - 1" (Wolfram Alpha "Result" pod = 0) [0.16ms]
Test (bun on ubuntu-latest)	Run tests (Bun)	2026-05-31T23:41:03.2552888Z (pass) issue 26 — B. Wikidata-structured public facts > keeps "Earth orbits the Sun" within the (0.5, 1) support band (Wikidata Q2 P398 Q525) [0.46ms]
Test (bun on ubuntu-latest)	Run tests (Bun)	2026-05-31T23:41:03.2555765Z (pass) issue 26 — B. Wikidata-structured public facts > keeps real-world confidence bounded below 1 to leave room for refutation [0.34ms]
Test (bun on ubuntu-latest)	Run tests (Bun)	2026-05-31T23:41:03.2560338Z (pass) issue 26 — B. Wikidata-structured public facts > still resolves "Moon orbits the Sun" as supported via the parent-body chain Moon → Earth → Sun [0.41ms]
Test (bun on ubuntu-latest)	Run tests (Bun)	2026-05-31T23:41:03.2562572Z (pass) issue 26 — B. Wikidata-structured public facts > resolves "Moon orbits Earth" as supported by Wikidata Q405 P397 Q2 [0.25ms]
Test (bun on ubuntu-latest)	Run tests (Bun)	2026-05-31T23:41:03.2568713Z (pass) issue 26 — B. Wikidata-structured public facts > resolves "Paris is the capital of France" as supported by Wikidata Q142 P36 Q90 [0.56ms]
Test (bun on ubuntu-latest)	Run tests (Bun)	2026-05-31T23:41:03.2572924Z (pass) issue 26 — B. Wikidata-structured public facts > resolves "Berlin is the capital of Germany" as supported by Wikidata Q183 P36 Q64 [0.40ms]
Test (bun on ubuntu-latest)	Run tests (Bun)	2026-05-31T23:41:03.2578969Z (pass) issue 26 — B. Wikidata-structured public facts > refutes "Berlin is the capital of France" from the France capital fixture [0.59ms]
Test (bun on ubuntu-latest)	Run tests (Bun)	2026-05-31T23:41:03.2582960Z (pass) issue 26 — B. Wikidata-structured public facts > refuses to claim binary certainty for negated facts (e.g. "Earth does not orbit the Sun") [0.42ms]
Test (bun on ubuntu-latest)	Run tests (Bun)	2026-05-31T23:41:03.2587976Z (pass) issue 26 — C. Wikidata P570 liveness templates > keeps "Elon Musk is alive" within the (0.5, 1) support band (Wikidata Q317521 has no P570) [0.49ms]
Test (bun on ubuntu-latest)	Run tests (Bun)	2026-05-31T23:41:03.2593280Z (pass) issue 26 — C. Wikidata P570 liveness templates > keeps bounded confidence (<1) for the liveness fixture so refutation remains representable [0.42ms]
Test (bun on ubuntu-latest)	Run tests (Bun)	2026-05-31T23:41:03.2597263Z (pass) issue 26 — C. Wikidata P570 liveness templates > handles the negated liveness fixture without crashing or claiming binary certainty [0.40ms]
Test (bun on ubuntu-latest)	Run tests (Bun)	2026-05-31T23:41:03.2600842Z (pass) issue 26 — C. Wikidata P570 liveness templates > resolves "Ada Lovelace is dead" from the recorded P570 value [0.39ms]
Test (bun on ubuntu-latest)	Run tests (Bun)	2026-05-31T23:41:03.2616995Z (pass) issue 26 — C. Wikidata P570 liveness templates > refutes "Ada Lovelace is alive" from the recorded P570 value [0.42ms]
Test (bun on ubuntu-latest)	Run tests (Bun)	2026-05-31T23:41:03.2618072Z (pass) issue 26 — D. self-reference / Liar paradox > returns neutral metrics for "this statement is false" (Tarski/Kripke undetermined) [0.20ms]
Test (bun on ubuntu-latest)	Run tests (Bun)	2026-05-31T23:41:03.2619202Z (pass) issue 26 — D. self-reference / Liar paradox > never assigns a binary verdict to a self-referential claim [0.16ms]
Test (bun on ubuntu-latest)	Run tests (Bun)	2026-05-31T23:41:03.2620153Z (pass) issue 26 — D. self-reference / Liar paradox > returns neutral metrics for the positive Liar variant "this statement is true" [0.10ms]
Test (bun on ubuntu-latest)	Run tests (Bun)	2026-05-31T23:41:03.2621170Z (pass) issue 26 — D. self-reference / Liar paradox > records Russell-style set self-reference as unknown instead of inventing a binary verdict [0.35ms]
Test (bun on ubuntu-latest)	Run tests (Bun)	2026-05-31T23:41:03.2622362Z (skip) issue 26 — E. NL → logic / triple extraction (roadmap Phase 8) > extracts (Barack Obama; was born in; Hawaii) triple — Stanford OpenIE canonical
Test (bun on ubuntu-latest)	Run tests (Bun)	2026-05-31T23:41:03.2623467Z (skip) issue 26 — E. NL → logic / triple extraction (roadmap Phase 8) > extracts SRL roles for "Mary gave John a book" — AllenNLP canonical
Test (bun on ubuntu-latest)	Run tests (Bun)	2026-05-31T23:41:03.2624592Z (skip) issue 26 — E. NL → logic / triple extraction (roadmap Phase 8) > exposes scope-ambiguous FOL for "Every man loves a woman" — Boxer/Montague
Test (bun on ubuntu-latest)	Run tests (Bun)	2026-05-31T23:41:03.2625648Z (skip) issue 26 — E. NL → logic / triple extraction (roadmap Phase 8) > emits AMR-style CST for "The boy wants to go" — AMR canonical
Test (bun on ubuntu-latest)	Run tests (Bun)	2026-05-31T23:41:03.2626799Z (skip) issue 26 — F. disputed-truth corpora (band-only, Phase 10) > keeps `0 < correctness < 1` for ClaimReview "5G causes coronavirus" — Google Fact Check
Test (bun on ubuntu-latest)	Run tests (Bun)	2026-05-31T23:41:03.2628020Z (skip) issue 26 — F. disputed-truth corpora (band-only, Phase 10) > keeps `0 < correctness < 1` for Snopes "Einstein failed math in school"
Test (bun on ubuntu-latest)	Run tests (Bun)	2026-05-31T23:41:03.2628924Z (skip) issue 26 — F. disputed-truth corpora (band-only, Phase 10) > keeps `0 < correctness < 1` for Politifact "Barack Obama was born in Kenya"
Test (bun on ubuntu-latest)	Run tests (Bun)	2026-05-31T23:41:03.2629829Z (skip) issue 26 — F. disputed-truth corpora (band-only, Phase 10) > keeps `0 < correctness < 1` for Politifact "Crime is at an all-time high"
Test (bun on ubuntu-latest)	Run tests (Bun)	2026-05-31T23:41:03.2630804Z (skip) issue 26 — G. uniqueness / paraphrase > detects paraphrase similarity for SBERT STS-B canonical pair
Test (bun on ubuntu-latest)	Run tests (Bun)	2026-05-31T23:41:03.2631777Z (pass) issue 26 — G. uniqueness / paraphrase > returns at least one source match for the iThenticate-style published text sample [0.58ms]
Test (bun on ubuntu-latest)	Run tests (Bun)	2026-05-31T23:41:03.2632898Z (pass) issue 26 — H. knowledge representation round-trip > persists the LinksPlatform Doublets single-link self-loop fixture [0.43ms]
Test (bun on ubuntu-latest)	Run tests (Bun)	2026-05-31T23:41:03.2634702Z (skip) issue 26 — H. knowledge representation round-trip > round-trips ClaimReview JSON-LD for "Earth orbits the Sun" — Phase 10 evidence interchange
Test (bun on ubuntu-latest)	Run tests (Bun)	2026-05-31T23:41:03.2636243Z (pass) issue 26 — documentation sanity > publishes the concept comparison doc with the documented legend symbols [0.12ms]
Test (bun on ubuntu-latest)	Run tests (Bun)	2026-05-31T23:41:03.2637092Z (pass) issue 26 — documentation sanity > publishes the feature comparison matrix with the four legend symbols [0.13ms]
Test (bun on ubuntu-latest)	Run tests (Bun)	2026-05-31T23:41:03.2637861Z (pass) issue 26 — documentation sanity > publishes the case-study README and test-case catalogue [0.09ms]
Test (bun on ubuntu-latest)	Run tests (Bun)	2026-05-31T23:41:03.2638255Z 
Test (bun on ubuntu-latest)	Run tests (Bun)	2026-05-31T23:41:03.2638610Z ##[endgroup]
Test (bun on ubuntu-latest)	Run tests (Bun)	2026-05-31T23:41:03.2638743Z 
Test (bun on ubuntu-latest)	Run tests (Bun)	2026-05-31T23:41:03.2639091Z ##[group]js/tests/integration/issue-126-context-detection.test.js:
Test (bun on ubuntu-latest)	Run tests (Bun)	2026-05-31T23:41:03.2658847Z (pass) issue 126 — scholarly-article candidates must not hijack phrases > does not formalize "developing systems" as a scientific article [1.33ms]
Test (bun on ubuntu-latest)	Run tests (Bun)	2026-05-31T23:41:03.2665401Z (pass) issue 126 — scholarly-article candidates must not hijack phrases > surfaces per-word context detection on the result [0.64ms]
Test (bun on ubuntu-latest)	Run tests (Bun)	2026-05-31T23:41:03.2665910Z 
Test (bun on ubuntu-latest)	Run tests (Bun)	2026-05-31T23:41:03.2666205Z ##[endgroup]
Test (bun on ubuntu-latest)	Run tests (Bun)	2026-05-31T23:41:03.2666347Z 
Test (bun on ubuntu-latest)	Run tests (Bun)	2026-05-31T23:41:03.2666640Z ##[group]js/tests/integration/issue-29.test.js:
Test (bun on ubuntu-latest)	Run tests (Bun)	2026-05-31T23:41:03.2686294Z (pass) issue 29 - page issue reporting > creates a GitHub issue URL with page state and version diagnostics [0.22ms]
Test (bun on ubuntu-latest)	Run tests (Bun)	2026-05-31T23:41:03.2687079Z (pass) issue 29 - page issue reporting > renders markdown reports without requiring browser globals [0.06ms]
Test (bun on ubuntu-latest)	Run tests (Bun)	2026-05-31T23:41:03.2691220Z (pass) issue 29 - page issue reporting > loads GitHub Pages build metadata before falling back to package data [0.44ms]
Test (bun on ubuntu-latest)	Run tests (Bun)	2026-05-31T23:41:03.2695898Z (pass) issue 29 - page issue reporting > wires the static web app and Pages workflow for reporting [0.45ms]
Test (bun on ubuntu-latest)	Run tests (Bun)	2026-05-31T23:41:03.2696313Z 
Test (bun on ubuntu-latest)	Run tests (Bun)	2026-05-31T23:41:03.2696638Z ##[endgroup]
Test (bun on ubuntu-latest)	Run tests (Bun)	2026-05-31T23:41:03.2696798Z 
Test (bun on ubuntu-latest)	Run tests (Bun)	2026-05-31T23:41:03.2697080Z ##[group]js/tests/integration/issue-18.test.js:
Test (bun on ubuntu-latest)	Run tests (Bun)	2026-05-31T23:41:03.2716626Z (pass) issue 18 - preference profiles > round-trips a profile through Links Notation [1.11ms]
Test (bun on ubuntu-latest)	Run tests (Bun)	2026-05-31T23:41:03.2717488Z (pass) issue 18 - preference profiles > keeps specific religion sliders hidden unless the God belief is positive [0.08ms]
Test (bun on ubuntu-latest)	Run tests (Bun)	2026-05-31T23:41:03.2727663Z (pass) issue 18 - preference profiles > derives atheist refutations for specific religions [1.02ms]
Test (bun on ubuntu-latest)	Run tests (Bun)	2026-05-31T23:41:03.2732379Z (pass) issue 18 - preference profiles > uses the selected context as local lore evidence [0.44ms]
Test (bun on ubuntu-latest)	Run tests (Bun)	2026-05-31T23:41:03.2732903Z 
Test (bun on ubuntu-latest)	Run tests (Bun)	2026-05-31T23:41:03.2733223Z ##[endgroup]
Test (bun on ubuntu-latest)	Run tests (Bun)	2026-05-31T23:41:03.2733375Z 
Test (bun on ubuntu-latest)	Run tests (Bun)	2026-05-31T23:41:03.2733674Z ##[group]js/tests/integration/issue-39.test.js:
Test (bun on ubuntu-latest)	Run tests (Bun)	2026-05-31T23:41:03.2783184Z (pass) issue 39 - technical sentence translation > uses contextual glossary and Russian grammar rules for the reported text [3.36ms]
Test (bun on ubuntu-latest)	Run tests (Bun)	2026-05-31T23:41:03.2820889Z (pass) issue 39 - technical sentence translation > does not let formalized phrases cross sentence boundaries [3.74ms]
Test (bun on ubuntu-latest)	Run tests (Bun)	2026-05-31T23:41:03.2847027Z (pass) issue 39 - technical sentence translation > keeps a strict semantic-label strategy for traceable fallback behavior [2.61ms]
Test (bun on ubuntu-latest)	Run tests (Bun)	2026-05-31T23:41:03.2852361Z (pass) issue 39 - technical sentence translation > returns structured answer options for unresolved translation questions [0.53ms]
Test (bun on ubuntu-latest)	Run tests (Bun)	2026-05-31T23:41:03.2870236Z (pass) issue 39 - technical sentence translation > exposes translation strategies and prepared Translate examples in the web app [1.80ms]
Test (bun on ubuntu-latest)	Run tests (Bun)	2026-05-31T23:41:03.2871805Z 
Test (bun on ubuntu-latest)	Run tests (Bun)	2026-05-31T23:41:03.2872389Z ##[endgroup]
Test (bun on ubuntu-latest)	Run tests (Bun)	2026-05-31T23:41:03.2872575Z 
Test (bun on ubuntu-latest)	Run tests (Bun)	2026-05-31T23:41:03.2873143Z ##[group]js/tests/integration/issue-126-context-selection.test.js:
Test (bun on ubuntu-latest)	Run tests (Bun)	2026-05-31T23:41:03.2895595Z (pass) issue 126 — context-selection questions modify the formalization > surfaces a persistent context question for an ambiguous word [1.15ms]
Test (bun on ubuntu-latest)	Run tests (Bun)	2026-05-31T23:41:03.2910606Z (pass) issue 126 — context-selection questions modify the formalization > re-picks the chosen sense when a context selection is supplied [1.51ms]
Test (bun on ubuntu-latest)	Run tests (Bun)	2026-05-31T23:41:03.2917552Z (pass) issue 126 — context-selection questions modify the formalization > accepts selections keyed by phrase text as well [0.68ms]
Test (bun on ubuntu-latest)	Run tests (Bun)	2026-05-31T23:41:03.2934896Z (pass) issue 126 — context-selection questions modify the formalization > re-runs translation against the re-derived formalization [1.71ms]
Test (bun on ubuntu-latest)	Run tests (Bun)	2026-05-31T23:41:03.2936149Z 
Test (bun on ubuntu-latest)	Run tests (Bun)	2026-05-31T23:41:03.2936875Z ##[endgroup]
Test (bun on ubuntu-latest)	Run tests (Bun)	2026-05-31T23:41:03.2937282Z 
Test (bun on ubuntu-latest)	Run tests (Bun)	2026-05-31T23:41:03.2937967Z ##[group]js/tests/integration/issue-92-graph-interop.test.js:
Test (bun on ubuntu-latest)	Run tests (Bun)	2026-05-31T23:41:03.2970361Z (pass) issue 92 - scoped SPARQL and graph-database interchange > exports selected Q/P evidence templates as a scoped SPARQL CONSTRUCT query with limits and provenance [2.73ms]
Test (bun on ubuntu-latest)	Run tests (Bun)	2026-05-31T23:41:03.2978834Z (pass) issue 92 - scoped SPARQL and graph-database interchange > maps Links Notation evidence links to RDF triples and back [0.87ms]
Test (bun on ubuntu-latest)	Run tests (Bun)	2026-05-31T23:41:03.2991815Z (pass) issue 92 - scoped SPARQL and graph-database interchange > applies scoped SPARQL limits after counting available Q/P evidence [1.24ms]
Test (bun on ubuntu-latest)	Run tests (Bun)	2026-05-31T23:41:03.3001829Z (pass) issue 92 - scoped SPARQL and graph-database interchange > maps Links Notation evidence links to a graph-database property graph and back [0.98ms]
Test (bun on ubuntu-latest)	Run tests (Bun)	2026-05-31T23:41:03.3007552Z (pass) issue 92 - scoped SPARQL and graph-database interchange > does not let generic graph export bypass bounded-confidence guardrails [0.62ms]
Test (bun on ubuntu-latest)	Run tests (Bun)	2026-05-31T23:41:03.3108549Z (pass) issue 92 - scoped SPARQL and graph-database interchange > supports scoped SPARQL exports from CLI and HTTP analyze surfaces [10.07ms]
Test (bun on ubuntu-latest)	Run tests (Bun)	2026-05-31T23:41:03.3109294Z 
Test (bun on ubuntu-latest)	Run tests (Bun)	2026-05-31T23:41:03.3109653Z ##[endgroup]
Test (bun on ubuntu-latest)	Run tests (Bun)	2026-05-31T23:41:03.3109787Z 
Test (bun on ubuntu-latest)	Run tests (Bun)	2026-05-31T23:41:03.3110103Z ##[group]js/tests/integration/issue-128-cache.test.js:
Test (bun on ubuntu-latest)	Run tests (Bun)	2026-05-31T23:41:03.3132118Z (pass) issue 128 - Wikimedia .lino API cache > round-trips nested API payloads through the .lino codec losslessly [0.84ms]
Test (bun on ubuntu-latest)	Run tests (Bun)	2026-05-31T23:41:03.3133454Z (pass) issue 128 - Wikimedia .lino API cache > serializes deterministically regardless of insertion order [0.17ms]
Test (bun on ubuntu-latest)	Run tests (Bun)	2026-05-31T23:41:03.3554251Z (pass) issue 128 - Wikimedia .lino API cache > keeps the committed data-folder cache in sync with the JSON snapshots [41.95ms]
Test (bun on ubuntu-latest)	Run tests (Bun)	2026-05-31T23:41:03.3975115Z (pass) issue 128 - Wikimedia .lino API cache > replays "Hawaii is a state." from the .lino cache alone, offline [41.98ms]
Test (bun on ubuntu-latest)	Run tests (Bun)	2026-05-31T23:41:03.3975952Z 
Test (bun on ubuntu-latest)	Run tests (Bun)	2026-05-31T23:41:03.3976495Z ##[endgroup]
Test (bun on ubuntu-latest)	Run tests (Bun)	2026-05-31T23:41:03.3976683Z 
Test (bun on ubuntu-latest)	Run tests (Bun)	2026-05-31T23:41:03.3977116Z ##[group]js/tests/integration/issue-56.test.js:
Test (bun on ubuntu-latest)	Run tests (Bun)	2026-05-31T23:41:03.4009543Z (pass) issue 56 - Translate slash terms and diagnostics > splits slash-separated fallback terms before knowledge-source lookup [0.82ms]
Test (bun on ubuntu-latest)	Run tests (Bun)	2026-05-31T23:41:03.4083699Z (pass) issue 56 - Translate slash terms and diagnostics > keeps reported technical prose slash terms separated during translation [7.40ms]
Test (bun on ubuntu-latest)	Run tests (Bun)	2026-05-31T23:41:03.4110150Z (pass) issue 56 - Translate slash terms and diagnostics > uses source-backed Wiktionary translations for every supported target language [2.66ms]
Test (bun on ubuntu-latest)	Run tests (Bun)	2026-05-31T23:41:03.4119821Z (pass) issue 56 - Translate slash terms and diagnostics > keeps linked Wikidata entities ahead of lexical Wiktionary translations [0.95ms]
Test (bun on ubuntu-latest)	Run tests (Bun)	2026-05-31T23:41:03.4134127Z (pass) issue 56 - Translate slash terms and diagnostics > covers issue-56 lexical translations through source fixtures for all supported targets [1.46ms]
Test (bun on ubuntu-latest)	Run tests (Bun)	2026-05-31T23:41:03.4136231Z (pass) issue 56 - Translate slash terms and diagnostics > does not keep issue-56 vocabulary in the local fallback glossary [0.27ms]
Test (bun on ubuntu-latest)	Run tests (Bun)	2026-05-31T23:41:03.4142230Z (pass) issue 56 - Translate slash terms and diagnostics > keeps every generated question with selected actionable options [0.56ms]
Test (bun on ubuntu-latest)	Run tests (Bun)	2026-05-31T23:41:03.4149630Z (pass) issue 56 - Translate UI diagnostics > exposes source-priority controls and a copyable Translate debug log [0.73ms]
Test (bun on ubuntu-latest)	Run tests (Bun)	2026-05-31T23:41:03.4150132Z 
Test (bun on ubuntu-latest)	Run tests (Bun)	2026-05-31T23:41:03.4150474Z ##[endgroup]
Test (bun on ubuntu-latest)	Run tests (Bun)	2026-05-31T23:41:03.4150630Z 
Test (bun on ubuntu-latest)	Run tests (Bun)	2026-05-31T23:41:03.4150922Z ##[group]js/tests/integration/issue-128.test.js:
Test (bun on ubuntu-latest)	Run tests (Bun)	2026-05-31T23:41:03.4193151Z (pass) issue 128 - Hawaii is a state links notation > renders an English Wikipedia link when the Wikipedia target is selected (R3) [1.70ms]
Test (bun on ubuntu-latest)	Run tests (Bun)	2026-05-31T23:41:03.4200504Z (pass) issue 128 - Hawaii is a state links notation > exposes a merged entity definition for each phrase (R4) [0.75ms]
Test (bun on ubuntu-latest)	Run tests (Bun)	2026-05-31T23:41:03.4212138Z (pass) issue 128 - Hawaii is a state links notation > reports selected contexts with priority and probability (R5) [1.13ms]
Test (bun on ubuntu-latest)	Run tests (Bun)	2026-05-31T23:41:03.4226140Z (pass) issue 128 - Hawaii is a state links notation > carries the contexts into the translation links notation (R5) [1.37ms]
Test (bun on ubuntu-latest)	Run tests (Bun)	2026-05-31T23:41:03.4226734Z 
Test (bun on ubuntu-latest)	Run tests (Bun)	2026-05-31T23:41:03.4227031Z ##[endgroup]
Test (bun on ubuntu-latest)	Run tests (Bun)	2026-05-31T23:41:03.4227172Z 
Test (bun on ubuntu-latest)	Run tests (Bun)	2026-05-31T23:41:03.4227516Z ##[group]js/tests/integration/issue-54-linguistic-metadata.test.js:
Test (bun on ubuntu-latest)	Run tests (Bun)	2026-05-31T23:41:03.4252865Z (pass) issue 54 - formal-ai linguistic metadata > publishes linguistic CST/AST metadata and links for structural fragments [0.81ms]
Test (bun on ubuntu-latest)	Run tests (Bun)	2026-05-31T23:41:03.4260946Z (pass) issue 54 - formal-ai linguistic metadata > carries source linguistic metadata through translation semantic links [0.79ms]
Test (bun on ubuntu-latest)	Run tests (Bun)	2026-05-31T23:41:03.4261952Z 
Test (bun on ubuntu-latest)	Run tests (Bun)	2026-05-31T23:41:03.4262361Z ##[endgroup]
Test (bun on ubuntu-latest)	Run tests (Bun)	2026-05-31T23:41:03.4262559Z 
Test (bun on ubuntu-latest)	Run tests (Bun)	2026-05-31T23:41:03.4262998Z ##[group]js/tests/integration/issue-68.test.js:
Test (bun on ubuntu-latest)	Run tests (Bun)	2026-05-31T23:41:03.4287178Z (pass) issue 68 - reproducible statement probability > maps relative-meta-logic truth range and valence onto default metrics [2.20ms]
Test (bun on ubuntu-latest)	Run tests (Bun)	2026-05-31T23:41:03.4301274Z (pass) issue 68 - reproducible statement probability > exposes a reproducible probability calculation for each result kind [1.36ms]
Test (bun on ubuntu-latest)	Run tests (Bun)	2026-05-31T23:41:03.4313352Z (pass) issue 68 - reproducible statement probability > includes probability inputs in issue reports [1.27ms]
Test (bun on ubuntu-latest)	Run tests (Bun)	2026-05-31T23:41:03.4314075Z 
Test (bun on ubuntu-latest)	Run tests (Bun)	2026-05-31T23:41:03.4314484Z ##[endgroup]
Test (bun on ubuntu-latest)	Run tests (Bun)	2026-05-31T23:41:03.4314692Z 
Test (bun on ubuntu-latest)	Run tests (Bun)	2026-05-31T23:41:03.4315214Z ##[group]js/tests/integration/issue-126-engine-selector.test.js:
Test (bun on ubuntu-latest)	Run tests (Bun)	2026-05-31T23:41:03.4339684Z (pass) issue 126 - JS/Rust engine selector in the web UI > renders a global engine selector and a result-band engine badge [0.22ms]
Test (bun on ubuntu-latest)	Run tests (Bun)	2026-05-31T23:41:03.4342284Z (pass) issue 126 - JS/Rust engine selector in the web UI > wires app.js to route the analysis through the selected engine [0.29ms]
Test (bun on ubuntu-latest)	Run tests (Bun)	2026-05-31T23:41:03.4345178Z (pass) issue 126 - JS/Rust engine selector in the web UI > routes the Compare page through the selected engine too [0.30ms]
Test (bun on ubuntu-latest)	Run tests (Bun)	2026-05-31T23:41:03.4347637Z (pass) issue 126 - JS/Rust engine selector in the web UI > localizes the engine controls in every shipped locale [0.23ms]
Test (bun on ubuntu-latest)	Run tests (Bun)	2026-05-31T23:41:03.4354838Z (pass) issue 126 - JS/Rust engine selector in the web UI > exposes pure engine-preference helpers backed by storage [0.68ms]
Test (bun on ubuntu-latest)	Run tests (Bun)	2026-05-31T23:41:03.4357710Z (pass) issue 126 - JS/Rust engine selector in the web UI > overlays the Rust headline onto a JS analysis without losing aux panels [0.28ms]
Test (bun on ubuntu-latest)	Run tests (Bun)	2026-05-31T23:41:03.4546433Z (pass) issue 126 - JS/Rust engine selector in the web UI > produces a Rust-computed headline that matches the JavaScript engine [18.47ms]
Test (bun on ubuntu-latest)	Run tests (Bun)	2026-05-31T23:41:03.4548220Z 
Test (bun on ubuntu-latest)	Run tests (Bun)	2026-05-31T23:41:03.4548804Z ##[endgroup]
Test (bun on ubuntu-latest)	Run tests (Bun)	2026-05-31T23:41:03.4550723Z 
Test (bun on ubuntu-latest)	Run tests (Bun)	2026-05-31T23:41:03.4551658Z ##[group]js/tests/integration/issue-94-writing-assistant-surface.test.js:
Test (bun on ubuntu-latest)	Run tests (Bun)	2026-05-31T23:41:03.4607877Z (pass) issue 94 - browser/editor writing assistant surface > delegates embedded operations to existing APIs and preserves guardrails [2.94ms]
Test (bun on ubuntu-latest)	Run tests (Bun)	2026-05-31T23:41:03.4630513Z (pass) issue 94 - browser/editor writing assistant surface > keeps prefilled report URLs and Links Notation exports in a mock extension harness [2.24ms]
Test (bun on ubuntu-latest)	Run tests (Bun)	2026-05-31T23:41:03.4632266Z 
Test (bun on ubuntu-latest)	Run tests (Bun)	2026-05-31T23:41:03.4632851Z ##[endgroup]
Test (bun on ubuntu-latest)	Run tests (Bun)	2026-05-31T23:41:03.4633240Z 
Test (bun on ubuntu-latest)	Run tests (Bun)	2026-05-31T23:41:03.4633858Z ##[group]js/tests/integration/issue-72-parity.test.js:
Test (bun on ubuntu-latest)	Run tests (Bun)	2026-05-31T23:41:03.4661813Z (pass) issue 72 - formal-ai upstream corpus parity gate > pins the current upstream release instead of the stale 706-case release [0.05ms]
Test (bun on ubuntu-latest)	Run tests (Bun)	2026-05-31T23:41:03.4668897Z (pass) issue 72 - formal-ai upstream corpus parity gate > assigns every upstream test case either a local assertion or an explicit skip reason [0.71ms]
Test (bun on ubuntu-latest)	Run tests (Bun)	2026-05-31T23:41:03.4891109Z (pass) issue 72 - formal-ai upstream corpus parity gate > executes the currently shipped Formal AI translation parity assertions [22.16ms]
Test (bun on ubuntu-latest)	Run tests (Bun)	2026-05-31T23:41:03.4892048Z 
Test (bun on ubuntu-latest)	Run tests (Bun)	2026-05-31T23:41:03.4892378Z ##[endgroup]
Test (bun on ubuntu-latest)	Run tests (Bun)	2026-05-31T23:41:03.4892517Z 
Test (bun on ubuntu-latest)	Run tests (Bun)	2026-05-31T23:41:03.4892817Z ##[group]js/tests/integration/issue-61-wasm.test.js:
Test (bun on ubuntu-latest)	Run tests (Bun)	2026-05-31T23:41:03.4950310Z (pass) issue 61 - wasm-bindgen core wrapper parity > exposes draft, selection, formalization, evaluation, confidence, and Links Notation helpers [3.23ms]
Test (bun on ubuntu-latest)	Run tests (Bun)	2026-05-31T23:41:03.5205624Z (pass) issue 61 - wasm-bindgen core wrapper parity > matches JavaScript analysis results for every non-translation acceptance example [25.44ms]
Test (bun on ubuntu-latest)	Run tests (Bun)	2026-05-31T23:41:03.5276071Z (pass) issue 61 - wasm-bindgen core wrapper parity > matches JavaScript translation behavior for the Hawaii acceptance examples [7.08ms]
Test (bun on ubuntu-latest)	Run tests (Bun)	2026-05-31T23:41:03.5276677Z 
Test (bun on ubuntu-latest)	Run tests (Bun)	2026-05-31T23:41:03.5277043Z ##[endgroup]
Test (bun on ubuntu-latest)	Run tests (Bun)	2026-05-31T23:41:03.5277189Z 
Test (bun on ubuntu-latest)	Run tests (Bun)	2026-05-31T23:41:03.5277485Z ##[group]js/tests/integration/issue-54.test.js:
Test (bun on ubuntu-latest)	Run tests (Bun)	2026-05-31T23:41:03.5328138Z (pass) issue 54 - formal-ai compatibility hooks > applies configurable rules before and after formalization [2.22ms]
Test (bun on ubuntu-latest)	Run tests (Bun)	2026-05-31T23:41:03.5380119Z (pass) issue 54 - formal-ai compatibility hooks > supports translation and naturalization rules with a deformalization alias [5.17ms]
Test (bun on ubuntu-latest)	Run tests (Bun)	2026-05-31T23:41:03.5387970Z (pass) issue 54 - formal-ai compatibility hooks > keeps deformalization aliases and transformed artifacts consistent [0.79ms]
Test (bun on ubuntu-latest)	Run tests (Bun)	2026-05-31T23:41:03.5388462Z 
Test (bun on ubuntu-latest)	Run tests (Bun)	2026-05-31T23:41:03.5388783Z ##[endgroup]
Test (bun on ubuntu-latest)	Run tests (Bun)	2026-05-31T23:41:03.5388913Z 
Test (bun on ubuntu-latest)	Run tests (Bun)	2026-05-31T23:41:03.5389192Z ##[group]js/tests/integration/issue-65.test.js:
Test (bun on ubuntu-latest)	Run tests (Bun)	2026-05-31T23:41:03.5413689Z (pass) issue 65 - Links Notation rewrite transformations > rewrites Links Notation terms with RML-style direction and occurrence controls [1.06ms]
Test (bun on ubuntu-latest)	Run tests (Bun)	2026-05-31T23:41:03.5422714Z (pass) issue 65 - Links Notation rewrite transformations > simplifies Links Notation with a guarded repeated rewrite set [0.96ms]
Test (bun on ubuntu-latest)	Run tests (Bun)	2026-05-31T23:41:03.5428371Z (pass) issue 65 - Links Notation rewrite transformations > runs declarative rewrite and simplify rules through existing transformation hooks [0.57ms]
Test (bun on ubuntu-latest)	Run tests (Bun)	2026-05-31T23:41:03.5433603Z (pass) issue 65 - Links Notation rewrite transformations > rewrites a targeted Links Notation field on object transformations [0.51ms]
Test (bun on ubuntu-latest)	Run tests (Bun)	2026-05-31T23:41:03.5435332Z (pass) issue 65 - Links Notation rewrite transformations > keeps zero-config hook behavior for legacy text rules [0.19ms]
Test (bun on ubuntu-latest)	Run tests (Bun)	2026-05-31T23:41:03.5436138Z 
Test (bun on ubuntu-latest)	Run tests (Bun)	2026-05-31T23:41:03.5436559Z ##[endgroup]
Test (bun on ubuntu-latest)	Run tests (Bun)	2026-05-31T23:41:03.5436751Z 
Test (bun on ubuntu-latest)	Run tests (Bun)	2026-05-31T23:41:03.5437355Z ##[group]js/tests/integration/issue-96-no-hardcoded-translations.test.js:
Test (bun on ubuntu-latest)	Run tests (Bun)	2026-05-31T23:41:03.5922061Z (pass) issue 96 - no hardcoded translations in js/src > keeps the lexical translation pipeline free of foreign surface forms [47.17ms]
Test (bun on ubuntu-latest)	Run tests (Bun)	2026-05-31T23:41:03.5949904Z (pass) issue 96 - no hardcoded translations in js/src > only allowlists files with a documented non-translation reason [2.85ms]
Test (bun on ubuntu-latest)	Run tests (Bun)	2026-05-31T23:41:03.5964592Z (pass) issue 96 - no hardcoded translations in js/src > routes every lexicon read through the single interlingua module [1.47ms]
Test (bun on ubuntu-latest)	Run tests (Bun)	2026-05-31T23:41:03.5977826Z (pass) issue 96 - no hardcoded translations in js/src > builds the directional glossary only through the interlingua module [1.31ms]
Test (bun on ubuntu-latest)	Run tests (Bun)	2026-05-31T23:41:03.5978489Z 
Test (bun on ubuntu-latest)	Run tests (Bun)	2026-05-31T23:41:03.5978836Z ##[endgroup]
Test (bun on ubuntu-latest)	Run tests (Bun)	2026-05-31T23:41:03.5978964Z 
Test (bun on ubuntu-latest)	Run tests (Bun)	2026-05-31T23:41:03.5979553Z ##[group]js/tests/integration/issue-96-four-language-roundtrip.test.js:
Test (bun on ubuntu-latest)	Run tests (Bun)	2026-05-31T23:41:03.5999760Z (pass) issue 96 - four-language interlingua round trips > declares all four supported languages in the interlingua [0.06ms]
Test (bun on ubuntu-latest)	Run tests (Bun)	2026-05-31T23:41:03.6005578Z (pass) issue 96 - four-language interlingua round trips > serves every ordered pair among the four languages through concept ids [0.58ms]
Test (bun on ubuntu-latest)	Run tests (Bun)	2026-05-31T23:41:03.6010807Z (pass) issue 96 - four-language interlingua round trips > maps the shared vocabulary through a single id carrying every language [0.44ms]
Test (bun on ubuntu-latest)	Run tests (Bun)	2026-05-31T23:41:03.6091709Z (pass) issue 96 - four-language interlingua round trips > translates the shared vocabulary forward in every direction [8.10ms]
Test (bun on ubuntu-latest)	Run tests (Bun)	2026-05-31T23:41:03.6218095Z (pass) issue 96 - four-language interlingua round trips > survives a round trip through every other language [12.62ms]
Test (bun on ubuntu-latest)	Run tests (Bun)	2026-05-31T23:41:03.6219076Z 
Test (bun on ubuntu-latest)	Run tests (Bun)	2026-05-31T23:41:03.6219657Z ##[endgroup]
Test (bun on ubuntu-latest)	Run tests (Bun)	2026-05-31T23:41:03.6220004Z 
Test (bun on ubuntu-latest)	Run tests (Bun)	2026-05-31T23:41:03.6220637Z ##[group]js/tests/integration/issue-54-formal-ai-corpus.test.js:
Test (bun on ubuntu-latest)	Run tests (Bun)	2026-05-31T23:41:03.6275591Z (pass) issue 54 - exact formal-ai upstream test corpus index > indexes every formal-ai test case from the pinned upstream commit [1.04ms]
Test (bun on ubuntu-latest)	Run tests (Bun)	2026-05-31T23:41:03.6276933Z (pass) issue 54 - formal-ai prompt parsing > parses formal-ai translation prompt variants without configuration [0.16ms]
Test (bun on ubuntu-latest)	Run tests (Bun)	2026-05-31T23:41:03.6364753Z (pass) issue 54 - formal-ai prompt translation corpus > answers formal-ai translation-via-links corpus prompts [8.76ms]
Test (bun on ubuntu-latest)	Run tests (Bun)	2026-05-31T23:41:03.6399198Z (pass) issue 54 - formal-ai prompt translation corpus > covers formal-ai common-noun translation prompts in both directions [3.44ms]
Test (bun on ubuntu-latest)	Run tests (Bun)	2026-05-31T23:41:03.6413122Z (pass) issue 54 - formal-ai prompt translation corpus > reports formal-ai translation gaps without language placeholders [1.38ms]
Test (bun on ubuntu-latest)	Run tests (Bun)	2026-05-31T23:41:03.6413654Z 
Test (bun on ubuntu-latest)	Run tests (Bun)	2026-05-31T23:41:03.6413971Z ##[endgroup]
Test (bun on ubuntu-latest)	Run tests (Bun)	2026-05-31T23:41:03.6414121Z 
Test (bun on ubuntu-latest)	Run tests (Bun)	2026-05-31T23:41:03.6414473Z ##[group]js/tests/integration/issue-74-acceptance-gate.test.js:
Test (bun on ubuntu-latest)	Run tests (Bun)	2026-05-31T23:41:03.6447052Z (pass) issue 74 - no-regression acceptance gate > covers every concrete acceptance example listed in the requirements [0.56ms]
Test (bun on ubuntu-latest)	Run tests (Bun)	2026-05-31T23:41:03.6474563Z (pass) issue 74 - no-regression acceptance gate > keeps the current behavior for non-translation acceptance examples [2.74ms]
Test (bun on ubuntu-latest)	Run tests (Bun)	2026-05-31T23:41:03.6499814Z (pass) issue 74 - no-regression acceptance gate > keeps the current behavior for translation acceptance examples [2.52ms]
Test (bun on ubuntu-latest)	Run tests (Bun)	2026-05-31T23:41:03.6501378Z (pass) issue 74 - no-regression acceptance gate > wires competitor and formal-ai corpora into the same local gate [0.17ms]
Test (bun on ubuntu-latest)	Run tests (Bun)	2026-05-31T23:41:03.6502565Z (pass) issue 74 - no-regression acceptance gate > runs the same no-regression gate in CI [0.09ms]
Test (bun on ubuntu-latest)	Run tests (Bun)	2026-05-31T23:41:03.6503093Z 
Test (bun on ubuntu-latest)	Run tests (Bun)	2026-05-31T23:41:03.6503494Z ##[endgroup]
Test (bun on ubuntu-latest)	Run tests (Bun)	2026-05-31T23:41:03.6508459Z 
Test (bun on ubuntu-latest)	Run tests (Bun)	2026-05-31T23:41:03.6509839Z ##[group]js/tests/integration/issue-66.test.js:
Test (bun on ubuntu-latest)	Run tests (Bun)	2026-05-31T23:41:03.6539655Z (pass) issue 66 - generalized naturalization > naturalizes arbitrary partial formal expressions with CST and deformalization alias [0.68ms]
Test (bun on ubuntu-latest)	Run tests (Bun)	2026-05-31T23:41:03.6551159Z (pass) issue 66 - generalized naturalization > renders Links Notation claims through naturalization and deformalization aliases [1.16ms]
Test (bun on ubuntu-latest)	Run tests (Bun)	2026-05-31T23:41:03.6581709Z (pass) issue 66 - generalized naturalization > exposes naturalization through the CLI [3.04ms]
Test (bun on ubuntu-latest)	Run tests (Bun)	2026-05-31T23:41:03.6660648Z (pass) issue 66 - generalized naturalization > serves POST /naturalize and /deformalize aliases [7.90ms]
Test (bun on ubuntu-latest)	Run tests (Bun)	2026-05-31T23:41:03.6661915Z 
Test (bun on ubuntu-latest)	Run tests (Bun)	2026-05-31T23:41:03.6662335Z ##[endgroup]
Test (bun on ubuntu-latest)	Run tests (Bun)	2026-05-31T23:41:03.6662535Z 
Test (bun on ubuntu-latest)	Run tests (Bun)	2026-05-31T23:41:03.6663059Z ##[group]js/tests/integration/issue-96-reference-quality.test.js:
Test (bun on ubuntu-latest)	Run tests (Bun)	2026-05-31T23:41:03.6769948Z (pass) issue 96 - English to Russian paragraph translation vs human reference > matches the human Russian lead of .xxx on домен, верхнего, уровня, порнографических [8.40ms]
Test (bun on ubuntu-latest)	Run tests (Bun)	2026-05-31T23:41:03.6877225Z (pass) issue 96 - English to Russian paragraph translation vs human reference > matches the human Russian lead of Charlie_Kirk on американский, активист, медийная, фигура, республиканской, партии [10.67ms]
Test (bun on ubuntu-latest)	Run tests (Bun)	2026-05-31T23:41:03.6984465Z (pass) issue 96 - English to Russian paragraph translation vs human reference > matches the human Russian lead of ChatGPT on чат, бот [10.76ms]
Test (bun on ubuntu-latest)	Run tests (Bun)	2026-05-31T23:41:03.7086990Z (pass) issue 96 - English to Russian paragraph translation vs human reference > matches the human Russian lead of Google_Chrome on браузер, разрабатываемый [10.24ms]
Test (bun on ubuntu-latest)	Run tests (Bun)	2026-05-31T23:41:03.7185047Z (pass) issue 96 - English to Russian paragraph translation vs human reference > matches the human Russian lead of 1989_Tiananmen_Square_protests_and_massacre on протеста, тяньаньмэнь, студенты [9.81ms]
Test (bun on ubuntu-latest)	Run tests (Bun)	2026-05-31T23:41:03.7272590Z (pass) issue 96 - English to Russian paragraph translation vs human reference > matches the human Russian lead of Ed_Gein on американский, убийца, похититель, трупов [8.73ms]
Test (bun on ubuntu-latest)	Run tests (Bun)	2026-05-31T23:41:03.7315985Z (pass) issue 96 - English to Russian paragraph translation vs human reference > matches the human Russian lead of Donald_Trump on политический, деятель, президент [4.34ms]
Test (bun on ubuntu-latest)	Run tests (Bun)	2026-05-31T23:41:03.7395931Z (pass) issue 96 - English to Russian paragraph translation vs human reference > matches the human Russian lead of Zohran_Mamdani on политический, деятель, мэр [7.98ms]
Test (bun on ubuntu-latest)	Run tests (Bun)	2026-05-31T23:41:03.7447772Z (pass) issue 96 - English to Russian paragraph translation vs human reference > matches the human Russian lead of Elon_Musk on предприниматель [5.19ms]
Test (bun on ubuntu-latest)	Run tests (Bun)	2026-05-31T23:41:03.7600790Z (pass) issue 96 - English to Russian paragraph translation vs human reference > matches the human Russian lead of XXX_(2002_film) on американский, боевик, режиссёром [15.25ms]
Test (bun on ubuntu-latest)	Run tests (Bun)	2026-05-31T23:41:03.9370107Z (pass) issue 96 - English to Russian paragraph translation vs human reference > reproduces human-attested Russian vocabulary across the top-2025 corpus [176.84ms]
Test (bun on ubuntu-latest)	Run tests (Bun)	2026-05-31T23:41:03.9371142Z 
Test (bun on ubuntu-latest)	Run tests (Bun)	2026-05-31T23:41:03.9371833Z ##[endgroup]
Test (bun on ubuntu-latest)	Run tests (Bun)	2026-05-31T23:41:03.9372032Z 
Test (bun on ubuntu-latest)	Run tests (Bun)	2026-05-31T23:41:03.9372451Z ##[group]js/tests/integration/issue-89.test.js:
Test (bun on ubuntu-latest)	Run tests (Bun)	2026-05-31T23:41:03.9422415Z (pass) issue 89 - OpenIE AMR SRL formalization providers > records provider triples, roles, entity links, and graphs without changing deterministic formalization [2.78ms]
Test (bun on ubuntu-latest)	Run tests (Bun)	2026-05-31T23:41:03.9585068Z (pass) issue 89 - OpenIE AMR SRL formalization providers > accepts mocked provider output through HTTP /formalize without treating it as verified evidence [16.30ms]
Test (bun on ubuntu-latest)	Run tests (Bun)	2026-05-31T23:41:03.9585752Z 
Test (bun on ubuntu-latest)	Run tests (Bun)	2026-05-31T23:41:03.9586116Z ##[endgroup]
Test (bun on ubuntu-latest)	Run tests (Bun)	2026-05-31T23:41:03.9586268Z 
Test (bun on ubuntu-latest)	Run tests (Bun)	2026-05-31T23:41:03.9586685Z ##[group]js/tests/integration/issue-114-competitor-quality-gates.test.js:
Test (bun on ubuntu-latest)	Run tests (Bun)	2026-05-31T23:41:03.9617435Z (pass) issue 114 - competitor dataset quality gates > tracks measured pass rates for every harvested competitor dataset [0.43ms]
Test (bun on ubuntu-latest)	Run tests (Bun)	2026-05-31T23:41:03.9674792Z (pass) issue 114 - competitor dataset quality gates > executes every enabled competitor dataset case as a recurring gate [5.69ms]
Test (bun on ubuntu-latest)	Run tests (Bun)	2026-05-31T23:41:03.9676054Z (pass) issue 114 - competitor dataset quality gates > keeps the competitor gate wired into local acceptance and CI [0.17ms]
Test (bun on ubuntu-latest)	Run tests (Bun)	2026-05-31T23:41:03.9680830Z (pass) issue 114 - competitor dataset quality gates > publishes the measured scores in both comparison documents [0.46ms]
Test (bun on ubuntu-latest)	Run tests (Bun)	2026-05-31T23:41:03.9681704Z 
Test (bun on ubuntu-latest)	Run tests (Bun)	2026-05-31T23:41:03.9682022Z ##[endgroup]
Test (bun on ubuntu-latest)	Run tests (Bun)	2026-05-31T23:41:03.9682148Z 
Test (bun on ubuntu-latest)	Run tests (Bun)	2026-05-31T23:41:03.9682503Z ##[group]js/tests/integration/issue-93-proof-solver-artifacts.test.js:
Test (bun on ubuntu-latest)	Run tests (Bun)	2026-05-31T23:41:03.9715581Z (pass) issue 93 - proof and solver artifact adapters > normalizes proof assistant and solver artifacts into bounded provenance-bearing evidence [1.68ms]
Test (bun on ubuntu-latest)	Run tests (Bun)	2026-05-31T23:41:03.9720657Z (pass) issue 93 - proof and solver artifact adapters > attaches artifact evidence through analyzeStatement without producing absolute confidence [0.50ms]
Test (bun on ubuntu-latest)	Run tests (Bun)	2026-05-31T23:41:03.9721333Z 
Test (bun on ubuntu-latest)	Run tests (Bun)	2026-05-31T23:41:03.9721752Z ##[endgroup]
Test (bun on ubuntu-latest)	Run tests (Bun)	2026-05-31T23:41:03.9721882Z 
Test (bun on ubuntu-latest)	Run tests (Bun)	2026-05-31T23:41:03.9722160Z ##[group]js/tests/integration/issue-69.test.js:
Test (bun on ubuntu-latest)	Run tests (Bun)	2026-05-31T23:41:03.9746931Z (pass) issue 69 - relative-meta-logic computability adapter > maps supported formalization levels to relative-meta-logic inputs [1.27ms]
Test (bun on ubuntu-latest)	Run tests (Bun)	2026-05-31T23:41:03.9750912Z (pass) issue 69 - relative-meta-logic computability adapter > uses a provided relative-meta-logic engine for arithmetic extraction [0.39ms]
Test (bun on ubuntu-latest)	Run tests (Bun)	2026-05-31T23:41:03.9752892Z (pass) issue 69 - relative-meta-logic computability adapter > keeps local arithmetic as the fallback when RML is unavailable [0.21ms]
Test (bun on ubuntu-latest)	Run tests (Bun)	2026-05-31T23:41:03.9754573Z (pass) issue 69 - relative-meta-logic computability adapter > pins the inspected upstream relative-meta-logic source [0.04ms]
Test (bun on ubuntu-latest)	Run tests (Bun)	2026-05-31T23:41:03.9755283Z 
Test (bun on ubuntu-latest)	Run tests (Bun)	2026-05-31T23:41:03.9755826Z ##[endgroup]
Test (bun on ubuntu-latest)	Run tests (Bun)	2026-05-31T23:41:03.9756279Z 
Test (bun on ubuntu-latest)	Run tests (Bun)	2026-05-31T23:41:03.9756988Z ##[group]js/tests/integration/issue-63.test.js:
Test (bun on ubuntu-latest)	Run tests (Bun)	2026-05-31T23:41:03.9980596Z (pass) issue 63 - durable Doublets-backed storage > round-trips statement and evidence links without losing identity, provenance, Unicode, or versions [20.98ms]
Test (bun on ubuntu-latest)	Run tests (Bun)	2026-05-31T23:41:04.0007480Z (pass) issue 63 - durable Doublets-backed storage > imports current links-network fixtures as portable case data [1.93ms]
Test (bun on ubuntu-latest)	Run tests (Bun)	2026-05-31T23:41:04.0008286Z 
Test (bun on ubuntu-latest)	Run tests (Bun)	2026-05-31T23:41:04.0008784Z ##[endgroup]
Test (bun on ubuntu-latest)	Run tests (Bun)	2026-05-31T23:41:04.0008991Z 
Test (bun on ubuntu-latest)	Run tests (Bun)	2026-05-31T23:41:04.0009389Z ##[group]js/tests/unit/js-rust-parity.test.js:
Test (bun on ubuntu-latest)	Run tests (Bun)	2026-05-31T23:41:04.0082783Z (pass) JS <-> Rust parity guardrail > declares at least the issue #126 context module pair [1.23ms]
Test (bun on ubuntu-latest)	Run tests (Bun)	2026-05-31T23:41:04.0485220Z (pass) JS <-> Rust parity guardrail > validates manifest paths and passes when no diff is available [41.97ms]
Test (bun on ubuntu-latest)	Run tests (Bun)	2026-05-31T23:41:04.0808553Z (pass) JS <-> Rust parity guardrail > passes when both sides of a pair change together [32.33ms]
Test (bun on ubuntu-latest)	Run tests (Bun)	2026-05-31T23:41:04.1142719Z (pass) JS <-> Rust parity guardrail > fails when only the JavaScript side changes [33.37ms]
Test (bun on ubuntu-latest)	Run tests (Bun)	2026-05-31T23:41:04.1472251Z (pass) JS <-> Rust parity guardrail > fails when only the Rust side changes [32.93ms]
Test (bun on ubuntu-latest)	Run tests (Bun)	2026-05-31T23:41:04.1816428Z (pass) JS <-> Rust parity guardrail > ignores changes outside every mirrored pair [34.44ms]
Test (bun on ubuntu-latest)	Run tests (Bun)	2026-05-31T23:41:04.1817597Z (pass) JS <-> Rust parity guardrail > ships a manifest whose every path exists on disk [0.17ms]
Test (bun on ubuntu-latest)	Run tests (Bun)	2026-05-31T23:41:04.1818318Z 
Test (bun on ubuntu-latest)	Run tests (Bun)	2026-05-31T23:41:04.1818971Z ##[endgroup]
Test (bun on ubuntu-latest)	Run tests (Bun)	2026-05-31T23:41:04.1823383Z 
Test (bun on ubuntu-latest)	Run tests (Bun)	2026-05-31T23:41:04.1824170Z ##[group]js/tests/unit/issue-52.test.js:
Test (bun on ubuntu-latest)	Run tests (Bun)	2026-05-31T23:41:04.1868287Z (pass) issue 52 - Translate request churn and answers > coalesces concurrent Wikimedia 404s and caches negative results [1.78ms]
Test (bun on ubuntu-latest)	Run tests (Bun)	2026-05-31T23:41:04.1871082Z (pass) issue 52 - Translate request churn and answers > normalizes Wiktionary lookup text before calling the definition API [0.29ms]
Test (bun on ubuntu-latest)	Run tests (Bun)	2026-05-31T23:41:04.1875746Z (pass) issue 52 - Translate request churn and answers > batches same-tick Wikidata entity hydration requests [0.46ms]
Test (bun on ubuntu-latest)	Run tests (Bun)	2026-05-31T23:41:04.1890319Z (pass) issue 52 - Translate request churn and answers > batches target-language Wikidata label requests during translation [1.41ms]
Test (bun on ubuntu-latest)	Run tests (Bun)	2026-05-31T23:41:04.1925230Z (pass) issue 52 - Translate request churn and answers > applies selected question answers to translated output [3.45ms]
Test (bun on ubuntu-latest)	Run tests (Bun)	2026-05-31T23:41:04.1926047Z 
Test (bun on ubuntu-latest)	Run tests (Bun)	2026-05-31T23:41:04.1926461Z ##[endgroup]
Test (bun on ubuntu-latest)	Run tests (Bun)	2026-05-31T23:41:04.1926649Z 
Test (bun on ubuntu-latest)	Run tests (Bun)	2026-05-31T23:41:04.1927033Z ##[group]js/tests/unit/issue-108.test.js:
Test (bun on ubuntu-latest)	Run tests (Bun)	2026-05-31T23:41:04.2012840Z (pass) issue 108 - unified term data source > merges Wikimedia term data with provenance and dual cache artifacts [6.46ms]
Test (bun on ubuntu-latest)	Run tests (Bun)	2026-05-31T23:41:04.2029380Z (pass) issue 108 - unified term data source > caches repeated top-level getTerm calls [1.71ms]
Test (bun on ubuntu-latest)	Run tests (Bun)	2026-05-31T23:41:04.2030400Z 
Test (bun on ubuntu-latest)	Run tests (Bun)	2026-05-31T23:41:04.2030836Z ##[endgroup]
Test (bun on ubuntu-latest)	Run tests (Bun)	2026-05-31T23:41:04.2031027Z 
Test (bun on ubuntu-latest)	Run tests (Bun)	2026-05-31T23:41:04.2031736Z ##[group]js/tests/unit/issue-96-paragraphs.test.js:
Test (bun on ubuntu-latest)	Run tests (Bun)	2026-05-31T23:41:04.2047913Z (pass) issue 96 - paragraph extraction helpers > collapses internal whitespace and non-breaking spaces [1.22ms]
Test (bun on ubuntu-latest)	Run tests (Bun)	2026-05-31T23:41:04.2049150Z (pass) issue 96 - paragraph extraction helpers > splits an extract into normalized non-empty paragraphs [0.15ms]
Test (bun on ubuntu-latest)	Run tests (Bun)	2026-05-31T23:41:04.2050366Z (pass) issue 96 - paragraph extraction helpers > splits on single newlines as used by Wikipedia explaintext extracts [0.04ms]
Test (bun on ubuntu-latest)	Run tests (Bun)	2026-05-31T23:41:04.2052181Z (pass) issue 96 - paragraph extraction helpers > returns the first normalized paragraph or an empty string [0.05ms]
Test (bun on ubuntu-latest)	Run tests (Bun)	2026-05-31T23:41:04.2053454Z (pass) issue 96 - reference alignment scorer > scores set overlap precision, recall, and F1 against a reference [0.15ms]
Test (bun on ubuntu-latest)	Run tests (Bun)	2026-05-31T23:41:04.2054676Z (pass) issue 96 - reference alignment scorer > keeps only target-script tokens when a script filter is given [0.07ms]
Test (bun on ubuntu-latest)	Run tests (Bun)	2026-05-31T23:41:04.2055928Z (pass) issue 96 - reference alignment scorer > ignores global flags on the script filter so no tokens are skipped [0.14ms]
Test (bun on ubuntu-latest)	Run tests (Bun)	2026-05-31T23:41:04.2057039Z (pass) issue 96 - reference alignment scorer > returns zeroed metrics for empty input [0.06ms]
Test (bun on ubuntu-latest)	Run tests (Bun)	2026-05-31T23:41:04.2057636Z 
Test (bun on ubuntu-latest)	Run tests (Bun)	2026-05-31T23:41:04.2058050Z ##[endgroup]
Test (bun on ubuntu-latest)	Run tests (Bun)	2026-05-31T23:41:04.2058248Z 
Test (bun on ubuntu-latest)	Run tests (Bun)	2026-05-31T23:41:04.2058668Z ##[group]js/tests/unit/file-line-limits.test.js:
Test (bun on ubuntu-latest)	Run tests (Bun)	2026-05-31T23:41:04.2328399Z (pass) file line limit checker > fails tracked Rust, JavaScript, and Markdown files above the limit [25.98ms]
Test (bun on ubuntu-latest)	Run tests (Bun)	2026-05-31T23:41:04.2454484Z (pass) file line limit checker > ignores case-study Markdown and unrelated file types [12.63ms]
Test (bun on ubuntu-latest)	Run tests (Bun)	2026-05-31T23:41:04.2601820Z (pass) file line limit checker > warns before the hard line limit without failing [14.70ms]
Test (bun on ubuntu-latest)	Run tests (Bun)	2026-05-31T23:41:04.2602400Z 
Test (bun on ubuntu-latest)	Run tests (Bun)	2026-05-31T23:41:04.2602751Z ##[endgroup]
Test (bun on ubuntu-latest)	Run tests (Bun)	2026-05-31T23:41:04.2602899Z 
Test (bun on ubuntu-latest)	Run tests (Bun)	2026-05-31T23:41:04.2603191Z ##[group]js/tests/unit/documentation.test.js:
Test (bun on ubuntu-latest)	Run tests (Bun)	2026-05-31T23:41:04.2617339Z (pass) vision documentation > promotes the canonical requirements and roadmap into docs [1.07ms]
Test (bun on ubuntu-latest)	Run tests (Bun)	2026-05-31T23:41:04.2630894Z (pass) vision documentation > keeps first-class docs in links terminology [1.32ms]
Test (bun on ubuntu-latest)	Run tests (Bun)	2026-05-31T23:41:04.2633354Z (pass) vision documentation > keeps competitor parity research current and linked to follow-up issues [0.27ms]
Test (bun on ubuntu-latest)	Run tests (Bun)	2026-05-31T23:41:04.2635604Z (pass) vision documentation > tracks the formal-ai compatibility contract as a first-class doc [0.23ms]
Test (bun on ubuntu-latest)	Run tests (Bun)	2026-05-31T23:41:04.2636344Z 
Test (bun on ubuntu-latest)	Run tests (Bun)	2026-05-31T23:41:04.2636810Z ##[endgroup]
Test (bun on ubuntu-latest)	Run tests (Bun)	2026-05-31T23:41:04.2637026Z 
Test (bun on ubuntu-latest)	Run tests (Bun)	2026-05-31T23:41:04.2637515Z ##[group]js/tests/unit/tag-prefix.test.js:
Test (bun on ubuntu-latest)	Run tests (Bun)	2026-05-31T23:41:04.2647383Z (pass) tag prefix logic > defaults to "v" prefix (backward compatible) [0.04ms]
Test (bun on ubuntu-latest)	Run tests (Bun)	2026-05-31T23:41:04.2648236Z (pass) tag prefix logic > supports "js-v" prefix for multi-language repos [0.02ms]
Test (bun on ubuntu-latest)	Run tests (Bun)	2026-05-31T23:41:04.2648892Z (pass) tag prefix logic > supports "rust-v" prefix [0.02ms]
Test (bun on ubuntu-latest)	Run tests (Bun)	2026-05-31T23:41:04.2649293Z (pass) tag prefix logic > supports empty prefix [0.02ms]
Test (bun on ubuntu-latest)	Run tests (Bun)	2026-05-31T23:41:04.2649687Z (pass) tag prefix logic > works with pre-release versions [0.02ms]
Test (bun on ubuntu-latest)	Run tests (Bun)	2026-05-31T23:41:04.2649946Z 
Test (bun on ubuntu-latest)	Run tests (Bun)	2026-05-31T23:41:04.2650291Z ##[endgroup]
Test (bun on ubuntu-latest)	Run tests (Bun)	2026-05-31T23:41:04.2650469Z 
Test (bun on ubuntu-latest)	Run tests (Bun)	2026-05-31T23:41:04.2650824Z ##[group]js/tests/unit/issue-20.test.js:
Test (bun on ubuntu-latest)	Run tests (Bun)	2026-05-31T23:41:04.2659491Z (pass) issue 20 — Jenni AI comparison expansion > adds a focused academic-writing assistant feature lens [0.13ms]
Test (bun on ubuntu-latest)	Run tests (Bun)	2026-05-31T23:41:04.2660555Z (pass) issue 20 — Jenni AI comparison expansion > archives the issue-specific research trail [0.07ms]
Test (bun on ubuntu-latest)	Run tests (Bun)	2026-05-31T23:41:04.2660936Z 
Test (bun on ubuntu-latest)	Run tests (Bun)	2026-05-31T23:41:04.2661186Z ##[endgroup]
Test (bun on ubuntu-latest)	Run tests (Bun)	2026-05-31T23:41:04.2661309Z 
Test (bun on ubuntu-latest)	Run tests (Bun)	2026-05-31T23:41:04.2661763Z ##[group]js/tests/unit/workflow.test.js:
Test (bun on ubuntu-latest)	Run tests (Bun)	2026-05-31T23:41:04.2673649Z (pass) js workflow publishing boundaries > deploys the static web prototype through GitHub Pages [0.17ms]
Test (bun on ubuntu-latest)	Run tests (Bun)	2026-05-31T23:41:04.2675124Z (pass) js workflow publishing boundaries > keeps Pages deployment independent from npm release publication [0.04ms]
Test (bun on ubuntu-latest)	Run tests (Bun)	2026-05-31T23:41:04.2676363Z (pass) js workflow publishing boundaries > requires an explicit repository variable before automatic npm publishing [0.03ms]
Test (bun on ubuntu-latest)	Run tests (Bun)	2026-05-31T23:41:04.2677477Z (pass) js workflow publishing boundaries > checks line limits for Rust, JavaScript, and Markdown changes [0.05ms]
Test (bun on ubuntu-latest)	Run tests (Bun)	2026-05-31T23:41:04.2678146Z (pass) js workflow publishing boundaries > runs JavaScript tests only on Bun and Linux [0.05ms]
Test (bun on ubuntu-latest)	Run tests (Bun)	2026-05-31T23:41:04.2678783Z (pass) js workflow publishing boundaries > uses targeted checkout for changeset validation [0.04ms]
Test (bun on ubuntu-latest)	Run tests (Bun)	2026-05-31T23:41:04.2679661Z (pass) rust workflow checks coverage > runs lint and clippy on workspace [0.03ms]
Test (bun on ubuntu-latest)	Run tests (Bun)	2026-05-31T23:41:04.2680217Z (pass) rust workflow checks coverage > runs the full workspace test suite on Linux [0.04ms]
Test (bun on ubuntu-latest)	Run tests (Bun)	2026-05-31T23:41:04.2680562Z 
Test (bun on ubuntu-latest)	Run tests (Bun)	2026-05-31T23:41:04.2680823Z ##[endgroup]
Test (bun on ubuntu-latest)	Run tests (Bun)	2026-05-31T23:41:04.2680940Z 
Test (bun on ubuntu-latest)	Run tests (Bun)	2026-05-31T23:41:04.2681204Z ##[group]js/tests/unit/prototype.test.js:
Test (bun on ubuntu-latest)	Run tests (Bun)	2026-05-31T23:41:04.2696250Z (pass) meta-expression prototype pipeline > keeps user selection as an explicit pipeline boundary [0.12ms]
Test (bun on ubuntu-latest)	Run tests (Bun)	2026-05-31T23:41:04.2702088Z (pass) meta-expression prototype pipeline > evaluates fully computable arithmetic statements exactly [0.56ms]
Test (bun on ubuntu-latest)	Run tests (Bun)	2026-05-31T23:41:04.2712742Z (pass) meta-expression prototype pipeline > represents real-world evidence as non-absolute links with provenance [0.69ms]
Test (bun on ubuntu-latest)	Run tests (Bun)	2026-05-31T23:41:04.2715645Z (pass) meta-expression prototype pipeline > supports the Moon-Sun orbit claim through a Wikidata parent-body chain [0.68ms]
Test (bun on ubuntu-latest)	Run tests (Bun)	2026-05-31T23:41:04.2721323Z (pass) meta-expression prototype pipeline > uses bounded Wikidata-backed evidence for a person alive claim [0.52ms]
Test (bun on ubuntu-latest)	Run tests (Bun)	2026-05-31T23:41:04.2728273Z (pass) meta-expression prototype pipeline > turns local user beliefs into support or refutation evidence [0.71ms]
Test (bun on ubuntu-latest)	Run tests (Bun)	2026-05-31T23:41:04.2729803Z (pass) meta-expression prototype pipeline > marks self-referential false statements as undetermined [0.17ms]
Test (bun on ubuntu-latest)	Run tests (Bun)	2026-05-31T23:41:04.2732697Z (pass) meta-expression prototype pipeline > serializes the selected links network to Links Notation text [0.27ms]
Test (bun on ubuntu-latest)	Run tests (Bun)	2026-05-31T23:41:04.2743938Z (pass) meta-expression prototype pipeline > exposes prepared examples, level descriptions, and report URLs [1.08ms]
Test (bun on ubuntu-latest)	Run tests (Bun)	2026-05-31T23:41:04.2788486Z (pass) Wikimedia live evidence client > resolves live Wikimedia evidence with reusable cache and statement templates [4.42ms]
Test (bun on ubuntu-latest)	Run tests (Bun)	2026-05-31T23:41:04.2788995Z 
Test (bun on ubuntu-latest)	Run tests (Bun)	2026-05-31T23:41:04.2789295Z ##[endgroup]
Test (bun on ubuntu-latest)	Run tests (Bun)	2026-05-31T23:41:04.2789529Z 
Test (bun on ubuntu-latest)	Run tests (Bun)	2026-05-31T23:41:04.2789827Z ##[group]js/tests/unit/package-identity.test.js:
Test (bun on ubuntu-latest)	Run tests (Bun)	2026-05-31T23:41:04.2824651Z (pass) package identity > publishes the documented meta-expression package identity [1.08ms]
Test (bun on ubuntu-latest)	Run tests (Bun)	2026-05-31T23:41:04.2825500Z (pass) package identity > keeps project docs aligned with the published package name [0.12ms]
Test (bun on ubuntu-latest)	Run tests (Bun)	2026-05-31T23:41:04.2828396Z 386 |   return {
Test (bun on ubuntu-latest)	Run tests (Bun)	2026-05-31T23:41:04.2828823Z 387 |     // Bun/Jest: expect(x).toBe(y) - strict equality
Test (bun on ubuntu-latest)	Run tests (Bun)	2026-05-31T23:41:04.2829185Z 388 |     toBe(expected, message) {
Test (bun on ubuntu-latest)	Run tests (Bun)	2026-05-31T23:41:04.2829478Z 389 |       if (actual !== expected) {
Test (bun on ubuntu-latest)	Run tests (Bun)	2026-05-31T23:41:04.2829966Z 390 |         const defaultMessage = `Expected ${JSON.stringify(actual)} to be ${JSON.stringify(expected)}`;
Test (bun on ubuntu-latest)	Run tests (Bun)	2026-05-31T23:41:04.2830803Z 391 |         throw new Error(message || defaultMessage);
Test (bun on ubuntu-latest)	Run tests (Bun)	2026-05-31T23:41:04.2831244Z                                                        ^
Test (bun on ubuntu-latest)	Run tests (Bun)	2026-05-31T23:41:04.2831868Z error: Expected false to be true
Test (bun on ubuntu-latest)	Run tests (Bun)	2026-05-31T23:41:04.2832506Z       at toBe (/home/runner/work/meta-expression/meta-expression/node_modules/test-anywhere/src/index.js:391:50)
Test (bun on ubuntu-latest)	Run tests (Bun)	2026-05-31T23:41:04.2833278Z       at <anonymous> (/home/runner/work/meta-expression/meta-expression/js/tests/unit/package-identity.test.js:64:55)
Test (bun on ubuntu-latest)	Run tests (Bun)	2026-05-31T23:41:04.2833708Z 
Test (bun on ubuntu-latest)	Run tests (Bun)	2026-05-31T23:41:04.2858421Z ##[error]
Test (bun on ubuntu-latest)	Run tests (Bun)	      at toBe (/home/runner/work/meta-expression/meta-expression/node_modules/test-anywhere/src/index.js:391:50)
Test (bun on ubuntu-latest)	Run tests (Bun)	      at <anonymous> (/home/runner/work/meta-expression/meta-expression/js/tests/unit/package-identity.test.js:64:55)
Test (bun on ubuntu-latest)	Run tests (Bun)	2026-05-31T23:41:04.2870259Z (fail) package identity > targets meta-expression in active changesets and release tooling [0.30ms]
Test (bun on ubuntu-latest)	Run tests (Bun)	2026-05-31T23:41:04.2870699Z 
Test (bun on ubuntu-latest)	Run tests (Bun)	2026-05-31T23:41:04.2870983Z ##[endgroup]
Test (bun on ubuntu-latest)	Run tests (Bun)	2026-05-31T23:41:04.2871117Z 
Test (bun on ubuntu-latest)	Run tests (Bun)	2026-05-31T23:41:04.2871392Z ##[group]js/tests/unit/index.test.js:
Test (bun on ubuntu-latest)	Run tests (Bun)	2026-05-31T23:41:04.2872035Z (pass) add function > should add two positive numbers [0.03ms]
Test (bun on ubuntu-latest)	Run tests (Bun)	2026-05-31T23:41:04.2872438Z (pass) add function > should add negative numbers [0.01ms]
Test (bun on ubuntu-latest)	Run tests (Bun)	2026-05-31T23:41:04.2872786Z (pass) add function > should add zero [0.01ms]
Test (bun on ubuntu-latest)	Run tests (Bun)	2026-05-31T23:41:04.2873419Z (pass) multiply function > should multiply two positive numbers [0.03ms]
Test (bun on ubuntu-latest)	Run tests (Bun)	2026-05-31T23:41:04.2873857Z (pass) multiply function > should multiply by zero [0.02ms]
Test (bun on ubuntu-latest)	Run tests (Bun)	2026-05-31T23:41:04.2874281Z (pass) multiply function > should multiply negative numbers [0.01ms]
Test (bun on ubuntu-latest)	Run tests (Bun)	2026-05-31T23:41:04.2874543Z 
Test (bun on ubuntu-latest)	Run tests (Bun)	2026-05-31T23:41:04.2874788Z ##[endgroup]
Test (bun on ubuntu-latest)	Run tests (Bun)	2026-05-31T23:41:04.2874926Z 
Test (bun on ubuntu-latest)	Run tests (Bun)	2026-05-31T23:41:04.2875182Z ##[group]js/tests/e2e/issue-62.test.js:
Test (bun on ubuntu-latest)	Run tests (Bun)	2026-05-31T23:41:04.2875782Z (pass) issue 62 - official Links Notation and lino-arguments > parses official Links Notation tuples through the current Lino API [0.33ms]
Test (bun on ubuntu-latest)	Run tests (Bun)	2026-05-31T23:41:04.2890374Z (pass) issue 62 - official Links Notation and lino-arguments > loads CLI defaults from a Links Notation configuration file [3.59ms]
Test (bun on ubuntu-latest)	Run tests (Bun)	2026-05-31T23:41:04.2935055Z (pass) issue 62 - official Links Notation and lino-arguments > applies a Links Notation preference profile from the CLI [4.46ms]
Test (bun on ubuntu-latest)	Run tests (Bun)	2026-05-31T23:41:04.2935859Z 
Test (bun on ubuntu-latest)	Run tests (Bun)	2026-05-31T23:41:04.2936205Z ##[endgroup]
Test (bun on ubuntu-latest)	Run tests (Bun)	2026-05-31T23:41:04.2936338Z 
Test (bun on ubuntu-latest)	Run tests (Bun)	2026-05-31T23:41:04.2936616Z ##[group]js/tests/e2e/issue-110.test.js:
Test (bun on ubuntu-latest)	Run tests (Bun)	2026-05-31T23:41:04.3297707Z (pass) issue 110 - doublets-web browser store > keeps the doublets-web browser store in the static module graph [32.23ms]
Test (bun on ubuntu-latest)	Run tests (Bun)	2026-05-31T23:41:04.8477960Z (pass) issue 110 - doublets-web browser store > stores and loads portable meta-language links in a browser [517.94ms]
Test (bun on ubuntu-latest)	Run tests (Bun)	2026-05-31T23:41:04.8478822Z 
Test (bun on ubuntu-latest)	Run tests (Bun)	2026-05-31T23:41:04.8479315Z ##[endgroup]
Test (bun on ubuntu-latest)	Run tests (Bun)	2026-05-31T23:41:04.8479491Z 
Test (bun on ubuntu-latest)	Run tests (Bun)	2026-05-31T23:41:04.8479865Z ##[group]js/tests/e2e/issue-15.test.js:
Test (bun on ubuntu-latest)	Run tests (Bun)	2026-05-31T23:41:04.8816671Z (pass) issue 15 — formalize text into Wikipedia/Wikidata-anchored phrases > tokenizes input and tags stop-only single-token n-grams (issue #21) [0.21ms]
Test (bun on ubuntu-latest)	Run tests (Bun)	2026-05-31T23:41:04.8838529Z (pass) issue 15 — formalize text into Wikipedia/Wikidata-anchored phrases > prefers the longest non-overlapping match (Barack Obama as one entity) [2.29ms]
Test (bun on ubuntu-latest)	Run tests (Bun)	2026-05-31T23:41:04.8850192Z (pass) issue 15 — formalize text into Wikipedia/Wikidata-anchored phrases > emits HTML link with title containing the Q id (F6) [0.77ms]
Test (bun on ubuntu-latest)	Run tests (Bun)	2026-05-31T23:41:04.8852045Z (pass) issue 15 — formalize text into Wikipedia/Wikidata-anchored phrases > renders Markdown with [phrase](url "Qid") shape (F8) [0.48ms]
Test (bun on ubuntu-latest)	Run tests (Bun)	2026-05-31T23:41:04.8862984Z (pass) issue 15 — formalize text into Wikipedia/Wikidata-anchored phrases > falls back to Wikidata page when no enwiki sitelink (properties) [1.18ms]
Test (bun on ubuntu-latest)	Run tests (Bun)	2026-05-31T23:41:04.8864549Z (pass) issue 15 — formalize text into Wikipedia/Wikidata-anchored phrases > respects local viewer toggle for entities and properties (F7) [0.11ms]
Test (bun on ubuntu-latest)	Run tests (Bun)	2026-05-31T23:41:04.8865793Z (pass) issue 15 — formalize text into Wikipedia/Wikidata-anchored phrases > always switches link targets to Wikidata when mode=wikidata [0.04ms]
Test (bun on ubuntu-latest)	Run tests (Bun)	2026-05-31T23:41:04.8885341Z (pass) issue 15 — formalize text into Wikipedia/Wikidata-anchored phrases > aggregates contexts with weight and probability (F10/F11) [2.05ms]
Test (bun on ubuntu-latest)	Run tests (Bun)	2026-05-31T23:41:04.8894363Z (pass) issue 15 — formalize text into Wikipedia/Wikidata-anchored phrases > produces at most maxInterpretations interpretations (F13) [0.90ms]
Test (bun on ubuntu-latest)	Run tests (Bun)	2026-05-31T23:41:04.8900640Z (pass) issue 15 — formalize text into Wikipedia/Wikidata-anchored phrases > emits Links Notation with phrase and context lines (F9) [0.58ms]
Test (bun on ubuntu-latest)	Run tests (Bun)	2026-05-31T23:41:04.8910144Z (pass) issue 15 — formalize text into Wikipedia/Wikidata-anchored phrases > reuses cache for repeated calls (F15) [0.95ms]
Test (bun on ubuntu-latest)	Run tests (Bun)	2026-05-31T23:41:04.8918803Z (pass) issue 15 — formalize text into Wikipedia/Wikidata-anchored phrases > keeps every word in a phrase, even without a Wikidata match [0.78ms]
Test (bun on ubuntu-latest)	Run tests (Bun)	2026-05-31T23:41:04.8920671Z (pass) issue 15 — formalize text into Wikipedia/Wikidata-anchored phrases > builds Markdown and HTML links via the standalone helpers [0.16ms]
Test (bun on ubuntu-latest)	Run tests (Bun)	2026-05-31T23:41:04.8926672Z (pass) issue 15 — formalize text into Wikipedia/Wikidata-anchored phrases > routes default-tier traffic to Wikipedia, Wikidata, and Wiktionary endpoints [0.59ms]
Test (bun on ubuntu-latest)	Run tests (Bun)	2026-05-31T23:41:04.8931241Z (pass) issue 15 — formalize text into Wikipedia/Wikidata-anchored phrases > still uses only the Wikidata endpoint when sources are explicitly set to Wikidata [0.46ms]
Test (bun on ubuntu-latest)	Run tests (Bun)	2026-05-31T23:41:04.8936567Z (pass) issue 15 — layered sources, overrides, big contexts > parses source spec tokens into source instances [0.55ms]
Test (bun on ubuntu-latest)	Run tests (Bun)	2026-05-31T23:41:04.8946976Z (pass) issue 15 — layered sources, overrides, big contexts > layers WordNet + Wikidata candidates via createWordNetSource [1.08ms]
Test (bun on ubuntu-latest)	Run tests (Bun)	2026-05-31T23:41:04.8958527Z (pass) issue 15 — layered sources, overrides, big contexts > routes Fandom-only entities through their sourceUrl [1.15ms]
Test (bun on ubuntu-latest)	Run tests (Bun)	2026-05-31T23:41:04.8960187Z (pass) issue 15 — layered sources, overrides, big contexts > builds an override map and short-circuits search to keep tests deterministic [0.10ms]
Test (bun on ubuntu-latest)	Run tests (Bun)	2026-05-31T23:41:04.8967403Z (pass) issue 15 — layered sources, overrides, big contexts > overrides outrank live Wikidata search candidates [0.72ms]
Test (bun on ubuntu-latest)	Run tests (Bun)	2026-05-31T23:41:04.8970894Z (pass) issue 15 — layered sources, overrides, big contexts > aggregates big-context categories via transitive graph traversal [0.36ms]
Test (bun on ubuntu-latest)	Run tests (Bun)	2026-05-31T23:41:04.8981017Z (pass) issue 15 — layered sources, overrides, big contexts > exposes bigContexts in formalize result alongside flat contexts [0.94ms]
Test (bun on ubuntu-latest)	Run tests (Bun)	2026-05-31T23:41:04.9022251Z (pass) issue 15 — CLI: formalize subcommand > parses formalize-specific flags [4.05ms]
Test (bun on ubuntu-latest)	Run tests (Bun)	2026-05-31T23:41:04.9057858Z (pass) issue 15 — CLI: formalize subcommand > runs the formalize subcommand and emits markdown [3.51ms]
Test (bun on ubuntu-latest)	Run tests (Bun)	2026-05-31T23:41:04.9448122Z (pass) issue 15 — HTTP /formalize endpoint with persistent cache > persists results to dual-format cache and reuses them on the next request [38.94ms]
Test (bun on ubuntu-latest)	Run tests (Bun)	2026-05-31T23:41:04.9516519Z (pass) issue 15 — HTTP /formalize endpoint with persistent cache > returns lino body via format=lino with cache headers [6.91ms]
Test (bun on ubuntu-latest)	Run tests (Bun)	2026-05-31T23:41:04.9689915Z (pass) issue 15 — HTTP /formalize endpoint with persistent cache > honours POST overrides and varies cache key by overrides payload [17.25ms]
Test (bun on ubuntu-latest)	Run tests (Bun)	2026-05-31T23:41:04.9776577Z (pass) issue 15 — HTTP /formalize endpoint with persistent cache > returns 400 when input parameter is missing [8.70ms]
Test (bun on ubuntu-latest)	Run tests (Bun)	2026-05-31T23:41:04.9781430Z (pass) issue 15 — auto-generated formalize library docs > keeps docs/FORMALIZE.md in sync with src/formalize*.js JSDoc [0.45ms]
Test (bun on ubuntu-latest)	Run tests (Bun)	2026-05-31T23:41:04.9783984Z (pass) issue 15 — Links Notation codec > round-trips a nested object through indented .lino [0.32ms]
Test (bun on ubuntu-latest)	Run tests (Bun)	2026-05-31T23:41:04.9785805Z (pass) issue 15 — Links Notation codec > parses the repository overrides.lino format [0.19ms]
Test (bun on ubuntu-latest)	Run tests (Bun)	2026-05-31T23:41:04.9788863Z (pass) issue 15 — Links Notation codec > accepts both .lino and legacy JSON via decodeOverridesText [0.19ms]
Test (bun on ubuntu-latest)	Run tests (Bun)	2026-05-31T23:41:04.9793162Z (pass) issue 15 — doublets binary store > round-trips primitives, arrays, and objects [0.33ms]
Test (bun on ubuntu-latest)	Run tests (Bun)	2026-05-31T23:41:04.9794559Z (pass) issue 15 — doublets binary store > encodes strings as unicode-sequence chains [0.10ms]
Test (bun on ubuntu-latest)	Run tests (Bun)	2026-05-31T23:41:04.9795213Z 
Test (bun on ubuntu-latest)	Run tests (Bun)	2026-05-31T23:41:04.9795707Z ##[endgroup]
Test (bun on ubuntu-latest)	Run tests (Bun)	2026-05-31T23:41:04.9795896Z 
Test (bun on ubuntu-latest)	Run tests (Bun)	2026-05-31T23:41:04.9796348Z ##[group]js/tests/e2e/issue-27.test.js:
Test (bun on ubuntu-latest)	Run tests (Bun)	2026-05-31T23:41:04.9855224Z (pass) issue 27 - uniqueness likelihood > scores exact external matches as citation candidates per statement [2.95ms]
Test (bun on ubuntu-latest)	Run tests (Bun)	2026-05-31T23:41:04.9862399Z (pass) issue 27 - uniqueness likelihood > ignores unrelated rows returned by public search providers [0.67ms]
Test (bun on ubuntu-latest)	Run tests (Bun)	2026-05-31T23:41:04.9937965Z (pass) issue 27 - uniqueness likelihood > wires uniqueness into the CLI, including the issue title typo alias [7.48ms]
Test (bun on ubuntu-latest)	Run tests (Bun)	2026-05-31T23:41:05.0041732Z (pass) issue 27 - uniqueness likelihood > exposes HTTP /uniqueness and /uniquness endpoints [10.36ms]
Test (bun on ubuntu-latest)	Run tests (Bun)	2026-05-31T23:41:05.0045376Z (pass) issue 27 - uniqueness likelihood > documents the HTTP route and exposes the web page shell [0.36ms]
Test (bun on ubuntu-latest)	Run tests (Bun)	2026-05-31T23:41:05.0045986Z 
Test (bun on ubuntu-latest)	Run tests (Bun)	2026-05-31T23:41:05.0046484Z ##[endgroup]
Test (bun on ubuntu-latest)	Run tests (Bun)	2026-05-31T23:41:05.0046671Z 
Test (bun on ubuntu-latest)	Run tests (Bun)	2026-05-31T23:41:05.0047059Z ##[group]js/tests/e2e/issue-116.test.js:
Test (bun on ubuntu-latest)	Run tests (Bun)	2026-05-31T23:41:05.0499011Z (pass) issue 116 - static web module graph > keeps the GitHub Pages web entrypoints browser-loadable [43.03ms]
Test (bun on ubuntu-latest)	Run tests (Bun)	2026-05-31T23:41:05.0499838Z 
Test (bun on ubuntu-latest)	Run tests (Bun)	2026-05-31T23:41:05.0500186Z ##[endgroup]
Test (bun on ubuntu-latest)	Run tests (Bun)	2026-05-31T23:41:05.0500321Z 
Test (bun on ubuntu-latest)	Run tests (Bun)	2026-05-31T23:41:05.0500588Z ##[group]js/tests/e2e/issue-17.test.js:
Test (bun on ubuntu-latest)	Run tests (Bun)	2026-05-31T23:41:05.0529830Z (pass) issue 17 - check text statements > detects statements and assigns red-to-green correctness colors [1.08ms]
Test (bun on ubuntu-latest)	Run tests (Bun)	2026-05-31T23:41:05.0535876Z (pass) issue 17 - evidence probability scoring > lets preferences control the probability assigned to evidence situations [0.54ms]
Test (bun on ubuntu-latest)	Run tests (Bun)	2026-05-31T23:41:05.0545798Z (pass) issue 17 - evidence probability scoring > uses belief-system preferences for worldview-sensitive statements [0.99ms]
Test (bun on ubuntu-latest)	Run tests (Bun)	2026-05-31T23:41:05.0571411Z (pass) issue 17 - evidence probability scoring > scores cited Wikipedia statements in the 75-99% band with debug reasoning [2.54ms]
Test (bun on ubuntu-latest)	Run tests (Bun)	2026-05-31T23:41:05.0580214Z (pass) issue 17 - evidence probability scoring > finds similar Wikipedia wording after exact search misses [0.87ms]
Test (bun on ubuntu-latest)	Run tests (Bun)	2026-05-31T23:41:05.0589634Z (pass) issue 17 - evidence probability scoring > allows cited Wikipedia scoring to be tuned by preferences [0.95ms]
Test (bun on ubuntu-latest)	Run tests (Bun)	2026-05-31T23:41:05.0666647Z (pass) issue 17 - check integration surfaces > supports CLI check and fact-check aliases [7.66ms]
Test (bun on ubuntu-latest)	Run tests (Bun)	2026-05-31T23:41:05.0751808Z (pass) issue 17 - check integration surfaces > exposes HTTP /check and /fact-check endpoints [8.50ms]
Test (bun on ubuntu-latest)	Run tests (Bun)	2026-05-31T23:41:05.0755891Z (pass) issue 17 - check integration surfaces > wires the static web app with check and fact-check hash aliases [0.49ms]
Test (bun on ubuntu-latest)	Run tests (Bun)	2026-05-31T23:41:05.0756428Z 
Test (bun on ubuntu-latest)	Run tests (Bun)	2026-05-31T23:41:05.0756813Z ##[endgroup]
Test (bun on ubuntu-latest)	Run tests (Bun)	2026-05-31T23:41:05.0757116Z 
Test (bun on ubuntu-latest)	Run tests (Bun)	2026-05-31T23:41:05.0757802Z ##[group]js/tests/e2e/issue-16.test.js:
Test (bun on ubuntu-latest)	Run tests (Bun)	2026-05-31T23:41:05.0803011Z (pass) issue 16 — formalize CST for translation > emits a CST that can regenerate formalize Markdown [1.09ms]
Test (bun on ubuntu-latest)	Run tests (Bun)	2026-05-31T23:41:05.0815684Z (pass) issue 16 — translate through formalized Wikidata labels > translates linked phrases with target-language labels and links [1.28ms]
Test (bun on ubuntu-latest)	Run tests (Bun)	2026-05-31T23:41:05.0837743Z (pass) issue 16 — translate through formalized Wikidata labels > translates full sentences and records formalization plus rule steps [2.17ms]
Test (bun on ubuntu-latest)	Run tests (Bun)	2026-05-31T23:41:05.0844075Z (pass) issue 16 — translate through formalized Wikidata labels > keeps unresolved parts as variables with clarifying questions [0.64ms]
Test (bun on ubuntu-latest)	Run tests (Bun)	2026-05-31T23:41:05.0874617Z (pass) issue 16 — CLI and HTTP translate surfaces > parses translate-specific flags [3.06ms]
Test (bun on ubuntu-latest)	Run tests (Bun)	2026-05-31T23:41:05.0951098Z (pass) issue 16 — CLI and HTTP translate surfaces > runs the translate command as Markdown [4.37ms]
Test (bun on ubuntu-latest)	Run tests (Bun)	2026-05-31T23:41:05.1032871Z (pass) issue 16 — CLI and HTTP translate surfaces > serves POST /translate [11.42ms]
Test (bun on ubuntu-latest)	Run tests (Bun)	2026-05-31T23:41:05.1036877Z (pass) issue 16 — web translate surface > adds a translated workspace to the static web app [0.43ms]
Test (bun on ubuntu-latest)	Run tests (Bun)	2026-05-31T23:41:05.1037490Z 
Test (bun on ubuntu-latest)	Run tests (Bun)	2026-05-31T23:41:05.1037904Z ##[endgroup]
Test (bun on ubuntu-latest)	Run tests (Bun)	2026-05-31T23:41:05.1038036Z 
Test (bun on ubuntu-latest)	Run tests (Bun)	2026-05-31T23:41:05.1038294Z ##[group]js/tests/e2e/issue-43.test.js:
Test (bun on ubuntu-latest)	Run tests (Bun)	2026-05-31T23:41:05.1073199Z (pass) issue 43 - translation quality assessment helpers > extracts a first statement from a multi-paragraph extract [0.22ms]
Test (bun on ubuntu-latest)	Run tests (Bun)	2026-05-31T23:41:05.1074796Z (pass) issue 43 - translation quality assessment helpers > drops parenthetical Latin and Cyrillic asides from leading sentences [0.12ms]
Test (bun on ubuntu-latest)	Run tests (Bun)	2026-05-31T23:41:05.1076301Z (pass) issue 43 - translation quality assessment helpers > returns an empty string when the extract is blank or whitespace [0.03ms]
Test (bun on ubuntu-latest)	Run tests (Bun)	2026-05-31T23:41:05.1078218Z (pass) issue 43 - translation quality assessment helpers > tokenizes Unicode-aware content tokens and drops stop words [0.07ms]
Test (bun on ubuntu-latest)	Run tests (Bun)	2026-05-31T23:41:05.1079665Z (pass) issue 43 - translation quality assessment helpers > computes token coverage as the fraction of unique tokens that overlap [0.08ms]
Test (bun on ubuntu-latest)	Run tests (Bun)	2026-05-31T23:41:05.1081075Z (pass) issue 43 - translation quality assessment helpers > reports zero coverage for completely disjoint texts [0.04ms]
Test (bun on ubuntu-latest)	Run tests (Bun)	2026-05-31T23:41:05.1082708Z (pass) issue 43 - translation quality assessment helpers > normalizes statement keys by collapsing whitespace and trailing punctuation [0.08ms]
Test (bun on ubuntu-latest)	Run tests (Bun)	2026-05-31T23:41:05.1084579Z (pass) issue 43 - translation quality assessment helpers > selects the two largest language versions from a fixture-style entry [0.15ms]
Test (bun on ubuntu-latest)	Run tests (Bun)	2026-05-31T23:41:05.1085989Z (pass) issue 43 - assessArticleTranslation status routing > returns no-statement when the source extract is empty [0.21ms]
Test (bun on ubuntu-latest)	Run tests (Bun)	2026-05-31T23:41:05.1087361Z (pass) issue 43 - assessArticleTranslation status routing > uses a curated translation-fix when the source statement matches [0.23ms]
Test (bun on ubuntu-latest)	Run tests (Bun)	2026-05-31T23:41:05.1088814Z (pass) issue 43 - assessArticleTranslation status routing > marks a source statement as skipped when it is on the skip list [0.20ms]
Test (bun on ubuntu-latest)	Run tests (Bun)	2026-05-31T23:41:05.1102039Z (pass) issue 43 - assessArticleTranslation status routing > matches when the translated tokens cover the target extract [1.47ms]
Test (bun on ubuntu-latest)	Run tests (Bun)	2026-05-31T23:41:05.1122609Z (pass) issue 43 - assessArticleTranslation status routing > promotes round-trip-stable translations to fix-suggested [2.01ms]
Test (bun on ubuntu-latest)	Run tests (Bun)	2026-05-31T23:41:05.1159578Z (pass) issue 43 - Wikipedia top-views integration test > passes the quality bar for every captured article [3.75ms]
Test (bun on ubuntu-latest)	Run tests (Bun)	2026-05-31T23:41:05.1223424Z (pass) issue 43 - Wikipedia top-views integration test > uses the formalize → semantic meta language → naturalize pipeline for every assessed statement [5.75ms]
Test (bun on ubuntu-latest)	Run tests (Bun)	2026-05-31T23:41:05.1225089Z (pass) issue 43 - Wikipedia top-views integration test > summarises results into per-status counts and exposes failures [0.10ms]
Test (bun on ubuntu-latest)	Run tests (Bun)	2026-05-31T23:41:05.1226642Z (pass) issue 43 - Wikipedia top-views integration test > captures a top-10 fixture for April 2026 with two language versions per article [0.61ms]
Test (bun on ubuntu-latest)	Run tests (Bun)	2026-05-31T23:41:05.1276474Z (pass) issue 43 - Wikipedia top-views integration test > exposes the assessment as a translation-quality CLI command [5.16ms]
Test (bun on ubuntu-latest)	Run tests (Bun)	2026-05-31T23:41:05.1296087Z (pass) issue 43 - Wikipedia top-views integration test > exits non-zero from the CLI when any article fails [1.98ms]
Test (bun on ubuntu-latest)	Run tests (Bun)	2026-05-31T23:41:05.1335101Z (pass) issue 43 - Wikipedia top-views integration test > keeps every skip-list entry referenced by a captured article statement [3.88ms]
Test (bun on ubuntu-latest)	Run tests (Bun)	2026-05-31T23:41:05.1335959Z 
Test (bun on ubuntu-latest)	Run tests (Bun)	2026-05-31T23:41:05.1336482Z ##[endgroup]
Test (bun on ubuntu-latest)	Run tests (Bun)	2026-05-31T23:41:05.1336689Z 
Test (bun on ubuntu-latest)	Run tests (Bun)	2026-05-31T23:41:05.1336839Z 10 tests skipped:
Test (bun on ubuntu-latest)	Run tests (Bun)	2026-05-31T23:41:05.1337705Z (skip) issue 26 — E. NL → logic / triple extraction (roadmap Phase 8) > extracts (Barack Obama; was born in; Hawaii) triple — Stanford OpenIE canonical
Test (bun on ubuntu-latest)	Run tests (Bun)	2026-05-31T23:41:05.1338778Z (skip) issue 26 — E. NL → logic / triple extraction (roadmap Phase 8) > extracts SRL roles for "Mary gave John a book" — AllenNLP canonical
Test (bun on ubuntu-latest)	Run tests (Bun)	2026-05-31T23:41:05.1339747Z (skip) issue 26 — E. NL → logic / triple extraction (roadmap Phase 8) > exposes scope-ambiguous FOL for "Every man loves a woman" — Boxer/Montague
Test (bun on ubuntu-latest)	Run tests (Bun)	2026-05-31T23:41:05.1340696Z (skip) issue 26 — E. NL → logic / triple extraction (roadmap Phase 8) > emits AMR-style CST for "The boy wants to go" — AMR canonical
Test (bun on ubuntu-latest)	Run tests (Bun)	2026-05-31T23:41:05.1341874Z (skip) issue 26 — F. disputed-truth corpora (band-only, Phase 10) > keeps `0 < correctness < 1` for ClaimReview "5G causes coronavirus" — Google Fact Check
Test (bun on ubuntu-latest)	Run tests (Bun)	2026-05-31T23:41:05.1342870Z (skip) issue 26 — F. disputed-truth corpora (band-only, Phase 10) > keeps `0 < correctness < 1` for Snopes "Einstein failed math in school"
Test (bun on ubuntu-latest)	Run tests (Bun)	2026-05-31T23:41:05.1343799Z (skip) issue 26 — F. disputed-truth corpora (band-only, Phase 10) > keeps `0 < correctness < 1` for Politifact "Barack Obama was born in Kenya"
Test (bun on ubuntu-latest)	Run tests (Bun)	2026-05-31T23:41:05.1345170Z (skip) issue 26 — F. disputed-truth corpora (band-only, Phase 10) > keeps `0 < correctness < 1` for Politifact "Crime is at an all-time high"
Test (bun on ubuntu-latest)	Run tests (Bun)	2026-05-31T23:41:05.1346011Z (skip) issue 26 — G. uniqueness / paraphrase > detects paraphrase similarity for SBERT STS-B canonical pair
Test (bun on ubuntu-latest)	Run tests (Bun)	2026-05-31T23:41:05.1346984Z (skip) issue 26 — H. knowledge representation round-trip > round-trips ClaimReview JSON-LD for "Earth orbits the Sun" — Phase 10 evidence interchange
Test (bun on ubuntu-latest)	Run tests (Bun)	2026-05-31T23:41:05.1347526Z 
Test (bun on ubuntu-latest)	Run tests (Bun)	2026-05-31T23:41:05.1347531Z 
Test (bun on ubuntu-latest)	Run tests (Bun)	2026-05-31T23:41:05.1347630Z 1 tests failed:
Test (bun on ubuntu-latest)	Run tests (Bun)	2026-05-31T23:41:05.1348199Z (fail) package identity > targets meta-expression in active changesets and release tooling [0.30ms]
Test (bun on ubuntu-latest)	Run tests (Bun)	2026-05-31T23:41:05.1348569Z 
Test (bun on ubuntu-latest)	Run tests (Bun)	2026-05-31T23:41:05.1348672Z  439 pass
Test (bun on ubuntu-latest)	Run tests (Bun)	2026-05-31T23:41:05.1348887Z  10 skip
Test (bun on ubuntu-latest)	Run tests (Bun)	2026-05-31T23:41:05.1349093Z  1 fail
Test (bun on ubuntu-latest)	Run tests (Bun)	2026-05-31T23:41:05.1349314Z Ran 450 tests across 71 files. [4.34s]
Test (bun on ubuntu-latest)	Run tests (Bun)	2026-05-31T23:41:05.1621788Z ##[error]Process completed with exit code 1.
Test (bun on ubuntu-latest)	Post Run actions/checkout@v6	﻿2026-05-31T23:41:05.1732402Z Post job cleanup.
Test (bun on ubuntu-latest)	Post Run actions/checkout@v6	2026-05-31T23:41:05.2600515Z [command]/usr/bin/git version
Test (bun on ubuntu-latest)	Post Run actions/checkout@v6	2026-05-31T23:41:05.2638937Z git version 2.54.0
Test (bun on ubuntu-latest)	Post Run actions/checkout@v6	2026-05-31T23:41:05.2679043Z Temporarily overriding HOME='/home/runner/work/_temp/a0975f04-3dcf-4505-9e1a-70c34057e91d' before making global git config changes
Test (bun on ubuntu-latest)	Post Run actions/checkout@v6	2026-05-31T23:41:05.2680400Z Adding repository directory to the temporary git global config as a safe directory
Test (bun on ubuntu-latest)	Post Run actions/checkout@v6	2026-05-31T23:41:05.2685035Z [command]/usr/bin/git config --global --add safe.directory /home/runner/work/meta-expression/meta-expression
Test (bun on ubuntu-latest)	Post Run actions/checkout@v6	2026-05-31T23:41:05.2717571Z Removing SSH command configuration
Test (bun on ubuntu-latest)	Post Run actions/checkout@v6	2026-05-31T23:41:05.2732361Z [command]/usr/bin/git config --local --name-only --get-regexp core\.sshCommand
Test (bun on ubuntu-latest)	Post Run actions/checkout@v6	2026-05-31T23:41:05.2779781Z [command]/usr/bin/git submodule foreach --recursive sh -c "git config --local --name-only --get-regexp 'core\.sshCommand' && git config --local --unset-all 'core.sshCommand' || :"
Test (bun on ubuntu-latest)	Post Run actions/checkout@v6	2026-05-31T23:41:05.3150920Z Removing HTTP extra header
Test (bun on ubuntu-latest)	Post Run actions/checkout@v6	2026-05-31T23:41:05.3156949Z [command]/usr/bin/git config --local --name-only --get-regexp http\.https\:\/\/github\.com\/\.extraheader
Test (bun on ubuntu-latest)	Post Run actions/checkout@v6	2026-05-31T23:41:05.3194468Z [command]/usr/bin/git submodule foreach --recursive sh -c "git config --local --name-only --get-regexp 'http\.https\:\/\/github\.com\/\.extraheader' && git config --local --unset-all 'http.https://github.com/.extraheader' || :"
Test (bun on ubuntu-latest)	Post Run actions/checkout@v6	2026-05-31T23:41:05.3453416Z Removing includeIf entries pointing to credentials config files
Test (bun on ubuntu-latest)	Post Run actions/checkout@v6	2026-05-31T23:41:05.3462038Z [command]/usr/bin/git config --local --name-only --get-regexp ^includeIf\.gitdir:
Test (bun on ubuntu-latest)	Post Run actions/checkout@v6	2026-05-31T23:41:05.3489587Z includeif.gitdir:/home/runner/work/meta-expression/meta-expression/.git.path
Test (bun on ubuntu-latest)	Post Run actions/checkout@v6	2026-05-31T23:41:05.3490797Z includeif.gitdir:/home/runner/work/meta-expression/meta-expression/.git/worktrees/*.path
Test (bun on ubuntu-latest)	Post Run actions/checkout@v6	2026-05-31T23:41:05.3492082Z includeif.gitdir:/github/workspace/.git.path
Test (bun on ubuntu-latest)	Post Run actions/checkout@v6	2026-05-31T23:41:05.3492864Z includeif.gitdir:/github/workspace/.git/worktrees/*.path
Test (bun on ubuntu-latest)	Post Run actions/checkout@v6	2026-05-31T23:41:05.3498447Z [command]/usr/bin/git config --local --get-all includeif.gitdir:/home/runner/work/meta-expression/meta-expression/.git.path
Test (bun on ubuntu-latest)	Post Run actions/checkout@v6	2026-05-31T23:41:05.3523569Z /home/runner/work/_temp/git-credentials-bd270635-b4be-4b24-ba94-b3f236f90653.config
Test (bun on ubuntu-latest)	Post Run actions/checkout@v6	2026-05-31T23:41:05.3535798Z [command]/usr/bin/git config --local --unset includeif.gitdir:/home/runner/work/meta-expression/meta-expression/.git.path /home/runner/work/_temp/git-credentials-bd270635-b4be-4b24-ba94-b3f236f90653.config
Test (bun on ubuntu-latest)	Post Run actions/checkout@v6	2026-05-31T23:41:05.3572501Z [command]/usr/bin/git config --local --get-all includeif.gitdir:/home/runner/work/meta-expression/meta-expression/.git/worktrees/*.path
Test (bun on ubuntu-latest)	Post Run actions/checkout@v6	2026-05-31T23:41:05.3596797Z /home/runner/work/_temp/git-credentials-bd270635-b4be-4b24-ba94-b3f236f90653.config
Test (bun on ubuntu-latest)	Post Run actions/checkout@v6	2026-05-31T23:41:05.3607255Z [command]/usr/bin/git config --local --unset includeif.gitdir:/home/runner/work/meta-expression/meta-expression/.git/worktrees/*.path /home/runner/work/_temp/git-credentials-bd270635-b4be-4b24-ba94-b3f236f90653.config
Test (bun on ubuntu-latest)	Post Run actions/checkout@v6	2026-05-31T23:41:05.3641210Z [command]/usr/bin/git config --local --get-all includeif.gitdir:/github/workspace/.git.path
Test (bun on ubuntu-latest)	Post Run actions/checkout@v6	2026-05-31T23:41:05.3666225Z /github/runner_temp/git-credentials-bd270635-b4be-4b24-ba94-b3f236f90653.config
Test (bun on ubuntu-latest)	Post Run actions/checkout@v6	2026-05-31T23:41:05.3674252Z [command]/usr/bin/git config --local --unset includeif.gitdir:/github/workspace/.git.path /github/runner_temp/git-credentials-bd270635-b4be-4b24-ba94-b3f236f90653.config
Test (bun on ubuntu-latest)	Post Run actions/checkout@v6	2026-05-31T23:41:05.3709622Z [command]/usr/bin/git config --local --get-all includeif.gitdir:/github/workspace/.git/worktrees/*.path
Test (bun on ubuntu-latest)	Post Run actions/checkout@v6	2026-05-31T23:41:05.3734646Z /github/runner_temp/git-credentials-bd270635-b4be-4b24-ba94-b3f236f90653.config
Test (bun on ubuntu-latest)	Post Run actions/checkout@v6	2026-05-31T23:41:05.3751225Z [command]/usr/bin/git config --local --unset includeif.gitdir:/github/workspace/.git/worktrees/*.path /github/runner_temp/git-credentials-bd270635-b4be-4b24-ba94-b3f236f90653.config
Test (bun on ubuntu-latest)	Post Run actions/checkout@v6	2026-05-31T23:41:05.3781890Z [command]/usr/bin/git submodule foreach --recursive git config --local --show-origin --name-only --get-regexp remote.origin.url
Test (bun on ubuntu-latest)	Post Run actions/checkout@v6	2026-05-31T23:41:05.4041695Z Removing credentials config '/home/runner/work/_temp/git-credentials-bd270635-b4be-4b24-ba94-b3f236f90653.config'
Test (bun on ubuntu-latest)	Complete job	﻿2026-05-31T23:41:05.4246706Z Cleaning up orphan processes
