Check JS/Rust Parity	UNKNOWN STEP	﻿2026-06-04T23:54:04.8550412Z Current runner version: '2.334.0'
Check JS/Rust Parity	UNKNOWN STEP	2026-06-04T23:54:04.8575913Z ##[group]Runner Image Provisioner
Check JS/Rust Parity	UNKNOWN STEP	2026-06-04T23:54:04.8577181Z Hosted Compute Agent
Check JS/Rust Parity	UNKNOWN STEP	2026-06-04T23:54:04.8577813Z Version: 20260520.533
Check JS/Rust Parity	UNKNOWN STEP	2026-06-04T23:54:04.8578466Z Commit: 189110e25284a9812c124fd27b339e2fb4f2f9db
Check JS/Rust Parity	UNKNOWN STEP	2026-06-04T23:54:04.8579273Z Build Date: 2026-05-20T17:44:04Z
Check JS/Rust Parity	UNKNOWN STEP	2026-06-04T23:54:04.8580029Z Worker ID: {ecbcf351-f9bb-4b05-83d4-9e666a6f2c58}
Check JS/Rust Parity	UNKNOWN STEP	2026-06-04T23:54:04.8580782Z Azure Region: eastus2
Check JS/Rust Parity	UNKNOWN STEP	2026-06-04T23:54:04.8581507Z ##[endgroup]
Check JS/Rust Parity	UNKNOWN STEP	2026-06-04T23:54:04.8582951Z ##[group]Operating System
Check JS/Rust Parity	UNKNOWN STEP	2026-06-04T23:54:04.8583920Z Ubuntu
Check JS/Rust Parity	UNKNOWN STEP	2026-06-04T23:54:04.8584479Z 24.04.4
Check JS/Rust Parity	UNKNOWN STEP	2026-06-04T23:54:04.8585052Z LTS
Check JS/Rust Parity	UNKNOWN STEP	2026-06-04T23:54:04.8585616Z ##[endgroup]
Check JS/Rust Parity	UNKNOWN STEP	2026-06-04T23:54:04.8586192Z ##[group]Runner Image
Check JS/Rust Parity	UNKNOWN STEP	2026-06-04T23:54:04.8586862Z Image: ubuntu-24.04
Check JS/Rust Parity	UNKNOWN STEP	2026-06-04T23:54:04.8587495Z Version: 20260525.161.1
Check JS/Rust Parity	UNKNOWN STEP	2026-06-04T23:54:04.8588844Z Included Software: https://github.com/actions/runner-images/blob/ubuntu24/20260525.161/images/ubuntu/Ubuntu2404-Readme.md
Check JS/Rust Parity	UNKNOWN STEP	2026-06-04T23:54:04.8590432Z Image Release: https://github.com/actions/runner-images/releases/tag/ubuntu24%2F20260525.161
Check JS/Rust Parity	UNKNOWN STEP	2026-06-04T23:54:04.8591532Z ##[endgroup]
Check JS/Rust Parity	UNKNOWN STEP	2026-06-04T23:54:04.8594580Z ##[group]GITHUB_TOKEN Permissions
Check JS/Rust Parity	UNKNOWN STEP	2026-06-04T23:54:04.8597114Z Actions: write
Check JS/Rust Parity	UNKNOWN STEP	2026-06-04T23:54:04.8597769Z ArtifactMetadata: write
Check JS/Rust Parity	UNKNOWN STEP	2026-06-04T23:54:04.8598932Z Attestations: write
Check JS/Rust Parity	UNKNOWN STEP	2026-06-04T23:54:04.8599627Z Checks: write
Check JS/Rust Parity	UNKNOWN STEP	2026-06-04T23:54:04.8600210Z CodeQuality: write
Check JS/Rust Parity	UNKNOWN STEP	2026-06-04T23:54:04.8600909Z Contents: write
Check JS/Rust Parity	UNKNOWN STEP	2026-06-04T23:54:04.8601487Z Deployments: write
Check JS/Rust Parity	UNKNOWN STEP	2026-06-04T23:54:04.8602045Z Discussions: write
Check JS/Rust Parity	UNKNOWN STEP	2026-06-04T23:54:04.8602714Z Issues: write
Check JS/Rust Parity	UNKNOWN STEP	2026-06-04T23:54:04.8603277Z Metadata: read
Check JS/Rust Parity	UNKNOWN STEP	2026-06-04T23:54:04.8604179Z Models: read
Check JS/Rust Parity	UNKNOWN STEP	2026-06-04T23:54:04.8604794Z Packages: write
Check JS/Rust Parity	UNKNOWN STEP	2026-06-04T23:54:04.8605477Z Pages: write
Check JS/Rust Parity	UNKNOWN STEP	2026-06-04T23:54:04.8606146Z PullRequests: write
Check JS/Rust Parity	UNKNOWN STEP	2026-06-04T23:54:04.8606807Z RepositoryProjects: write
Check JS/Rust Parity	UNKNOWN STEP	2026-06-04T23:54:04.8607471Z SecurityEvents: write
Check JS/Rust Parity	UNKNOWN STEP	2026-06-04T23:54:04.8608115Z Statuses: write
Check JS/Rust Parity	UNKNOWN STEP	2026-06-04T23:54:04.8608739Z VulnerabilityAlerts: read
Check JS/Rust Parity	UNKNOWN STEP	2026-06-04T23:54:04.8609436Z ##[endgroup]
Check JS/Rust Parity	UNKNOWN STEP	2026-06-04T23:54:04.8611564Z Secret source: Actions
Check JS/Rust Parity	UNKNOWN STEP	2026-06-04T23:54:04.8612547Z Prepare workflow directory
Check JS/Rust Parity	UNKNOWN STEP	2026-06-04T23:54:04.8939729Z Prepare all required actions
Check JS/Rust Parity	UNKNOWN STEP	2026-06-04T23:54:04.8977188Z Getting action download info
Check JS/Rust Parity	UNKNOWN STEP	2026-06-04T23:54:05.2916649Z Download action repository 'actions/checkout@v6' (SHA:df4cb1c069e1874edd31b4311f1884172cec0e10)
Check JS/Rust Parity	UNKNOWN STEP	2026-06-04T23:54:05.5163304Z Download action repository 'actions/setup-node@v6' (SHA:48b55a011bda9f5d6aeb4c2d9c7362e8dae4041e)
Check JS/Rust Parity	UNKNOWN STEP	2026-06-04T23:54:05.6944430Z Complete job name: Check JS/Rust Parity
Check JS/Rust Parity	UNKNOWN STEP	2026-06-04T23:54:05.7679425Z ##[group]Run actions/checkout@v6
Check JS/Rust Parity	UNKNOWN STEP	2026-06-04T23:54:05.7680299Z with:
Check JS/Rust Parity	UNKNOWN STEP	2026-06-04T23:54:05.7680815Z   ref: 324b6ef1cfe3646dcb4e53831d2f8455b0372c32
Check JS/Rust Parity	UNKNOWN STEP	2026-06-04T23:54:05.7681462Z   fetch-depth: 0
Check JS/Rust Parity	UNKNOWN STEP	2026-06-04T23:54:05.7681993Z   repository: link-assistant/meta-expression
Check JS/Rust Parity	UNKNOWN STEP	2026-06-04T23:54:05.7687021Z   token: ***
Check JS/Rust Parity	UNKNOWN STEP	2026-06-04T23:54:05.7687496Z   ssh-strict: true
Check JS/Rust Parity	UNKNOWN STEP	2026-06-04T23:54:05.7688004Z   ssh-user: git
Check JS/Rust Parity	UNKNOWN STEP	2026-06-04T23:54:05.7688484Z   persist-credentials: true
Check JS/Rust Parity	UNKNOWN STEP	2026-06-04T23:54:05.7689011Z   clean: true
Check JS/Rust Parity	UNKNOWN STEP	2026-06-04T23:54:05.7689497Z   sparse-checkout-cone-mode: true
Check JS/Rust Parity	UNKNOWN STEP	2026-06-04T23:54:05.7690060Z   fetch-tags: false
Check JS/Rust Parity	UNKNOWN STEP	2026-06-04T23:54:05.7690552Z   show-progress: true
Check JS/Rust Parity	UNKNOWN STEP	2026-06-04T23:54:05.7691028Z   lfs: false
Check JS/Rust Parity	UNKNOWN STEP	2026-06-04T23:54:05.7691474Z   submodules: false
Check JS/Rust Parity	UNKNOWN STEP	2026-06-04T23:54:05.7691960Z   set-safe-directory: true
Check JS/Rust Parity	UNKNOWN STEP	2026-06-04T23:54:05.7692719Z ##[endgroup]
Check JS/Rust Parity	UNKNOWN STEP	2026-06-04T23:54:05.8780840Z Syncing repository: link-assistant/meta-expression
Check JS/Rust Parity	UNKNOWN STEP	2026-06-04T23:54:05.8783953Z ##[group]Getting Git version info
Check JS/Rust Parity	UNKNOWN STEP	2026-06-04T23:54:05.8785572Z Working directory is '/home/runner/work/meta-expression/meta-expression'
Check JS/Rust Parity	UNKNOWN STEP	2026-06-04T23:54:05.8787745Z [command]/usr/bin/git version
Check JS/Rust Parity	UNKNOWN STEP	2026-06-04T23:54:05.8788724Z git version 2.54.0
Check JS/Rust Parity	UNKNOWN STEP	2026-06-04T23:54:05.8820105Z ##[endgroup]
Check JS/Rust Parity	UNKNOWN STEP	2026-06-04T23:54:05.8837090Z Temporarily overriding HOME='/home/runner/work/_temp/1f0401b2-f0ea-4813-98d2-3552a6ee7faa' before making global git config changes
Check JS/Rust Parity	UNKNOWN STEP	2026-06-04T23:54:05.8840656Z Adding repository directory to the temporary git global config as a safe directory
Check JS/Rust Parity	UNKNOWN STEP	2026-06-04T23:54:05.8843177Z [command]/usr/bin/git config --global --add safe.directory /home/runner/work/meta-expression/meta-expression
Check JS/Rust Parity	UNKNOWN STEP	2026-06-04T23:54:05.8893601Z Deleting the contents of '/home/runner/work/meta-expression/meta-expression'
Check JS/Rust Parity	UNKNOWN STEP	2026-06-04T23:54:05.8897375Z ##[group]Determining repository object format
Check JS/Rust Parity	UNKNOWN STEP	2026-06-04T23:54:05.8899831Z ##[endgroup]
Check JS/Rust Parity	UNKNOWN STEP	2026-06-04T23:54:05.8901223Z ##[group]Initializing the repository
Check JS/Rust Parity	UNKNOWN STEP	2026-06-04T23:54:05.8905406Z [command]/usr/bin/git init /home/runner/work/meta-expression/meta-expression
Check JS/Rust Parity	UNKNOWN STEP	2026-06-04T23:54:05.8992388Z hint: Using 'master' as the name for the initial branch. This default branch name
Check JS/Rust Parity	UNKNOWN STEP	2026-06-04T23:54:05.8994618Z hint: will change to "main" in Git 3.0. To configure the initial branch name
Check JS/Rust Parity	UNKNOWN STEP	2026-06-04T23:54:05.8996475Z hint: to use in all of your new repositories, which will suppress this warning,
Check JS/Rust Parity	UNKNOWN STEP	2026-06-04T23:54:05.8997950Z hint: call:
Check JS/Rust Parity	UNKNOWN STEP	2026-06-04T23:54:05.8998743Z hint:
Check JS/Rust Parity	UNKNOWN STEP	2026-06-04T23:54:05.8999680Z hint: 	git config --global init.defaultBranch <name>
Check JS/Rust Parity	UNKNOWN STEP	2026-06-04T23:54:05.9000949Z hint:
Check JS/Rust Parity	UNKNOWN STEP	2026-06-04T23:54:05.9002134Z hint: Names commonly chosen instead of 'master' are 'main', 'trunk' and
Check JS/Rust Parity	UNKNOWN STEP	2026-06-04T23:54:05.9004245Z hint: 'development'. The just-created branch can be renamed via this command:
Check JS/Rust Parity	UNKNOWN STEP	2026-06-04T23:54:05.9005736Z hint:
Check JS/Rust Parity	UNKNOWN STEP	2026-06-04T23:54:05.9006542Z hint: 	git branch -m <name>
Check JS/Rust Parity	UNKNOWN STEP	2026-06-04T23:54:05.9007436Z hint:
Check JS/Rust Parity	UNKNOWN STEP	2026-06-04T23:54:05.9008617Z hint: Disable this message with "git config set advice.defaultBranchName false"
Check JS/Rust Parity	UNKNOWN STEP	2026-06-04T23:54:05.9015663Z Initialized empty Git repository in /home/runner/work/meta-expression/meta-expression/.git/
Check JS/Rust Parity	UNKNOWN STEP	2026-06-04T23:54:05.9027299Z [command]/usr/bin/git remote add origin https://github.com/link-assistant/meta-expression
Check JS/Rust Parity	UNKNOWN STEP	2026-06-04T23:54:05.9072468Z ##[endgroup]
Check JS/Rust Parity	UNKNOWN STEP	2026-06-04T23:54:05.9074148Z ##[group]Disabling automatic garbage collection
Check JS/Rust Parity	UNKNOWN STEP	2026-06-04T23:54:05.9075587Z [command]/usr/bin/git config --local gc.auto 0
Check JS/Rust Parity	UNKNOWN STEP	2026-06-04T23:54:05.9108521Z ##[endgroup]
Check JS/Rust Parity	UNKNOWN STEP	2026-06-04T23:54:05.9109898Z ##[group]Setting up auth
Check JS/Rust Parity	UNKNOWN STEP	2026-06-04T23:54:05.9116235Z Removing SSH command configuration
Check JS/Rust Parity	UNKNOWN STEP	2026-06-04T23:54:05.9121172Z [command]/usr/bin/git config --local --name-only --get-regexp core\.sshCommand
Check JS/Rust Parity	UNKNOWN STEP	2026-06-04T23:54:05.9158515Z [command]/usr/bin/git submodule foreach --recursive sh -c "git config --local --name-only --get-regexp 'core\.sshCommand' && git config --local --unset-all 'core.sshCommand' || :"
Check JS/Rust Parity	UNKNOWN STEP	2026-06-04T23:54:05.9480743Z Removing HTTP extra header
Check JS/Rust Parity	UNKNOWN STEP	2026-06-04T23:54:05.9486671Z [command]/usr/bin/git config --local --name-only --get-regexp http\.https\:\/\/github\.com\/\.extraheader
Check JS/Rust Parity	UNKNOWN STEP	2026-06-04T23:54:05.9518843Z [command]/usr/bin/git submodule foreach --recursive sh -c "git config --local --name-only --get-regexp 'http\.https\:\/\/github\.com\/\.extraheader' && git config --local --unset-all 'http.https://github.com/.extraheader' || :"
Check JS/Rust Parity	UNKNOWN STEP	2026-06-04T23:54:05.9756473Z Removing includeIf entries pointing to credentials config files
Check JS/Rust Parity	UNKNOWN STEP	2026-06-04T23:54:05.9763025Z [command]/usr/bin/git config --local --name-only --get-regexp ^includeIf\.gitdir:
Check JS/Rust Parity	UNKNOWN STEP	2026-06-04T23:54:05.9795504Z [command]/usr/bin/git submodule foreach --recursive git config --local --show-origin --name-only --get-regexp remote.origin.url
Check JS/Rust Parity	UNKNOWN STEP	2026-06-04T23:54:06.0026805Z [command]/usr/bin/git config --file /home/runner/work/_temp/git-credentials-cdd6caeb-70c3-4a1c-98f9-07d601b35714.config http.https://github.com/.extraheader AUTHORIZATION: basic ***
Check JS/Rust Parity	UNKNOWN STEP	2026-06-04T23:54:06.0063381Z [command]/usr/bin/git config --local includeIf.gitdir:/home/runner/work/meta-expression/meta-expression/.git.path /home/runner/work/_temp/git-credentials-cdd6caeb-70c3-4a1c-98f9-07d601b35714.config
Check JS/Rust Parity	UNKNOWN STEP	2026-06-04T23:54:06.0093360Z [command]/usr/bin/git config --local includeIf.gitdir:/home/runner/work/meta-expression/meta-expression/.git/worktrees/*.path /home/runner/work/_temp/git-credentials-cdd6caeb-70c3-4a1c-98f9-07d601b35714.config
Check JS/Rust Parity	UNKNOWN STEP	2026-06-04T23:54:06.0126364Z [command]/usr/bin/git config --local includeIf.gitdir:/github/workspace/.git.path /github/runner_temp/git-credentials-cdd6caeb-70c3-4a1c-98f9-07d601b35714.config
Check JS/Rust Parity	UNKNOWN STEP	2026-06-04T23:54:06.0159491Z [command]/usr/bin/git config --local includeIf.gitdir:/github/workspace/.git/worktrees/*.path /github/runner_temp/git-credentials-cdd6caeb-70c3-4a1c-98f9-07d601b35714.config
Check JS/Rust Parity	UNKNOWN STEP	2026-06-04T23:54:06.0197622Z ##[endgroup]
Check JS/Rust Parity	UNKNOWN STEP	2026-06-04T23:54:06.0198451Z ##[group]Fetching the repository
Check JS/Rust Parity	UNKNOWN STEP	2026-06-04T23:54:06.0206858Z [command]/usr/bin/git -c protocol.version=2 fetch --no-tags --prune --no-recurse-submodules origin +refs/heads/*:refs/remotes/origin/* +refs/tags/*:refs/tags/*
Check JS/Rust Parity	UNKNOWN STEP	2026-06-04T23:54:07.2238731Z From https://github.com/link-assistant/meta-expression
Check JS/Rust Parity	UNKNOWN STEP	2026-06-04T23:54:07.2241937Z  * [new branch]      issue-1-66f2990709b5   -> origin/issue-1-66f2990709b5
Check JS/Rust Parity	UNKNOWN STEP	2026-06-04T23:54:07.2244282Z  * [new branch]      issue-108-9ec72bf0c00d -> origin/issue-108-9ec72bf0c00d
Check JS/Rust Parity	UNKNOWN STEP	2026-06-04T23:54:07.2246154Z  * [new branch]      issue-109-59194c3f9440 -> origin/issue-109-59194c3f9440
Check JS/Rust Parity	UNKNOWN STEP	2026-06-04T23:54:07.2248051Z  * [new branch]      issue-11-9475e456ab10  -> origin/issue-11-9475e456ab10
Check JS/Rust Parity	UNKNOWN STEP	2026-06-04T23:54:07.2249901Z  * [new branch]      issue-110-9276996a2025 -> origin/issue-110-9276996a2025
Check JS/Rust Parity	UNKNOWN STEP	2026-06-04T23:54:07.2251870Z  * [new branch]      issue-111-bbd90b48d3d4 -> origin/issue-111-bbd90b48d3d4
Check JS/Rust Parity	UNKNOWN STEP	2026-06-04T23:54:07.2253453Z  * [new branch]      issue-112-c3cd1e55fea7 -> origin/issue-112-c3cd1e55fea7
Check JS/Rust Parity	UNKNOWN STEP	2026-06-04T23:54:07.2255624Z  * [new branch]      issue-113-ca491d8b7b96 -> origin/issue-113-ca491d8b7b96
Check JS/Rust Parity	UNKNOWN STEP	2026-06-04T23:54:07.2257896Z  * [new branch]      issue-114-d0e88e43d42d -> origin/issue-114-d0e88e43d42d
Check JS/Rust Parity	UNKNOWN STEP	2026-06-04T23:54:07.2259891Z  * [new branch]      issue-115-96ea7e0ff041 -> origin/issue-115-96ea7e0ff041
Check JS/Rust Parity	UNKNOWN STEP	2026-06-04T23:54:07.2262114Z  * [new branch]      issue-116-a642ebf04bb5 -> origin/issue-116-a642ebf04bb5
Check JS/Rust Parity	UNKNOWN STEP	2026-06-04T23:54:07.2264617Z  * [new branch]      issue-126-e1ac50244d41 -> origin/issue-126-e1ac50244d41
Check JS/Rust Parity	UNKNOWN STEP	2026-06-04T23:54:07.2266819Z  * [new branch]      issue-128-41095a0f356d -> origin/issue-128-41095a0f356d
Check JS/Rust Parity	UNKNOWN STEP	2026-06-04T23:54:07.2269385Z  * [new branch]      issue-128-fed1f7a14626 -> origin/issue-128-fed1f7a14626
Check JS/Rust Parity	UNKNOWN STEP	2026-06-04T23:54:07.2271968Z  * [new branch]      issue-13-0a4fc458320f  -> origin/issue-13-0a4fc458320f
Check JS/Rust Parity	UNKNOWN STEP	2026-06-04T23:54:07.2273966Z  * [new branch]      issue-131-84c06d630fcf -> origin/issue-131-84c06d630fcf
Check JS/Rust Parity	UNKNOWN STEP	2026-06-04T23:54:07.2275942Z  * [new branch]      issue-133-a2575051275f -> origin/issue-133-a2575051275f
Check JS/Rust Parity	UNKNOWN STEP	2026-06-04T23:54:07.2277745Z  * [new branch]      issue-15-01d48bf15beb  -> origin/issue-15-01d48bf15beb
Check JS/Rust Parity	UNKNOWN STEP	2026-06-04T23:54:07.2279903Z  * [new branch]      issue-16-a4cb3c8415b5  -> origin/issue-16-a4cb3c8415b5
Check JS/Rust Parity	UNKNOWN STEP	2026-06-04T23:54:07.2281837Z  * [new branch]      issue-17-e37119ec7e2e  -> origin/issue-17-e37119ec7e2e
Check JS/Rust Parity	UNKNOWN STEP	2026-06-04T23:54:07.2284011Z  * [new branch]      issue-18-f441191a8b86  -> origin/issue-18-f441191a8b86
Check JS/Rust Parity	UNKNOWN STEP	2026-06-04T23:54:07.2286421Z  * [new branch]      issue-20-5e25c435fda3  -> origin/issue-20-5e25c435fda3
Check JS/Rust Parity	UNKNOWN STEP	2026-06-04T23:54:07.2288714Z  * [new branch]      issue-21-12a11b28b6e5  -> origin/issue-21-12a11b28b6e5
Check JS/Rust Parity	UNKNOWN STEP	2026-06-04T23:54:07.2291042Z  * [new branch]      issue-23-0aed78e996ae  -> origin/issue-23-0aed78e996ae
Check JS/Rust Parity	UNKNOWN STEP	2026-06-04T23:54:07.2293376Z  * [new branch]      issue-26-2cbee1cb1be5  -> origin/issue-26-2cbee1cb1be5
Check JS/Rust Parity	UNKNOWN STEP	2026-06-04T23:54:07.2296447Z  * [new branch]      issue-27-77fbe1d5f177  -> origin/issue-27-77fbe1d5f177
Check JS/Rust Parity	UNKNOWN STEP	2026-06-04T23:54:07.2298814Z  * [new branch]      issue-29-e5195b346fed  -> origin/issue-29-e5195b346fed
Check JS/Rust Parity	UNKNOWN STEP	2026-06-04T23:54:07.2301096Z  * [new branch]      issue-3-130348eb2e36   -> origin/issue-3-130348eb2e36
Check JS/Rust Parity	UNKNOWN STEP	2026-06-04T23:54:07.2303559Z  * [new branch]      issue-35-c9dc0853f1a0  -> origin/issue-35-c9dc0853f1a0
Check JS/Rust Parity	UNKNOWN STEP	2026-06-04T23:54:07.2306261Z  * [new branch]      issue-37-8620cc7da08c  -> origin/issue-37-8620cc7da08c
Check JS/Rust Parity	UNKNOWN STEP	2026-06-04T23:54:07.2308564Z  * [new branch]      issue-39-6eee7e3da635  -> origin/issue-39-6eee7e3da635
Check JS/Rust Parity	UNKNOWN STEP	2026-06-04T23:54:07.2310866Z  * [new branch]      issue-41-89dc6245cc78  -> origin/issue-41-89dc6245cc78
Check JS/Rust Parity	UNKNOWN STEP	2026-06-04T23:54:07.2313396Z  * [new branch]      issue-43-5b7a25fd4491  -> origin/issue-43-5b7a25fd4491
Check JS/Rust Parity	UNKNOWN STEP	2026-06-04T23:54:07.2315846Z  * [new branch]      issue-48-3cc022473812  -> origin/issue-48-3cc022473812
Check JS/Rust Parity	UNKNOWN STEP	2026-06-04T23:54:07.2318106Z  * [new branch]      issue-5-2c7b23a3dfee   -> origin/issue-5-2c7b23a3dfee
Check JS/Rust Parity	UNKNOWN STEP	2026-06-04T23:54:07.2320356Z  * [new branch]      issue-50-125a6780a77b  -> origin/issue-50-125a6780a77b
Check JS/Rust Parity	UNKNOWN STEP	2026-06-04T23:54:07.2322613Z  * [new branch]      issue-52-14d124fa6a47  -> origin/issue-52-14d124fa6a47
Check JS/Rust Parity	UNKNOWN STEP	2026-06-04T23:54:07.2325043Z  * [new branch]      issue-54-d4e0c163ea88  -> origin/issue-54-d4e0c163ea88
Check JS/Rust Parity	UNKNOWN STEP	2026-06-04T23:54:07.2327322Z  * [new branch]      issue-56-7b4471a86c0c  -> origin/issue-56-7b4471a86c0c
Check JS/Rust Parity	UNKNOWN STEP	2026-06-04T23:54:07.2329547Z  * [new branch]      issue-58-4fd21cb80249  -> origin/issue-58-4fd21cb80249
Check JS/Rust Parity	UNKNOWN STEP	2026-06-04T23:54:07.2331803Z  * [new branch]      issue-60-b3b07b32a4f2  -> origin/issue-60-b3b07b32a4f2
Check JS/Rust Parity	UNKNOWN STEP	2026-06-04T23:54:07.2334224Z  * [new branch]      issue-61-f445f6ea7071  -> origin/issue-61-f445f6ea7071
Check JS/Rust Parity	UNKNOWN STEP	2026-06-04T23:54:07.2336469Z  * [new branch]      issue-62-29076fab68e4  -> origin/issue-62-29076fab68e4
Check JS/Rust Parity	UNKNOWN STEP	2026-06-04T23:54:07.2338656Z  * [new branch]      issue-63-3dec45ca24c4  -> origin/issue-63-3dec45ca24c4
Check JS/Rust Parity	UNKNOWN STEP	2026-06-04T23:54:07.2340839Z  * [new branch]      issue-64-e00c5810edcd  -> origin/issue-64-e00c5810edcd
Check JS/Rust Parity	UNKNOWN STEP	2026-06-04T23:54:07.2343002Z  * [new branch]      issue-65-4c2d1e1c1926  -> origin/issue-65-4c2d1e1c1926
Check JS/Rust Parity	UNKNOWN STEP	2026-06-04T23:54:07.2345334Z  * [new branch]      issue-66-efa2706d57bf  -> origin/issue-66-efa2706d57bf
Check JS/Rust Parity	UNKNOWN STEP	2026-06-04T23:54:07.2347508Z  * [new branch]      issue-67-cbc1c5ac4ed2  -> origin/issue-67-cbc1c5ac4ed2
Check JS/Rust Parity	UNKNOWN STEP	2026-06-04T23:54:07.2349673Z  * [new branch]      issue-68-08241e2554cb  -> origin/issue-68-08241e2554cb
Check JS/Rust Parity	UNKNOWN STEP	2026-06-04T23:54:07.2351811Z  * [new branch]      issue-69-420bc440686f  -> origin/issue-69-420bc440686f
Check JS/Rust Parity	UNKNOWN STEP	2026-06-04T23:54:07.2354282Z  * [new branch]      issue-7-c2cf5051240a   -> origin/issue-7-c2cf5051240a
Check JS/Rust Parity	UNKNOWN STEP	2026-06-04T23:54:07.2356445Z  * [new branch]      issue-70-2f41021b3b88  -> origin/issue-70-2f41021b3b88
Check JS/Rust Parity	UNKNOWN STEP	2026-06-04T23:54:07.2358652Z  * [new branch]      issue-71-213699cb7a07  -> origin/issue-71-213699cb7a07
Check JS/Rust Parity	UNKNOWN STEP	2026-06-04T23:54:07.2361894Z  * [new branch]      issue-72-f280d3968ee3  -> origin/issue-72-f280d3968ee3
Check JS/Rust Parity	UNKNOWN STEP	2026-06-04T23:54:07.2364793Z  * [new branch]      issue-73-a48e9ea13ed4  -> origin/issue-73-a48e9ea13ed4
Check JS/Rust Parity	UNKNOWN STEP	2026-06-04T23:54:07.2366976Z  * [new branch]      issue-74-3fccc9cfd1e9  -> origin/issue-74-3fccc9cfd1e9
Check JS/Rust Parity	UNKNOWN STEP	2026-06-04T23:54:07.2369659Z  * [new branch]      issue-87-7cc151ec3bc6  -> origin/issue-87-7cc151ec3bc6
Check JS/Rust Parity	UNKNOWN STEP	2026-06-04T23:54:07.2372830Z  * [new branch]      issue-88-7fdca54b4623  -> origin/issue-88-7fdca54b4623
Check JS/Rust Parity	UNKNOWN STEP	2026-06-04T23:54:07.2376030Z  * [new branch]      issue-89-4d53f5773d5a  -> origin/issue-89-4d53f5773d5a
Check JS/Rust Parity	UNKNOWN STEP	2026-06-04T23:54:07.2379021Z  * [new branch]      issue-9-24bcebd55a5d   -> origin/issue-9-24bcebd55a5d
Check JS/Rust Parity	UNKNOWN STEP	2026-06-04T23:54:07.2381986Z  * [new branch]      issue-90-cabb5d305b6f  -> origin/issue-90-cabb5d305b6f
Check JS/Rust Parity	UNKNOWN STEP	2026-06-04T23:54:07.2385694Z  * [new branch]      issue-91-7228b4557dc6  -> origin/issue-91-7228b4557dc6
Check JS/Rust Parity	UNKNOWN STEP	2026-06-04T23:54:07.2388646Z  * [new branch]      issue-92-561ee90494aa  -> origin/issue-92-561ee90494aa
Check JS/Rust Parity	UNKNOWN STEP	2026-06-04T23:54:07.2391749Z  * [new branch]      issue-93-81850df7e6ef  -> origin/issue-93-81850df7e6ef
Check JS/Rust Parity	UNKNOWN STEP	2026-06-04T23:54:07.2394145Z  * [new branch]      issue-94-61bb8b947c61  -> origin/issue-94-61bb8b947c61
Check JS/Rust Parity	UNKNOWN STEP	2026-06-04T23:54:07.2396356Z  * [new branch]      issue-96-baaac01fda6b  -> origin/issue-96-baaac01fda6b
Check JS/Rust Parity	UNKNOWN STEP	2026-06-04T23:54:07.2398262Z  * [new branch]      main                   -> origin/main
Check JS/Rust Parity	UNKNOWN STEP	2026-06-04T23:54:07.2400517Z  * [new tag]         v0.10.0                -> v0.10.0
Check JS/Rust Parity	UNKNOWN STEP	2026-06-04T23:54:07.2402291Z  * [new tag]         v0.11.0                -> v0.11.0
Check JS/Rust Parity	UNKNOWN STEP	2026-06-04T23:54:07.2404068Z  * [new tag]         v0.12.0                -> v0.12.0
Check JS/Rust Parity	UNKNOWN STEP	2026-06-04T23:54:07.2405618Z  * [new tag]         v0.12.1                -> v0.12.1
Check JS/Rust Parity	UNKNOWN STEP	2026-06-04T23:54:07.2409663Z [command]/usr/bin/git rev-parse --verify --quiet 324b6ef1cfe3646dcb4e53831d2f8455b0372c32^{object}
Check JS/Rust Parity	UNKNOWN STEP	2026-06-04T23:54:07.2415398Z 324b6ef1cfe3646dcb4e53831d2f8455b0372c32
Check JS/Rust Parity	UNKNOWN STEP	2026-06-04T23:54:07.2430253Z ##[endgroup]
Check JS/Rust Parity	UNKNOWN STEP	2026-06-04T23:54:07.2432258Z ##[group]Determining the checkout info
Check JS/Rust Parity	UNKNOWN STEP	2026-06-04T23:54:07.2435363Z ##[endgroup]
Check JS/Rust Parity	UNKNOWN STEP	2026-06-04T23:54:07.2436903Z [command]/usr/bin/git sparse-checkout disable
Check JS/Rust Parity	UNKNOWN STEP	2026-06-04T23:54:07.2474642Z [command]/usr/bin/git config --local --unset-all extensions.worktreeConfig
Check JS/Rust Parity	UNKNOWN STEP	2026-06-04T23:54:07.2504186Z ##[group]Checking out the ref
Check JS/Rust Parity	UNKNOWN STEP	2026-06-04T23:54:07.2506897Z [command]/usr/bin/git checkout --progress --force 324b6ef1cfe3646dcb4e53831d2f8455b0372c32
Check JS/Rust Parity	UNKNOWN STEP	2026-06-04T23:54:07.4306183Z Note: switching to '324b6ef1cfe3646dcb4e53831d2f8455b0372c32'.
Check JS/Rust Parity	UNKNOWN STEP	2026-06-04T23:54:07.4307424Z
Check JS/Rust Parity	UNKNOWN STEP	2026-06-04T23:54:07.4308322Z You are in 'detached HEAD' state. You can look around, make experimental
Check JS/Rust Parity	UNKNOWN STEP	2026-06-04T23:54:07.4310472Z changes and commit them, and you can discard any commits you make in this
Check JS/Rust Parity	UNKNOWN STEP	2026-06-04T23:54:07.4312578Z state without impacting any branches by switching back to a branch.
Check JS/Rust Parity	UNKNOWN STEP	2026-06-04T23:54:07.4314509Z
Check JS/Rust Parity	UNKNOWN STEP	2026-06-04T23:54:07.4315560Z If you want to create a new branch to retain commits you create, you may
Check JS/Rust Parity	UNKNOWN STEP	2026-06-04T23:54:07.4317533Z do so (now or later) by using -c with the switch command. Example:
Check JS/Rust Parity	UNKNOWN STEP	2026-06-04T23:54:07.4318742Z
Check JS/Rust Parity	UNKNOWN STEP	2026-06-04T23:54:07.4319220Z   git switch -c <new-branch-name>
Check JS/Rust Parity	UNKNOWN STEP	2026-06-04T23:54:07.4319993Z
Check JS/Rust Parity	UNKNOWN STEP	2026-06-04T23:54:07.4320457Z Or undo this operation with:
Check JS/Rust Parity	UNKNOWN STEP	2026-06-04T23:54:07.4321163Z
Check JS/Rust Parity	UNKNOWN STEP	2026-06-04T23:54:07.4321572Z   git switch -
Check JS/Rust Parity	UNKNOWN STEP	2026-06-04T23:54:07.4322101Z
Check JS/Rust Parity	UNKNOWN STEP	2026-06-04T23:54:07.4323026Z Turn off this advice by setting config variable advice.detachedHead to false
Check JS/Rust Parity	UNKNOWN STEP	2026-06-04T23:54:07.4324572Z
Check JS/Rust Parity	UNKNOWN STEP	2026-06-04T23:54:07.4325504Z HEAD is now at 324b6ef Initial commit with task details
Check JS/Rust Parity	UNKNOWN STEP	2026-06-04T23:54:07.4329061Z ##[endgroup]
Check JS/Rust Parity	UNKNOWN STEP	2026-06-04T23:54:07.4374887Z [command]/usr/bin/git log -1 --format=%H
Check JS/Rust Parity	UNKNOWN STEP	2026-06-04T23:54:07.4502525Z 324b6ef1cfe3646dcb4e53831d2f8455b0372c32
Check JS/Rust Parity	UNKNOWN STEP	2026-06-04T23:54:07.4684725Z ##[group]Run git fetch --no-tags --depth=1 origin "$GITHUB_BASE_SHA"
Check JS/Rust Parity	UNKNOWN STEP	2026-06-04T23:54:07.4686770Z ^[[36;1mgit fetch --no-tags --depth=1 origin "$GITHUB_BASE_SHA"^[[0m
Check JS/Rust Parity	UNKNOWN STEP	2026-06-04T23:54:07.4721712Z shell: /usr/bin/bash -e {0}
Check JS/Rust Parity	UNKNOWN STEP	2026-06-04T23:54:07.4722796Z env:
Check JS/Rust Parity	UNKNOWN STEP	2026-06-04T23:54:07.4724201Z   GITHUB_BASE_SHA: 8e5c19a4aef79692784e1bfee76c829968feafb7
Check JS/Rust Parity	UNKNOWN STEP	2026-06-04T23:54:07.4725646Z ##[endgroup]
Check JS/Rust Parity	UNKNOWN STEP	2026-06-04T23:54:07.6526891Z From https://github.com/link-assistant/meta-expression
Check JS/Rust Parity	UNKNOWN STEP	2026-06-04T23:54:07.6528966Z  * branch            8e5c19a4aef79692784e1bfee76c829968feafb7 -> FETCH_HEAD
Check JS/Rust Parity	UNKNOWN STEP	2026-06-04T23:54:07.6758213Z ##[group]Run actions/setup-node@v6
Check JS/Rust Parity	UNKNOWN STEP	2026-06-04T23:54:07.6759346Z with:
Check JS/Rust Parity	UNKNOWN STEP	2026-06-04T23:54:07.6760186Z   node-version: 24.x
Check JS/Rust Parity	UNKNOWN STEP	2026-06-04T23:54:07.6761129Z   check-latest: false
Check JS/Rust Parity	UNKNOWN STEP	2026-06-04T23:54:07.6771443Z   token: ***
Check JS/Rust Parity	UNKNOWN STEP	2026-06-04T23:54:07.6772388Z   package-manager-cache: true
Check JS/Rust Parity	UNKNOWN STEP	2026-06-04T23:54:07.6773452Z ##[endgroup]
Check JS/Rust Parity	UNKNOWN STEP	2026-06-04T23:54:07.8566801Z Found in cache @ /opt/hostedtoolcache/node/24.16.0/x64
Check JS/Rust Parity	UNKNOWN STEP	2026-06-04T23:54:07.8568931Z ##[group]Environment details
Check JS/Rust Parity	UNKNOWN STEP	2026-06-04T23:54:08.2219299Z node: v24.16.0
Check JS/Rust Parity	UNKNOWN STEP	2026-06-04T23:54:08.2220345Z npm: 11.13.0
Check JS/Rust Parity	UNKNOWN STEP	2026-06-04T23:54:08.2221034Z yarn: 1.22.22
Check JS/Rust Parity	UNKNOWN STEP	2026-06-04T23:54:08.2221902Z ##[endgroup]
Check JS/Rust Parity	UNKNOWN STEP	2026-06-04T23:54:08.2362409Z ##[group]Run node scripts/check-js-rust-parity.mjs
Check JS/Rust Parity	UNKNOWN STEP	2026-06-04T23:54:08.2362828Z ^[[36;1mnode scripts/check-js-rust-parity.mjs^[[0m
Check JS/Rust Parity	UNKNOWN STEP	2026-06-04T23:54:08.2399428Z shell: /usr/bin/bash -e {0}
Check JS/Rust Parity	UNKNOWN STEP	2026-06-04T23:54:08.2399712Z env:
Check JS/Rust Parity	UNKNOWN STEP	2026-06-04T23:54:08.2399998Z   GITHUB_BASE_SHA: 8e5c19a4aef79692784e1bfee76c829968feafb7
Check JS/Rust Parity	UNKNOWN STEP	2026-06-04T23:54:08.2400427Z   GITHUB_HEAD_SHA: 324b6ef1cfe3646dcb4e53831d2f8455b0372c32
Check JS/Rust Parity	UNKNOWN STEP	2026-06-04T23:54:08.2400747Z ##[endgroup]
Check JS/Rust Parity	UNKNOWN STEP	2026-06-04T23:54:08.2808193Z JS <-> Rust parity: 2 mirrored module pair(s).
Check JS/Rust Parity	UNKNOWN STEP	2026-06-04T23:54:08.2862769Z Changed files (git diff 8e5c19a4aef79692784e1bfee76c829968feafb7..324b6ef1cfe3646dcb4e53831d2f8455b0372c32): 1
Check JS/Rust Parity	UNKNOWN STEP	2026-06-04T23:54:08.2864077Z JS <-> Rust parity holds for all mirrored module pairs.
Check JS/Rust Parity	UNKNOWN STEP	2026-06-04T23:54:08.2974467Z Post job cleanup.
Check JS/Rust Parity	UNKNOWN STEP	2026-06-04T23:54:08.4311897Z Post job cleanup.
Check JS/Rust Parity	UNKNOWN STEP	2026-06-04T23:54:08.5147442Z [command]/usr/bin/git version
Check JS/Rust Parity	UNKNOWN STEP	2026-06-04T23:54:08.5216989Z git version 2.54.0
Check JS/Rust Parity	UNKNOWN STEP	2026-06-04T23:54:08.5254154Z Temporarily overriding HOME='/home/runner/work/_temp/a1d29f54-7803-47fe-b7f7-8b700f68016b' before making global git config changes
Check JS/Rust Parity	UNKNOWN STEP	2026-06-04T23:54:08.5255098Z Adding repository directory to the temporary git global config as a safe directory
Check JS/Rust Parity	UNKNOWN STEP	2026-06-04T23:54:08.5259874Z [command]/usr/bin/git config --global --add safe.directory /home/runner/work/meta-expression/meta-expression
Check JS/Rust Parity	UNKNOWN STEP	2026-06-04T23:54:08.5290810Z Removing SSH command configuration
Check JS/Rust Parity	UNKNOWN STEP	2026-06-04T23:54:08.5297000Z [command]/usr/bin/git config --local --name-only --get-regexp core\.sshCommand
Check JS/Rust Parity	UNKNOWN STEP	2026-06-04T23:54:08.5331384Z [command]/usr/bin/git submodule foreach --recursive sh -c "git config --local --name-only --get-regexp 'core\.sshCommand' && git config --local --unset-all 'core.sshCommand' || :"
Check JS/Rust Parity	UNKNOWN STEP	2026-06-04T23:54:08.5566449Z Removing HTTP extra header
Check JS/Rust Parity	UNKNOWN STEP	2026-06-04T23:54:08.5571273Z [command]/usr/bin/git config --local --name-only --get-regexp http\.https\:\/\/github\.com\/\.extraheader
Check JS/Rust Parity	UNKNOWN STEP	2026-06-04T23:54:08.5606170Z [command]/usr/bin/git submodule foreach --recursive sh -c "git config --local --name-only --get-regexp 'http\.https\:\/\/github\.com\/\.extraheader' && git config --local --unset-all 'http.https://github.com/.extraheader' || :"
Check JS/Rust Parity	UNKNOWN STEP	2026-06-04T23:54:08.5838473Z Removing includeIf entries pointing to credentials config files
Check JS/Rust Parity	UNKNOWN STEP	2026-06-04T23:54:08.5844857Z [command]/usr/bin/git config --local --name-only --get-regexp ^includeIf\.gitdir:
Check JS/Rust Parity	UNKNOWN STEP	2026-06-04T23:54:08.5873791Z includeif.gitdir:/home/runner/work/meta-expression/meta-expression/.git.path
Check JS/Rust Parity	UNKNOWN STEP	2026-06-04T23:54:08.5874836Z includeif.gitdir:/home/runner/work/meta-expression/meta-expression/.git/worktrees/*.path
Check JS/Rust Parity	UNKNOWN STEP	2026-06-04T23:54:08.5875489Z includeif.gitdir:/github/workspace/.git.path
Check JS/Rust Parity	UNKNOWN STEP	2026-06-04T23:54:08.5876078Z includeif.gitdir:/github/workspace/.git/worktrees/*.path
Check JS/Rust Parity	UNKNOWN STEP	2026-06-04T23:54:08.5884044Z [command]/usr/bin/git config --local --get-all includeif.gitdir:/home/runner/work/meta-expression/meta-expression/.git.path
Check JS/Rust Parity	UNKNOWN STEP	2026-06-04T23:54:08.5908610Z /home/runner/work/_temp/git-credentials-cdd6caeb-70c3-4a1c-98f9-07d601b35714.config
Check JS/Rust Parity	UNKNOWN STEP	2026-06-04T23:54:08.5919879Z [command]/usr/bin/git config --local --unset includeif.gitdir:/home/runner/work/meta-expression/meta-expression/.git.path /home/runner/work/_temp/git-credentials-cdd6caeb-70c3-4a1c-98f9-07d601b35714.config
Check JS/Rust Parity	UNKNOWN STEP	2026-06-04T23:54:08.5956931Z [command]/usr/bin/git config --local --get-all includeif.gitdir:/home/runner/work/meta-expression/meta-expression/.git/worktrees/*.path
Check JS/Rust Parity	UNKNOWN STEP	2026-06-04T23:54:08.5979336Z /home/runner/work/_temp/git-credentials-cdd6caeb-70c3-4a1c-98f9-07d601b35714.config
Check JS/Rust Parity	UNKNOWN STEP	2026-06-04T23:54:08.5989127Z [command]/usr/bin/git config --local --unset includeif.gitdir:/home/runner/work/meta-expression/meta-expression/.git/worktrees/*.path /home/runner/work/_temp/git-credentials-cdd6caeb-70c3-4a1c-98f9-07d601b35714.config
Check JS/Rust Parity	UNKNOWN STEP	2026-06-04T23:54:08.6019760Z [command]/usr/bin/git config --local --get-all includeif.gitdir:/github/workspace/.git.path
Check JS/Rust Parity	UNKNOWN STEP	2026-06-04T23:54:08.6041733Z /github/runner_temp/git-credentials-cdd6caeb-70c3-4a1c-98f9-07d601b35714.config
Check JS/Rust Parity	UNKNOWN STEP	2026-06-04T23:54:08.6049117Z [command]/usr/bin/git config --local --unset includeif.gitdir:/github/workspace/.git.path /github/runner_temp/git-credentials-cdd6caeb-70c3-4a1c-98f9-07d601b35714.config
Check JS/Rust Parity	UNKNOWN STEP	2026-06-04T23:54:08.6080921Z [command]/usr/bin/git config --local --get-all includeif.gitdir:/github/workspace/.git/worktrees/*.path
Check JS/Rust Parity	UNKNOWN STEP	2026-06-04T23:54:08.6104389Z /github/runner_temp/git-credentials-cdd6caeb-70c3-4a1c-98f9-07d601b35714.config
Check JS/Rust Parity	UNKNOWN STEP	2026-06-04T23:54:08.6111726Z [command]/usr/bin/git config --local --unset includeif.gitdir:/github/workspace/.git/worktrees/*.path /github/runner_temp/git-credentials-cdd6caeb-70c3-4a1c-98f9-07d601b35714.config
Check JS/Rust Parity	UNKNOWN STEP	2026-06-04T23:54:08.6144328Z [command]/usr/bin/git submodule foreach --recursive git config --local --show-origin --name-only --get-regexp remote.origin.url
Check JS/Rust Parity	UNKNOWN STEP	2026-06-04T23:54:08.6390356Z Removing credentials config '/home/runner/work/_temp/git-credentials-cdd6caeb-70c3-4a1c-98f9-07d601b35714.config'
Check JS/Rust Parity	UNKNOWN STEP	2026-06-04T23:54:08.6555290Z Cleaning up orphan processes
Detect Changes	Set up job	﻿2026-06-04T23:54:05.0925270Z Current runner version: '2.334.0'
Detect Changes	Set up job	2026-06-04T23:54:05.0951103Z ##[group]Runner Image Provisioner
Detect Changes	Set up job	2026-06-04T23:54:05.0952069Z Hosted Compute Agent
Detect Changes	Set up job	2026-06-04T23:54:05.0952701Z Version: 20260520.533
Detect Changes	Set up job	2026-06-04T23:54:05.0953579Z Commit: 189110e25284a9812c124fd27b339e2fb4f2f9db
Detect Changes	Set up job	2026-06-04T23:54:05.0954373Z Build Date: 2026-05-20T17:44:04Z
Detect Changes	Set up job	2026-06-04T23:54:05.0955085Z Worker ID: {c46b25f1-b401-464f-be69-dbe778fe3279}
Detect Changes	Set up job	2026-06-04T23:54:05.0955857Z Azure Region: northcentralus
Detect Changes	Set up job	2026-06-04T23:54:05.0956472Z ##[endgroup]
Detect Changes	Set up job	2026-06-04T23:54:05.0957952Z ##[group]Operating System
Detect Changes	Set up job	2026-06-04T23:54:05.0958723Z Ubuntu
Detect Changes	Set up job	2026-06-04T23:54:05.0959242Z 24.04.4
Detect Changes	Set up job	2026-06-04T23:54:05.0959784Z LTS
Detect Changes	Set up job	2026-06-04T23:54:05.0960312Z ##[endgroup]
Detect Changes	Set up job	2026-06-04T23:54:05.0960868Z ##[group]Runner Image
Detect Changes	Set up job	2026-06-04T23:54:05.0961580Z Image: ubuntu-24.04
Detect Changes	Set up job	2026-06-04T23:54:05.0962141Z Version: 20260525.161.1
Detect Changes	Set up job	2026-06-04T23:54:05.0963743Z Included Software: https://github.com/actions/runner-images/blob/ubuntu24/20260525.161/images/ubuntu/Ubuntu2404-Readme.md
Detect Changes	Set up job	2026-06-04T23:54:05.0965831Z Image Release: https://github.com/actions/runner-images/releases/tag/ubuntu24%2F20260525.161
Detect Changes	Set up job	2026-06-04T23:54:05.0966999Z ##[endgroup]
Detect Changes	Set up job	2026-06-04T23:54:05.0969797Z ##[group]GITHUB_TOKEN Permissions
Detect Changes	Set up job	2026-06-04T23:54:05.0971995Z Actions: write
Detect Changes	Set up job	2026-06-04T23:54:05.0972640Z ArtifactMetadata: write
Detect Changes	Set up job	2026-06-04T23:54:05.0973757Z Attestations: write
Detect Changes	Set up job	2026-06-04T23:54:05.0974413Z Checks: write
Detect Changes	Set up job	2026-06-04T23:54:05.0974968Z CodeQuality: write
Detect Changes	Set up job	2026-06-04T23:54:05.0975582Z Contents: write
Detect Changes	Set up job	2026-06-04T23:54:05.0976153Z Deployments: write
Detect Changes	Set up job	2026-06-04T23:54:05.0976813Z Discussions: write
Detect Changes	Set up job	2026-06-04T23:54:05.0977375Z Issues: write
Detect Changes	Set up job	2026-06-04T23:54:05.0977912Z Metadata: read
Detect Changes	Set up job	2026-06-04T23:54:05.0978513Z Models: read
Detect Changes	Set up job	2026-06-04T23:54:05.0979065Z Packages: write
Detect Changes	Set up job	2026-06-04T23:54:05.0979735Z Pages: write
Detect Changes	Set up job	2026-06-04T23:54:05.0980343Z PullRequests: write
Detect Changes	Set up job	2026-06-04T23:54:05.0980946Z RepositoryProjects: write
Detect Changes	Set up job	2026-06-04T23:54:05.0981591Z SecurityEvents: write
Detect Changes	Set up job	2026-06-04T23:54:05.0982202Z Statuses: write
Detect Changes	Set up job	2026-06-04T23:54:05.0982835Z VulnerabilityAlerts: read
Detect Changes	Set up job	2026-06-04T23:54:05.0983808Z ##[endgroup]
Detect Changes	Set up job	2026-06-04T23:54:05.0986340Z Secret source: Actions
Detect Changes	Set up job	2026-06-04T23:54:05.0987416Z Prepare workflow directory
Detect Changes	Set up job	2026-06-04T23:54:05.1339211Z Prepare all required actions
Detect Changes	Set up job	2026-06-04T23:54:05.1377450Z Getting action download info
Detect Changes	Set up job	2026-06-04T23:54:05.4471628Z Download action repository 'actions/checkout@v6' (SHA:df4cb1c069e1874edd31b4311f1884172cec0e10)
Detect Changes	Set up job	2026-06-04T23:54:05.9330614Z Complete job name: Detect Changes
Detect Changes	Run actions/checkout@v6	﻿2026-06-04T23:54:06.0062219Z ##[group]Run actions/checkout@v6
Detect Changes	Run actions/checkout@v6	2026-06-04T23:54:06.0063424Z with:
Detect Changes	Run actions/checkout@v6	2026-06-04T23:54:06.0063890Z   fetch-depth: 0
Detect Changes	Run actions/checkout@v6	2026-06-04T23:54:06.0064422Z   repository: link-assistant/meta-expression
Detect Changes	Run actions/checkout@v6	2026-06-04T23:54:06.0068860Z   token: ***
Detect Changes	Run actions/checkout@v6	2026-06-04T23:54:06.0069323Z   ssh-strict: true
Detect Changes	Run actions/checkout@v6	2026-06-04T23:54:06.0069771Z   ssh-user: git
Detect Changes	Run actions/checkout@v6	2026-06-04T23:54:06.0070220Z   persist-credentials: true
Detect Changes	Run actions/checkout@v6	2026-06-04T23:54:06.0070743Z   clean: true
Detect Changes	Run actions/checkout@v6	2026-06-04T23:54:06.0071198Z   sparse-checkout-cone-mode: true
Detect Changes	Run actions/checkout@v6	2026-06-04T23:54:06.0071745Z   fetch-tags: false
Detect Changes	Run actions/checkout@v6	2026-06-04T23:54:06.0072195Z   show-progress: true
Detect Changes	Run actions/checkout@v6	2026-06-04T23:54:06.0072642Z   lfs: false
Detect Changes	Run actions/checkout@v6	2026-06-04T23:54:06.0073057Z   submodules: false
Detect Changes	Run actions/checkout@v6	2026-06-04T23:54:06.0073688Z   set-safe-directory: true
Detect Changes	Run actions/checkout@v6	2026-06-04T23:54:06.0074466Z ##[endgroup]
Detect Changes	Run actions/checkout@v6	2026-06-04T23:54:06.1136697Z Syncing repository: link-assistant/meta-expression
Detect Changes	Run actions/checkout@v6	2026-06-04T23:54:06.1138762Z ##[group]Getting Git version info
Detect Changes	Run actions/checkout@v6	2026-06-04T23:54:06.1139945Z Working directory is '/home/runner/work/meta-expression/meta-expression'
Detect Changes	Run actions/checkout@v6	2026-06-04T23:54:06.1141195Z [command]/usr/bin/git version
Detect Changes	Run actions/checkout@v6	2026-06-04T23:54:06.1200056Z git version 2.54.0
Detect Changes	Run actions/checkout@v6	2026-06-04T23:54:06.1258020Z ##[endgroup]
Detect Changes	Run actions/checkout@v6	2026-06-04T23:54:06.1273005Z Temporarily overriding HOME='/home/runner/work/_temp/fe26fc33-975b-4281-9c29-1da4fdcc9daf' before making global git config changes
Detect Changes	Run actions/checkout@v6	2026-06-04T23:54:06.1275851Z Adding repository directory to the temporary git global config as a safe directory
Detect Changes	Run actions/checkout@v6	2026-06-04T23:54:06.1278904Z [command]/usr/bin/git config --global --add safe.directory /home/runner/work/meta-expression/meta-expression
Detect Changes	Run actions/checkout@v6	2026-06-04T23:54:06.1331427Z Deleting the contents of '/home/runner/work/meta-expression/meta-expression'
Detect Changes	Run actions/checkout@v6	2026-06-04T23:54:06.1336247Z ##[group]Determining repository object format
Detect Changes	Run actions/checkout@v6	2026-06-04T23:54:06.1338206Z ##[endgroup]
Detect Changes	Run actions/checkout@v6	2026-06-04T23:54:06.1339495Z ##[group]Initializing the repository
Detect Changes	Run actions/checkout@v6	2026-06-04T23:54:06.1344784Z [command]/usr/bin/git init /home/runner/work/meta-expression/meta-expression
Detect Changes	Run actions/checkout@v6	2026-06-04T23:54:06.1457920Z hint: Using 'master' as the name for the initial branch. This default branch name
Detect Changes	Run actions/checkout@v6	2026-06-04T23:54:06.1459920Z hint: will change to "main" in Git 3.0. To configure the initial branch name
Detect Changes	Run actions/checkout@v6	2026-06-04T23:54:06.1461653Z hint: to use in all of your new repositories, which will suppress this warning,
Detect Changes	Run actions/checkout@v6	2026-06-04T23:54:06.1463041Z hint: call:
Detect Changes	Run actions/checkout@v6	2026-06-04T23:54:06.1464086Z hint:
Detect Changes	Run actions/checkout@v6	2026-06-04T23:54:06.1465012Z hint: 	git config --global init.defaultBranch <name>
Detect Changes	Run actions/checkout@v6	2026-06-04T23:54:06.1466173Z hint:
Detect Changes	Run actions/checkout@v6	2026-06-04T23:54:06.1467246Z hint: Names commonly chosen instead of 'master' are 'main', 'trunk' and
Detect Changes	Run actions/checkout@v6	2026-06-04T23:54:06.1468991Z hint: 'development'. The just-created branch can be renamed via this command:
Detect Changes	Run actions/checkout@v6	2026-06-04T23:54:06.1470321Z hint:
Detect Changes	Run actions/checkout@v6	2026-06-04T23:54:06.1471085Z hint: 	git branch -m <name>
Detect Changes	Run actions/checkout@v6	2026-06-04T23:54:06.1471936Z hint:
Detect Changes	Run actions/checkout@v6	2026-06-04T23:54:06.1473060Z hint: Disable this message with "git config set advice.defaultBranchName false"
Detect Changes	Run actions/checkout@v6	2026-06-04T23:54:06.1475252Z Initialized empty Git repository in /home/runner/work/meta-expression/meta-expression/.git/
Detect Changes	Run actions/checkout@v6	2026-06-04T23:54:06.1478423Z [command]/usr/bin/git remote add origin https://github.com/link-assistant/meta-expression
Detect Changes	Run actions/checkout@v6	2026-06-04T23:54:06.1520658Z ##[endgroup]
Detect Changes	Run actions/checkout@v6	2026-06-04T23:54:06.1522355Z ##[group]Disabling automatic garbage collection
Detect Changes	Run actions/checkout@v6	2026-06-04T23:54:06.1525778Z [command]/usr/bin/git config --local gc.auto 0
Detect Changes	Run actions/checkout@v6	2026-06-04T23:54:06.1558778Z ##[endgroup]
Detect Changes	Run actions/checkout@v6	2026-06-04T23:54:06.1560117Z ##[group]Setting up auth
Detect Changes	Run actions/checkout@v6	2026-06-04T23:54:06.1561273Z Removing SSH command configuration
Detect Changes	Run actions/checkout@v6	2026-06-04T23:54:06.1567221Z [command]/usr/bin/git config --local --name-only --get-regexp core\.sshCommand
Detect Changes	Run actions/checkout@v6	2026-06-04T23:54:06.1613934Z [command]/usr/bin/git submodule foreach --recursive sh -c "git config --local --name-only --get-regexp 'core\.sshCommand' && git config --local --unset-all 'core.sshCommand' || :"
Detect Changes	Run actions/checkout@v6	2026-06-04T23:54:06.1980846Z Removing HTTP extra header
Detect Changes	Run actions/checkout@v6	2026-06-04T23:54:06.1986871Z [command]/usr/bin/git config --local --name-only --get-regexp http\.https\:\/\/github\.com\/\.extraheader
Detect Changes	Run actions/checkout@v6	2026-06-04T23:54:06.2021531Z [command]/usr/bin/git submodule foreach --recursive sh -c "git config --local --name-only --get-regexp 'http\.https\:\/\/github\.com\/\.extraheader' && git config --local --unset-all 'http.https://github.com/.extraheader' || :"
Detect Changes	Run actions/checkout@v6	2026-06-04T23:54:06.2238702Z Removing includeIf entries pointing to credentials config files
Detect Changes	Run actions/checkout@v6	2026-06-04T23:54:06.2245430Z [command]/usr/bin/git config --local --name-only --get-regexp ^includeIf\.gitdir:
Detect Changes	Run actions/checkout@v6	2026-06-04T23:54:06.2279082Z [command]/usr/bin/git submodule foreach --recursive git config --local --show-origin --name-only --get-regexp remote.origin.url
Detect Changes	Run actions/checkout@v6	2026-06-04T23:54:06.2519174Z [command]/usr/bin/git config --file /home/runner/work/_temp/git-credentials-850003b9-f6d4-4297-97f7-611ae4626115.config http.https://github.com/.extraheader AUTHORIZATION: basic ***
Detect Changes	Run actions/checkout@v6	2026-06-04T23:54:06.2557906Z [command]/usr/bin/git config --local includeIf.gitdir:/home/runner/work/meta-expression/meta-expression/.git.path /home/runner/work/_temp/git-credentials-850003b9-f6d4-4297-97f7-611ae4626115.config
Detect Changes	Run actions/checkout@v6	2026-06-04T23:54:06.2586292Z [command]/usr/bin/git config --local includeIf.gitdir:/home/runner/work/meta-expression/meta-expression/.git/worktrees/*.path /home/runner/work/_temp/git-credentials-850003b9-f6d4-4297-97f7-611ae4626115.config
Detect Changes	Run actions/checkout@v6	2026-06-04T23:54:06.2616978Z [command]/usr/bin/git config --local includeIf.gitdir:/github/workspace/.git.path /github/runner_temp/git-credentials-850003b9-f6d4-4297-97f7-611ae4626115.config
Detect Changes	Run actions/checkout@v6	2026-06-04T23:54:06.2652621Z [command]/usr/bin/git config --local includeIf.gitdir:/github/workspace/.git/worktrees/*.path /github/runner_temp/git-credentials-850003b9-f6d4-4297-97f7-611ae4626115.config
Detect Changes	Run actions/checkout@v6	2026-06-04T23:54:06.2679691Z ##[endgroup]
Detect Changes	Run actions/checkout@v6	2026-06-04T23:54:06.2680509Z ##[group]Fetching the repository
Detect Changes	Run actions/checkout@v6	2026-06-04T23:54:06.2688925Z [command]/usr/bin/git -c protocol.version=2 fetch --no-tags --prune --no-recurse-submodules origin +refs/heads/*:refs/remotes/origin/* +refs/tags/*:refs/tags/* +f1299f69298c3bb09b1139345ddfdc9c9f50230e:refs/remotes/pull/134/merge
Detect Changes	Run actions/checkout@v6	2026-06-04T23:54:07.2956775Z From https://github.com/link-assistant/meta-expression
Detect Changes	Run actions/checkout@v6	2026-06-04T23:54:07.2965269Z  * [new branch]      issue-1-66f2990709b5                     -> origin/issue-1-66f2990709b5
Detect Changes	Run actions/checkout@v6	2026-06-04T23:54:07.2967397Z  * [new branch]      issue-108-9ec72bf0c00d                   -> origin/issue-108-9ec72bf0c00d
Detect Changes	Run actions/checkout@v6	2026-06-04T23:54:07.2969713Z  * [new branch]      issue-109-59194c3f9440                   -> origin/issue-109-59194c3f9440
Detect Changes	Run actions/checkout@v6	2026-06-04T23:54:07.2971868Z  * [new branch]      issue-11-9475e456ab10                    -> origin/issue-11-9475e456ab10
Detect Changes	Run actions/checkout@v6	2026-06-04T23:54:07.2974230Z  * [new branch]      issue-110-9276996a2025                   -> origin/issue-110-9276996a2025
Detect Changes	Run actions/checkout@v6	2026-06-04T23:54:07.2976273Z  * [new branch]      issue-111-bbd90b48d3d4                   -> origin/issue-111-bbd90b48d3d4
Detect Changes	Run actions/checkout@v6	2026-06-04T23:54:07.2978253Z  * [new branch]      issue-112-c3cd1e55fea7                   -> origin/issue-112-c3cd1e55fea7
Detect Changes	Run actions/checkout@v6	2026-06-04T23:54:07.2979813Z  * [new branch]      issue-113-ca491d8b7b96                   -> origin/issue-113-ca491d8b7b96
Detect Changes	Run actions/checkout@v6	2026-06-04T23:54:07.2981287Z  * [new branch]      issue-114-d0e88e43d42d                   -> origin/issue-114-d0e88e43d42d
Detect Changes	Run actions/checkout@v6	2026-06-04T23:54:07.2982867Z  * [new branch]      issue-115-96ea7e0ff041                   -> origin/issue-115-96ea7e0ff041
Detect Changes	Run actions/checkout@v6	2026-06-04T23:54:07.2984692Z  * [new branch]      issue-116-a642ebf04bb5                   -> origin/issue-116-a642ebf04bb5
Detect Changes	Run actions/checkout@v6	2026-06-04T23:54:07.2986150Z  * [new branch]      issue-126-e1ac50244d41                   -> origin/issue-126-e1ac50244d41
Detect Changes	Run actions/checkout@v6	2026-06-04T23:54:07.2987515Z  * [new branch]      issue-128-41095a0f356d                   -> origin/issue-128-41095a0f356d
Detect Changes	Run actions/checkout@v6	2026-06-04T23:54:07.2988869Z  * [new branch]      issue-128-fed1f7a14626                   -> origin/issue-128-fed1f7a14626
Detect Changes	Run actions/checkout@v6	2026-06-04T23:54:07.2990251Z  * [new branch]      issue-13-0a4fc458320f                    -> origin/issue-13-0a4fc458320f
Detect Changes	Run actions/checkout@v6	2026-06-04T23:54:07.2991570Z  * [new branch]      issue-131-84c06d630fcf                   -> origin/issue-131-84c06d630fcf
Detect Changes	Run actions/checkout@v6	2026-06-04T23:54:07.2992875Z  * [new branch]      issue-133-a2575051275f                   -> origin/issue-133-a2575051275f
Detect Changes	Run actions/checkout@v6	2026-06-04T23:54:07.2994974Z  * [new branch]      issue-15-01d48bf15beb                    -> origin/issue-15-01d48bf15beb
Detect Changes	Run actions/checkout@v6	2026-06-04T23:54:07.2996308Z  * [new branch]      issue-16-a4cb3c8415b5                    -> origin/issue-16-a4cb3c8415b5
Detect Changes	Run actions/checkout@v6	2026-06-04T23:54:07.2998305Z  * [new branch]      issue-17-e37119ec7e2e                    -> origin/issue-17-e37119ec7e2e
Detect Changes	Run actions/checkout@v6	2026-06-04T23:54:07.3000457Z  * [new branch]      issue-18-f441191a8b86                    -> origin/issue-18-f441191a8b86
Detect Changes	Run actions/checkout@v6	2026-06-04T23:54:07.3002793Z  * [new branch]      issue-20-5e25c435fda3                    -> origin/issue-20-5e25c435fda3
Detect Changes	Run actions/checkout@v6	2026-06-04T23:54:07.3005272Z  * [new branch]      issue-21-12a11b28b6e5                    -> origin/issue-21-12a11b28b6e5
Detect Changes	Run actions/checkout@v6	2026-06-04T23:54:07.3007399Z  * [new branch]      issue-23-0aed78e996ae                    -> origin/issue-23-0aed78e996ae
Detect Changes	Run actions/checkout@v6	2026-06-04T23:54:07.3009554Z  * [new branch]      issue-26-2cbee1cb1be5                    -> origin/issue-26-2cbee1cb1be5
Detect Changes	Run actions/checkout@v6	2026-06-04T23:54:07.3011690Z  * [new branch]      issue-27-77fbe1d5f177                    -> origin/issue-27-77fbe1d5f177
Detect Changes	Run actions/checkout@v6	2026-06-04T23:54:07.3012977Z  * [new branch]      issue-29-e5195b346fed                    -> origin/issue-29-e5195b346fed
Detect Changes	Run actions/checkout@v6	2026-06-04T23:54:07.3014604Z  * [new branch]      issue-3-130348eb2e36                     -> origin/issue-3-130348eb2e36
Detect Changes	Run actions/checkout@v6	2026-06-04T23:54:07.3016806Z  * [new branch]      issue-35-c9dc0853f1a0                    -> origin/issue-35-c9dc0853f1a0
Detect Changes	Run actions/checkout@v6	2026-06-04T23:54:07.3019338Z  * [new branch]      issue-37-8620cc7da08c                    -> origin/issue-37-8620cc7da08c
Detect Changes	Run actions/checkout@v6	2026-06-04T23:54:07.3021402Z  * [new branch]      issue-39-6eee7e3da635                    -> origin/issue-39-6eee7e3da635
Detect Changes	Run actions/checkout@v6	2026-06-04T23:54:07.3023709Z  * [new branch]      issue-41-89dc6245cc78                    -> origin/issue-41-89dc6245cc78
Detect Changes	Run actions/checkout@v6	2026-06-04T23:54:07.3025455Z  * [new branch]      issue-43-5b7a25fd4491                    -> origin/issue-43-5b7a25fd4491
Detect Changes	Run actions/checkout@v6	2026-06-04T23:54:07.3026794Z  * [new branch]      issue-48-3cc022473812                    -> origin/issue-48-3cc022473812
Detect Changes	Run actions/checkout@v6	2026-06-04T23:54:07.3028817Z  * [new branch]      issue-5-2c7b23a3dfee                     -> origin/issue-5-2c7b23a3dfee
Detect Changes	Run actions/checkout@v6	2026-06-04T23:54:07.3030955Z  * [new branch]      issue-50-125a6780a77b                    -> origin/issue-50-125a6780a77b
Detect Changes	Run actions/checkout@v6	2026-06-04T23:54:07.3033380Z  * [new branch]      issue-52-14d124fa6a47                    -> origin/issue-52-14d124fa6a47
Detect Changes	Run actions/checkout@v6	2026-06-04T23:54:07.3035626Z  * [new branch]      issue-54-d4e0c163ea88                    -> origin/issue-54-d4e0c163ea88
Detect Changes	Run actions/checkout@v6	2026-06-04T23:54:07.3037762Z  * [new branch]      issue-56-7b4471a86c0c                    -> origin/issue-56-7b4471a86c0c
Detect Changes	Run actions/checkout@v6	2026-06-04T23:54:07.3039906Z  * [new branch]      issue-58-4fd21cb80249                    -> origin/issue-58-4fd21cb80249
Detect Changes	Run actions/checkout@v6	2026-06-04T23:54:07.3042050Z  * [new branch]      issue-60-b3b07b32a4f2                    -> origin/issue-60-b3b07b32a4f2
Detect Changes	Run actions/checkout@v6	2026-06-04T23:54:07.3044449Z  * [new branch]      issue-61-f445f6ea7071                    -> origin/issue-61-f445f6ea7071
Detect Changes	Run actions/checkout@v6	2026-06-04T23:54:07.3046598Z  * [new branch]      issue-62-29076fab68e4                    -> origin/issue-62-29076fab68e4
Detect Changes	Run actions/checkout@v6	2026-06-04T23:54:07.3048716Z  * [new branch]      issue-63-3dec45ca24c4                    -> origin/issue-63-3dec45ca24c4
Detect Changes	Run actions/checkout@v6	2026-06-04T23:54:07.3050844Z  * [new branch]      issue-64-e00c5810edcd                    -> origin/issue-64-e00c5810edcd
Detect Changes	Run actions/checkout@v6	2026-06-04T23:54:07.3052933Z  * [new branch]      issue-65-4c2d1e1c1926                    -> origin/issue-65-4c2d1e1c1926
Detect Changes	Run actions/checkout@v6	2026-06-04T23:54:07.3055303Z  * [new branch]      issue-66-efa2706d57bf                    -> origin/issue-66-efa2706d57bf
Detect Changes	Run actions/checkout@v6	2026-06-04T23:54:07.3057480Z  * [new branch]      issue-67-cbc1c5ac4ed2                    -> origin/issue-67-cbc1c5ac4ed2
Detect Changes	Run actions/checkout@v6	2026-06-04T23:54:07.3059736Z  * [new branch]      issue-68-08241e2554cb                    -> origin/issue-68-08241e2554cb
Detect Changes	Run actions/checkout@v6	2026-06-04T23:54:07.3066663Z  * [new branch]      issue-69-420bc440686f                    -> origin/issue-69-420bc440686f
Detect Changes	Run actions/checkout@v6	2026-06-04T23:54:07.3069264Z  * [new branch]      issue-7-c2cf5051240a                     -> origin/issue-7-c2cf5051240a
Detect Changes	Run actions/checkout@v6	2026-06-04T23:54:07.3071483Z  * [new branch]      issue-70-2f41021b3b88                    -> origin/issue-70-2f41021b3b88
Detect Changes	Run actions/checkout@v6	2026-06-04T23:54:07.3073925Z  * [new branch]      issue-71-213699cb7a07                    -> origin/issue-71-213699cb7a07
Detect Changes	Run actions/checkout@v6	2026-06-04T23:54:07.3076135Z  * [new branch]      issue-72-f280d3968ee3                    -> origin/issue-72-f280d3968ee3
Detect Changes	Run actions/checkout@v6	2026-06-04T23:54:07.3078343Z  * [new branch]      issue-73-a48e9ea13ed4                    -> origin/issue-73-a48e9ea13ed4
Detect Changes	Run actions/checkout@v6	2026-06-04T23:54:07.3080549Z  * [new branch]      issue-74-3fccc9cfd1e9                    -> origin/issue-74-3fccc9cfd1e9
Detect Changes	Run actions/checkout@v6	2026-06-04T23:54:07.3082750Z  * [new branch]      issue-87-7cc151ec3bc6                    -> origin/issue-87-7cc151ec3bc6
Detect Changes	Run actions/checkout@v6	2026-06-04T23:54:07.3085182Z  * [new branch]      issue-88-7fdca54b4623                    -> origin/issue-88-7fdca54b4623
Detect Changes	Run actions/checkout@v6	2026-06-04T23:54:07.3087476Z  * [new branch]      issue-89-4d53f5773d5a                    -> origin/issue-89-4d53f5773d5a
Detect Changes	Run actions/checkout@v6	2026-06-04T23:54:07.3089675Z  * [new branch]      issue-9-24bcebd55a5d                     -> origin/issue-9-24bcebd55a5d
Detect Changes	Run actions/checkout@v6	2026-06-04T23:54:07.3092051Z  * [new branch]      issue-90-cabb5d305b6f                    -> origin/issue-90-cabb5d305b6f
Detect Changes	Run actions/checkout@v6	2026-06-04T23:54:07.3094672Z  * [new branch]      issue-91-7228b4557dc6                    -> origin/issue-91-7228b4557dc6
Detect Changes	Run actions/checkout@v6	2026-06-04T23:54:07.3097265Z  * [new branch]      issue-92-561ee90494aa                    -> origin/issue-92-561ee90494aa
Detect Changes	Run actions/checkout@v6	2026-06-04T23:54:07.3099618Z  * [new branch]      issue-93-81850df7e6ef                    -> origin/issue-93-81850df7e6ef
Detect Changes	Run actions/checkout@v6	2026-06-04T23:54:07.3102009Z  * [new branch]      issue-94-61bb8b947c61                    -> origin/issue-94-61bb8b947c61
Detect Changes	Run actions/checkout@v6	2026-06-04T23:54:07.3104702Z  * [new branch]      issue-96-baaac01fda6b                    -> origin/issue-96-baaac01fda6b
Detect Changes	Run actions/checkout@v6	2026-06-04T23:54:07.3106829Z  * [new branch]      main                                     -> origin/main
Detect Changes	Run actions/checkout@v6	2026-06-04T23:54:07.3108556Z  * [new tag]         v0.10.0                                  -> v0.10.0
Detect Changes	Run actions/checkout@v6	2026-06-04T23:54:07.3110171Z  * [new tag]         v0.11.0                                  -> v0.11.0
Detect Changes	Run actions/checkout@v6	2026-06-04T23:54:07.3111793Z  * [new tag]         v0.12.0                                  -> v0.12.0
Detect Changes	Run actions/checkout@v6	2026-06-04T23:54:07.3113614Z  * [new tag]         v0.12.1                                  -> v0.12.1
Detect Changes	Run actions/checkout@v6	2026-06-04T23:54:07.3115415Z  * [new ref]         f1299f69298c3bb09b1139345ddfdc9c9f50230e -> pull/134/merge
Detect Changes	Run actions/checkout@v6	2026-06-04T23:54:07.3137048Z ##[endgroup]
Detect Changes	Run actions/checkout@v6	2026-06-04T23:54:07.3155515Z ##[group]Determining the checkout info
Detect Changes	Run actions/checkout@v6	2026-06-04T23:54:07.3157241Z ##[endgroup]
Detect Changes	Run actions/checkout@v6	2026-06-04T23:54:07.3158041Z [command]/usr/bin/git sparse-checkout disable
Detect Changes	Run actions/checkout@v6	2026-06-04T23:54:07.3204264Z [command]/usr/bin/git config --local --unset-all extensions.worktreeConfig
Detect Changes	Run actions/checkout@v6	2026-06-04T23:54:07.3232928Z ##[group]Checking out the ref
Detect Changes	Run actions/checkout@v6	2026-06-04T23:54:07.3237595Z [command]/usr/bin/git checkout --progress --force refs/remotes/pull/134/merge
Detect Changes	Run actions/checkout@v6	2026-06-04T23:54:07.4937758Z Note: switching to 'refs/remotes/pull/134/merge'.
Detect Changes	Run actions/checkout@v6	2026-06-04T23:54:07.4938863Z
Detect Changes	Run actions/checkout@v6	2026-06-04T23:54:07.4939503Z You are in 'detached HEAD' state. You can look around, make experimental
Detect Changes	Run actions/checkout@v6	2026-06-04T23:54:07.4941045Z changes and commit them, and you can discard any commits you make in this
Detect Changes	Run actions/checkout@v6	2026-06-04T23:54:07.4942689Z state without impacting any branches by switching back to a branch.
Detect Changes	Run actions/checkout@v6	2026-06-04T23:54:07.4944134Z
Detect Changes	Run actions/checkout@v6	2026-06-04T23:54:07.4944716Z If you want to create a new branch to retain commits you create, you may
Detect Changes	Run actions/checkout@v6	2026-06-04T23:54:07.4946115Z do so (now or later) by using -c with the switch command. Example:
Detect Changes	Run actions/checkout@v6	2026-06-04T23:54:07.4946939Z
Detect Changes	Run actions/checkout@v6	2026-06-04T23:54:07.4947213Z   git switch -c <new-branch-name>
Detect Changes	Run actions/checkout@v6	2026-06-04T23:54:07.4947732Z
Detect Changes	Run actions/checkout@v6	2026-06-04T23:54:07.4947992Z Or undo this operation with:
Detect Changes	Run actions/checkout@v6	2026-06-04T23:54:07.4948465Z
Detect Changes	Run actions/checkout@v6	2026-06-04T23:54:07.4948699Z   git switch -
Detect Changes	Run actions/checkout@v6	2026-06-04T23:54:07.4949021Z
Detect Changes	Run actions/checkout@v6	2026-06-04T23:54:07.4949672Z Turn off this advice by setting config variable advice.detachedHead to false
Detect Changes	Run actions/checkout@v6	2026-06-04T23:54:07.4950935Z
Detect Changes	Run actions/checkout@v6	2026-06-04T23:54:07.4952200Z HEAD is now at f1299f6 Merge 324b6ef1cfe3646dcb4e53831d2f8455b0372c32 into 8e5c19a4aef79692784e1bfee76c829968feafb7
Detect Changes	Run actions/checkout@v6	2026-06-04T23:54:07.4959985Z ##[endgroup]
Detect Changes	Run actions/checkout@v6	2026-06-04T23:54:07.5004594Z [command]/usr/bin/git log -1 --format=%H
Detect Changes	Run actions/checkout@v6	2026-06-04T23:54:07.5028607Z f1299f69298c3bb09b1139345ddfdc9c9f50230e
Detect Changes	Detect changes	﻿2026-06-04T23:54:07.5252067Z ##[group]Run node scripts/detect-code-changes.mjs
Detect Changes	Detect changes	2026-06-04T23:54:07.5253510Z ^[[36;1mnode scripts/detect-code-changes.mjs^[[0m
Detect Changes	Detect changes	2026-06-04T23:54:07.5284753Z shell: /usr/bin/bash -e {0}
Detect Changes	Detect changes	2026-06-04T23:54:07.5285490Z ##[endgroup]
Detect Changes	Detect changes	2026-06-04T23:54:07.8733988Z Detecting file changes for CI/CD...
Detect Changes	Detect changes	2026-06-04T23:54:07.8735907Z
Detect Changes	Detect changes	2026-06-04T23:54:07.8932843Z Merge commit detected (pull_request event)
Detect Changes	Detect changes	2026-06-04T23:54:07.8934730Z Comparing HEAD^2^ to HEAD^2 (per-commit diff of PR head)
Detect Changes	Detect changes	2026-06-04T23:54:07.8969438Z Changed files:
Detect Changes	Detect changes	2026-06-04T23:54:07.8970281Z   .gitkeep
Detect Changes	Detect changes	2026-06-04T23:54:07.8970677Z
Detect Changes	Detect changes	2026-06-04T23:54:07.8971727Z mjs-changed=false
Detect Changes	Detect changes	2026-06-04T23:54:07.8974211Z js-changed=false
Detect Changes	Detect changes	2026-06-04T23:54:07.8975696Z rust-changed=false
Detect Changes	Detect changes	2026-06-04T23:54:07.8979676Z package-changed=false
Detect Changes	Detect changes	2026-06-04T23:54:07.8981163Z docs-changed=false
Detect Changes	Detect changes	2026-06-04T23:54:07.8982521Z workflow-changed=false
Detect Changes	Detect changes	2026-06-04T23:54:07.8983558Z
Detect Changes	Detect changes	2026-06-04T23:54:07.8983983Z Files considered as code changes:
Detect Changes	Detect changes	2026-06-04T23:54:07.8985395Z   .gitkeep
Detect Changes	Detect changes	2026-06-04T23:54:07.8986254Z
Detect Changes	Detect changes	2026-06-04T23:54:07.8987195Z any-code-changed=false
Detect Changes	Detect changes	2026-06-04T23:54:07.8988095Z
Detect Changes	Detect changes	2026-06-04T23:54:07.8988772Z Change detection completed.
Detect Changes	Post Run actions/checkout@v6	﻿2026-06-04T23:54:07.9340025Z Post job cleanup.
Detect Changes	Post Run actions/checkout@v6	2026-06-04T23:54:08.0186808Z [command]/usr/bin/git version
Detect Changes	Post Run actions/checkout@v6	2026-06-04T23:54:08.0224064Z git version 2.54.0
Detect Changes	Post Run actions/checkout@v6	2026-06-04T23:54:08.0264663Z Temporarily overriding HOME='/home/runner/work/_temp/6ce13962-64a7-4df0-9fe8-ab70b911dfe8' before making global git config changes
Detect Changes	Post Run actions/checkout@v6	2026-06-04T23:54:08.0267429Z Adding repository directory to the temporary git global config as a safe directory
Detect Changes	Post Run actions/checkout@v6	2026-06-04T23:54:08.0271437Z [command]/usr/bin/git config --global --add safe.directory /home/runner/work/meta-expression/meta-expression
Detect Changes	Post Run actions/checkout@v6	2026-06-04T23:54:08.0300757Z Removing SSH command configuration
Detect Changes	Post Run actions/checkout@v6	2026-06-04T23:54:08.0307666Z [command]/usr/bin/git config --local --name-only --get-regexp core\.sshCommand
Detect Changes	Post Run actions/checkout@v6	2026-06-04T23:54:08.0342627Z [command]/usr/bin/git submodule foreach --recursive sh -c "git config --local --name-only --get-regexp 'core\.sshCommand' && git config --local --unset-all 'core.sshCommand' || :"
Detect Changes	Post Run actions/checkout@v6	2026-06-04T23:54:08.0567808Z Removing HTTP extra header
Detect Changes	Post Run actions/checkout@v6	2026-06-04T23:54:08.0572869Z [command]/usr/bin/git config --local --name-only --get-regexp http\.https\:\/\/github\.com\/\.extraheader
Detect Changes	Post Run actions/checkout@v6	2026-06-04T23:54:08.0607400Z [command]/usr/bin/git submodule foreach --recursive sh -c "git config --local --name-only --get-regexp 'http\.https\:\/\/github\.com\/\.extraheader' && git config --local --unset-all 'http.https://github.com/.extraheader' || :"
Detect Changes	Post Run actions/checkout@v6	2026-06-04T23:54:08.0836861Z Removing includeIf entries pointing to credentials config files
Detect Changes	Post Run actions/checkout@v6	2026-06-04T23:54:08.0845606Z [command]/usr/bin/git config --local --name-only --get-regexp ^includeIf\.gitdir:
Detect Changes	Post Run actions/checkout@v6	2026-06-04T23:54:08.0907029Z includeif.gitdir:/home/runner/work/meta-expression/meta-expression/.git.path
Detect Changes	Post Run actions/checkout@v6	2026-06-04T23:54:08.0909416Z includeif.gitdir:/home/runner/work/meta-expression/meta-expression/.git/worktrees/*.path
Detect Changes	Post Run actions/checkout@v6	2026-06-04T23:54:08.0911285Z includeif.gitdir:/github/workspace/.git.path
Detect Changes	Post Run actions/checkout@v6	2026-06-04T23:54:08.0912804Z includeif.gitdir:/github/workspace/.git/worktrees/*.path
Detect Changes	Post Run actions/checkout@v6	2026-06-04T23:54:08.0926829Z [command]/usr/bin/git config --local --get-all includeif.gitdir:/home/runner/work/meta-expression/meta-expression/.git.path
Detect Changes	Post Run actions/checkout@v6	2026-06-04T23:54:08.0950953Z /home/runner/work/_temp/git-credentials-850003b9-f6d4-4297-97f7-611ae4626115.config
Detect Changes	Post Run actions/checkout@v6	2026-06-04T23:54:08.0964211Z [command]/usr/bin/git config --local --unset includeif.gitdir:/home/runner/work/meta-expression/meta-expression/.git.path /home/runner/work/_temp/git-credentials-850003b9-f6d4-4297-97f7-611ae4626115.config
Detect Changes	Post Run actions/checkout@v6	2026-06-04T23:54:08.0998373Z [command]/usr/bin/git config --local --get-all includeif.gitdir:/home/runner/work/meta-expression/meta-expression/.git/worktrees/*.path
Detect Changes	Post Run actions/checkout@v6	2026-06-04T23:54:08.1021459Z /home/runner/work/_temp/git-credentials-850003b9-f6d4-4297-97f7-611ae4626115.config
Detect Changes	Post Run actions/checkout@v6	2026-06-04T23:54:08.1033062Z [command]/usr/bin/git config --local --unset includeif.gitdir:/home/runner/work/meta-expression/meta-expression/.git/worktrees/*.path /home/runner/work/_temp/git-credentials-850003b9-f6d4-4297-97f7-611ae4626115.config
Detect Changes	Post Run actions/checkout@v6	2026-06-04T23:54:08.1063335Z [command]/usr/bin/git config --local --get-all includeif.gitdir:/github/workspace/.git.path
Detect Changes	Post Run actions/checkout@v6	2026-06-04T23:54:08.1084709Z /github/runner_temp/git-credentials-850003b9-f6d4-4297-97f7-611ae4626115.config
Detect Changes	Post Run actions/checkout@v6	2026-06-04T23:54:08.1092319Z [command]/usr/bin/git config --local --unset includeif.gitdir:/github/workspace/.git.path /github/runner_temp/git-credentials-850003b9-f6d4-4297-97f7-611ae4626115.config
Detect Changes	Post Run actions/checkout@v6	2026-06-04T23:54:08.1122637Z [command]/usr/bin/git config --local --get-all includeif.gitdir:/github/workspace/.git/worktrees/*.path
Detect Changes	Post Run actions/checkout@v6	2026-06-04T23:54:08.1142801Z /github/runner_temp/git-credentials-850003b9-f6d4-4297-97f7-611ae4626115.config
Detect Changes	Post Run actions/checkout@v6	2026-06-04T23:54:08.1151426Z [command]/usr/bin/git config --local --unset includeif.gitdir:/github/workspace/.git/worktrees/*.path /github/runner_temp/git-credentials-850003b9-f6d4-4297-97f7-611ae4626115.config
Detect Changes	Post Run actions/checkout@v6	2026-06-04T23:54:08.1182700Z [command]/usr/bin/git submodule foreach --recursive git config --local --show-origin --name-only --get-regexp remote.origin.url
Detect Changes	Post Run actions/checkout@v6	2026-06-04T23:54:08.1402567Z Removing credentials config '/home/runner/work/_temp/git-credentials-850003b9-f6d4-4297-97f7-611ae4626115.config'
Detect Changes	Complete job	﻿2026-06-04T23:54:08.1547333Z Evaluate and set job outputs
Detect Changes	Complete job	2026-06-04T23:54:08.1558665Z Set output 'mjs-changed'
Detect Changes	Complete job	2026-06-04T23:54:08.1561117Z Set output 'js-changed'
Detect Changes	Complete job	2026-06-04T23:54:08.1562746Z Set output 'rust-changed'
Detect Changes	Complete job	2026-06-04T23:54:08.1564283Z Set output 'package-changed'
Detect Changes	Complete job	2026-06-04T23:54:08.1565511Z Set output 'docs-changed'
Detect Changes	Complete job	2026-06-04T23:54:08.1566711Z Set output 'workflow-changed'
Detect Changes	Complete job	2026-06-04T23:54:08.1567922Z Set output 'any-code-changed'
Detect Changes	Complete job	2026-06-04T23:54:08.1569552Z Cleaning up orphan processes
Check for Manual Version Changes	Set up job	﻿2026-06-04T23:54:04.9407158Z Current runner version: '2.334.0'
Check for Manual Version Changes	Set up job	2026-06-04T23:54:04.9433574Z ##[group]Runner Image Provisioner
Check for Manual Version Changes	Set up job	2026-06-04T23:54:04.9434455Z Hosted Compute Agent
Check for Manual Version Changes	Set up job	2026-06-04T23:54:04.9435054Z Version: 20260520.533
Check for Manual Version Changes	Set up job	2026-06-04T23:54:04.9436226Z Commit: 189110e25284a9812c124fd27b339e2fb4f2f9db
Check for Manual Version Changes	Set up job	2026-06-04T23:54:04.9436980Z Build Date: 2026-05-20T17:44:04Z
Check for Manual Version Changes	Set up job	2026-06-04T23:54:04.9437732Z Worker ID: {f1bb9c47-9d8c-4588-94f6-2fe19da0b4be}
Check for Manual Version Changes	Set up job	2026-06-04T23:54:04.9438510Z Azure Region: northcentralus
Check for Manual Version Changes	Set up job	2026-06-04T23:54:04.9439157Z ##[endgroup]
Check for Manual Version Changes	Set up job	2026-06-04T23:54:04.9440942Z ##[group]Operating System
Check for Manual Version Changes	Set up job	2026-06-04T23:54:04.9441705Z Ubuntu
Check for Manual Version Changes	Set up job	2026-06-04T23:54:04.9442324Z 24.04.4
Check for Manual Version Changes	Set up job	2026-06-04T23:54:04.9442874Z LTS
Check for Manual Version Changes	Set up job	2026-06-04T23:54:04.9443454Z ##[endgroup]
Check for Manual Version Changes	Set up job	2026-06-04T23:54:04.9444084Z ##[group]Runner Image
Check for Manual Version Changes	Set up job	2026-06-04T23:54:04.9444722Z Image: ubuntu-24.04
Check for Manual Version Changes	Set up job	2026-06-04T23:54:04.9445487Z Version: 20260525.161.1
Check for Manual Version Changes	Set up job	2026-06-04T23:54:04.9446684Z Included Software: https://github.com/actions/runner-images/blob/ubuntu24/20260525.161/images/ubuntu/Ubuntu2404-Readme.md
Check for Manual Version Changes	Set up job	2026-06-04T23:54:04.9448530Z Image Release: https://github.com/actions/runner-images/releases/tag/ubuntu24%2F20260525.161
Check for Manual Version Changes	Set up job	2026-06-04T23:54:04.9449525Z ##[endgroup]
Check for Manual Version Changes	Set up job	2026-06-04T23:54:04.9452457Z ##[group]GITHUB_TOKEN Permissions
Check for Manual Version Changes	Set up job	2026-06-04T23:54:04.9454560Z Actions: write
Check for Manual Version Changes	Set up job	2026-06-04T23:54:04.9455568Z ArtifactMetadata: write
Check for Manual Version Changes	Set up job	2026-06-04T23:54:04.9456394Z Attestations: write
Check for Manual Version Changes	Set up job	2026-06-04T23:54:04.9457002Z Checks: write
Check for Manual Version Changes	Set up job	2026-06-04T23:54:04.9457679Z CodeQuality: write
Check for Manual Version Changes	Set up job	2026-06-04T23:54:04.9458275Z Contents: write
Check for Manual Version Changes	Set up job	2026-06-04T23:54:04.9458881Z Deployments: write
Check for Manual Version Changes	Set up job	2026-06-04T23:54:04.9459533Z Discussions: write
Check for Manual Version Changes	Set up job	2026-06-04T23:54:04.9460154Z Issues: write
Check for Manual Version Changes	Set up job	2026-06-04T23:54:04.9460766Z Metadata: read
Check for Manual Version Changes	Set up job	2026-06-04T23:54:04.9461346Z Models: read
Check for Manual Version Changes	Set up job	2026-06-04T23:54:04.9461940Z Packages: write
Check for Manual Version Changes	Set up job	2026-06-04T23:54:04.9462654Z Pages: write
Check for Manual Version Changes	Set up job	2026-06-04T23:54:04.9463224Z PullRequests: write
Check for Manual Version Changes	Set up job	2026-06-04T23:54:04.9463823Z RepositoryProjects: write
Check for Manual Version Changes	Set up job	2026-06-04T23:54:04.9464573Z SecurityEvents: write
Check for Manual Version Changes	Set up job	2026-06-04T23:54:04.9465361Z Statuses: write
Check for Manual Version Changes	Set up job	2026-06-04T23:54:04.9466019Z VulnerabilityAlerts: read
Check for Manual Version Changes	Set up job	2026-06-04T23:54:04.9466642Z ##[endgroup]
Check for Manual Version Changes	Set up job	2026-06-04T23:54:04.9469173Z Secret source: Actions
Check for Manual Version Changes	Set up job	2026-06-04T23:54:04.9470221Z Prepare workflow directory
Check for Manual Version Changes	Set up job	2026-06-04T23:54:04.9804696Z Prepare all required actions
Check for Manual Version Changes	Set up job	2026-06-04T23:54:04.9844274Z Getting action download info
Check for Manual Version Changes	Set up job	2026-06-04T23:54:05.3151420Z Download action repository 'actions/checkout@v6' (SHA:df4cb1c069e1874edd31b4311f1884172cec0e10)
Check for Manual Version Changes	Set up job	2026-06-04T23:54:05.7288594Z Complete job name: Check for Manual Version Changes
Check for Manual Version Changes	Run actions/checkout@v6	﻿2026-06-04T23:54:05.8018673Z ##[group]Run actions/checkout@v6
Check for Manual Version Changes	Run actions/checkout@v6	2026-06-04T23:54:05.8019727Z with:
Check for Manual Version Changes	Run actions/checkout@v6	2026-06-04T23:54:05.8020201Z   fetch-depth: 0
Check for Manual Version Changes	Run actions/checkout@v6	2026-06-04T23:54:05.8021009Z   repository: link-assistant/meta-expression
Check for Manual Version Changes	Run actions/checkout@v6	2026-06-04T23:54:05.8026743Z   token: ***
Check for Manual Version Changes	Run actions/checkout@v6	2026-06-04T23:54:05.8027244Z   ssh-strict: true
Check for Manual Version Changes	Run actions/checkout@v6	2026-06-04T23:54:05.8027738Z   ssh-user: git
Check for Manual Version Changes	Run actions/checkout@v6	2026-06-04T23:54:05.8028246Z   persist-credentials: true
Check for Manual Version Changes	Run actions/checkout@v6	2026-06-04T23:54:05.8028794Z   clean: true
Check for Manual Version Changes	Run actions/checkout@v6	2026-06-04T23:54:05.8029300Z   sparse-checkout-cone-mode: true
Check for Manual Version Changes	Run actions/checkout@v6	2026-06-04T23:54:05.8029919Z   fetch-tags: false
Check for Manual Version Changes	Run actions/checkout@v6	2026-06-04T23:54:05.8030422Z   show-progress: true
Check for Manual Version Changes	Run actions/checkout@v6	2026-06-04T23:54:05.8030934Z   lfs: false
Check for Manual Version Changes	Run actions/checkout@v6	2026-06-04T23:54:05.8031417Z   submodules: false
Check for Manual Version Changes	Run actions/checkout@v6	2026-06-04T23:54:05.8031921Z   set-safe-directory: true
Check for Manual Version Changes	Run actions/checkout@v6	2026-06-04T23:54:05.8032776Z ##[endgroup]
Check for Manual Version Changes	Run actions/checkout@v6	2026-06-04T23:54:05.9048826Z Syncing repository: link-assistant/meta-expression
Check for Manual Version Changes	Run actions/checkout@v6	2026-06-04T23:54:05.9051082Z ##[group]Getting Git version info
Check for Manual Version Changes	Run actions/checkout@v6	2026-06-04T23:54:05.9052010Z Working directory is '/home/runner/work/meta-expression/meta-expression'
Check for Manual Version Changes	Run actions/checkout@v6	2026-06-04T23:54:05.9053374Z [command]/usr/bin/git version
Check for Manual Version Changes	Run actions/checkout@v6	2026-06-04T23:54:05.9098515Z git version 2.54.0
Check for Manual Version Changes	Run actions/checkout@v6	2026-06-04T23:54:05.9122819Z ##[endgroup]
Check for Manual Version Changes	Run actions/checkout@v6	2026-06-04T23:54:05.9140080Z Temporarily overriding HOME='/home/runner/work/_temp/d639e04d-731b-49b5-bd4d-1eba0706c46f' before making global git config changes
Check for Manual Version Changes	Run actions/checkout@v6	2026-06-04T23:54:05.9142436Z Adding repository directory to the temporary git global config as a safe directory
Check for Manual Version Changes	Run actions/checkout@v6	2026-06-04T23:54:05.9147949Z [command]/usr/bin/git config --global --add safe.directory /home/runner/work/meta-expression/meta-expression
Check for Manual Version Changes	Run actions/checkout@v6	2026-06-04T23:54:05.9196384Z Deleting the contents of '/home/runner/work/meta-expression/meta-expression'
Check for Manual Version Changes	Run actions/checkout@v6	2026-06-04T23:54:05.9200912Z ##[group]Determining repository object format
Check for Manual Version Changes	Run actions/checkout@v6	2026-06-04T23:54:05.9202786Z ##[endgroup]
Check for Manual Version Changes	Run actions/checkout@v6	2026-06-04T23:54:05.9205820Z ##[group]Initializing the repository
Check for Manual Version Changes	Run actions/checkout@v6	2026-06-04T23:54:05.9207445Z [command]/usr/bin/git init /home/runner/work/meta-expression/meta-expression
Check for Manual Version Changes	Run actions/checkout@v6	2026-06-04T23:54:05.9312885Z hint: Using 'master' as the name for the initial branch. This default branch name
Check for Manual Version Changes	Run actions/checkout@v6	2026-06-04T23:54:05.9314178Z hint: will change to "main" in Git 3.0. To configure the initial branch name
Check for Manual Version Changes	Run actions/checkout@v6	2026-06-04T23:54:05.9315560Z hint: to use in all of your new repositories, which will suppress this warning,
Check for Manual Version Changes	Run actions/checkout@v6	2026-06-04T23:54:05.9316442Z hint: call:
Check for Manual Version Changes	Run actions/checkout@v6	2026-06-04T23:54:05.9316954Z hint:
Check for Manual Version Changes	Run actions/checkout@v6	2026-06-04T23:54:05.9317590Z hint: 	git config --global init.defaultBranch <name>
Check for Manual Version Changes	Run actions/checkout@v6	2026-06-04T23:54:05.9318719Z hint:
Check for Manual Version Changes	Run actions/checkout@v6	2026-06-04T23:54:05.9319643Z hint: Names commonly chosen instead of 'master' are 'main', 'trunk' and
Check for Manual Version Changes	Run actions/checkout@v6	2026-06-04T23:54:05.9321195Z hint: 'development'. The just-created branch can be renamed via this command:
Check for Manual Version Changes	Run actions/checkout@v6	2026-06-04T23:54:05.9322089Z hint:
Check for Manual Version Changes	Run actions/checkout@v6	2026-06-04T23:54:05.9322615Z hint: 	git branch -m <name>
Check for Manual Version Changes	Run actions/checkout@v6	2026-06-04T23:54:05.9323351Z hint:
Check for Manual Version Changes	Run actions/checkout@v6	2026-06-04T23:54:05.9324527Z hint: Disable this message with "git config set advice.defaultBranchName false"
Check for Manual Version Changes	Run actions/checkout@v6	2026-06-04T23:54:05.9326099Z Initialized empty Git repository in /home/runner/work/meta-expression/meta-expression/.git/
Check for Manual Version Changes	Run actions/checkout@v6	2026-06-04T23:54:05.9329028Z [command]/usr/bin/git remote add origin https://github.com/link-assistant/meta-expression
Check for Manual Version Changes	Run actions/checkout@v6	2026-06-04T23:54:05.9404266Z ##[endgroup]
Check for Manual Version Changes	Run actions/checkout@v6	2026-06-04T23:54:05.9405395Z ##[group]Disabling automatic garbage collection
Check for Manual Version Changes	Run actions/checkout@v6	2026-06-04T23:54:05.9408005Z [command]/usr/bin/git config --local gc.auto 0
Check for Manual Version Changes	Run actions/checkout@v6	2026-06-04T23:54:05.9437859Z ##[endgroup]
Check for Manual Version Changes	Run actions/checkout@v6	2026-06-04T23:54:05.9438957Z ##[group]Setting up auth
Check for Manual Version Changes	Run actions/checkout@v6	2026-06-04T23:54:05.9439732Z Removing SSH command configuration
Check for Manual Version Changes	Run actions/checkout@v6	2026-06-04T23:54:05.9445112Z [command]/usr/bin/git config --local --name-only --get-regexp core\.sshCommand
Check for Manual Version Changes	Run actions/checkout@v6	2026-06-04T23:54:05.9480997Z [command]/usr/bin/git submodule foreach --recursive sh -c "git config --local --name-only --get-regexp 'core\.sshCommand' && git config --local --unset-all 'core.sshCommand' || :"
Check for Manual Version Changes	Run actions/checkout@v6	2026-06-04T23:54:05.9834947Z Removing HTTP extra header
Check for Manual Version Changes	Run actions/checkout@v6	2026-06-04T23:54:05.9842102Z [command]/usr/bin/git config --local --name-only --get-regexp http\.https\:\/\/github\.com\/\.extraheader
Check for Manual Version Changes	Run actions/checkout@v6	2026-06-04T23:54:05.9876212Z [command]/usr/bin/git submodule foreach --recursive sh -c "git config --local --name-only --get-regexp 'http\.https\:\/\/github\.com\/\.extraheader' && git config --local --unset-all 'http.https://github.com/.extraheader' || :"
Check for Manual Version Changes	Run actions/checkout@v6	2026-06-04T23:54:06.0122249Z Removing includeIf entries pointing to credentials config files
Check for Manual Version Changes	Run actions/checkout@v6	2026-06-04T23:54:06.0128907Z [command]/usr/bin/git config --local --name-only --get-regexp ^includeIf\.gitdir:
Check for Manual Version Changes	Run actions/checkout@v6	2026-06-04T23:54:06.0161472Z [command]/usr/bin/git submodule foreach --recursive git config --local --show-origin --name-only --get-regexp remote.origin.url
Check for Manual Version Changes	Run actions/checkout@v6	2026-06-04T23:54:06.0396398Z [command]/usr/bin/git config --file /home/runner/work/_temp/git-credentials-5638dad5-7fd0-4f15-9495-50ffbfd9b09d.config http.https://github.com/.extraheader AUTHORIZATION: basic ***
Check for Manual Version Changes	Run actions/checkout@v6	2026-06-04T23:54:06.0432705Z [command]/usr/bin/git config --local includeIf.gitdir:/home/runner/work/meta-expression/meta-expression/.git.path /home/runner/work/_temp/git-credentials-5638dad5-7fd0-4f15-9495-50ffbfd9b09d.config
Check for Manual Version Changes	Run actions/checkout@v6	2026-06-04T23:54:06.0462633Z [command]/usr/bin/git config --local includeIf.gitdir:/home/runner/work/meta-expression/meta-expression/.git/worktrees/*.path /home/runner/work/_temp/git-credentials-5638dad5-7fd0-4f15-9495-50ffbfd9b09d.config
Check for Manual Version Changes	Run actions/checkout@v6	2026-06-04T23:54:06.0495651Z [command]/usr/bin/git config --local includeIf.gitdir:/github/workspace/.git.path /github/runner_temp/git-credentials-5638dad5-7fd0-4f15-9495-50ffbfd9b09d.config
Check for Manual Version Changes	Run actions/checkout@v6	2026-06-04T23:54:06.0544077Z [command]/usr/bin/git config --local includeIf.gitdir:/github/workspace/.git/worktrees/*.path /github/runner_temp/git-credentials-5638dad5-7fd0-4f15-9495-50ffbfd9b09d.config
Check for Manual Version Changes	Run actions/checkout@v6	2026-06-04T23:54:06.0573186Z ##[endgroup]
Check for Manual Version Changes	Run actions/checkout@v6	2026-06-04T23:54:06.0574123Z ##[group]Fetching the repository
Check for Manual Version Changes	Run actions/checkout@v6	2026-06-04T23:54:06.0584902Z [command]/usr/bin/git -c protocol.version=2 fetch --no-tags --prune --no-recurse-submodules origin +refs/heads/*:refs/remotes/origin/* +refs/tags/*:refs/tags/* +f1299f69298c3bb09b1139345ddfdc9c9f50230e:refs/remotes/pull/134/merge
Check for Manual Version Changes	Run actions/checkout@v6	2026-06-04T23:54:07.3071523Z From https://github.com/link-assistant/meta-expression
Check for Manual Version Changes	Run actions/checkout@v6	2026-06-04T23:54:07.3073813Z  * [new branch]      issue-1-66f2990709b5                     -> origin/issue-1-66f2990709b5
Check for Manual Version Changes	Run actions/checkout@v6	2026-06-04T23:54:07.3075587Z  * [new branch]      issue-108-9ec72bf0c00d                   -> origin/issue-108-9ec72bf0c00d
Check for Manual Version Changes	Run actions/checkout@v6	2026-06-04T23:54:07.3077128Z  * [new branch]      issue-109-59194c3f9440                   -> origin/issue-109-59194c3f9440
Check for Manual Version Changes	Run actions/checkout@v6	2026-06-04T23:54:07.3078604Z  * [new branch]      issue-11-9475e456ab10                    -> origin/issue-11-9475e456ab10
Check for Manual Version Changes	Run actions/checkout@v6	2026-06-04T23:54:07.3080254Z  * [new branch]      issue-110-9276996a2025                   -> origin/issue-110-9276996a2025
Check for Manual Version Changes	Run actions/checkout@v6	2026-06-04T23:54:07.3082065Z  * [new branch]      issue-111-bbd90b48d3d4                   -> origin/issue-111-bbd90b48d3d4
Check for Manual Version Changes	Run actions/checkout@v6	2026-06-04T23:54:07.3083974Z  * [new branch]      issue-112-c3cd1e55fea7                   -> origin/issue-112-c3cd1e55fea7
Check for Manual Version Changes	Run actions/checkout@v6	2026-06-04T23:54:07.3086204Z  * [new branch]      issue-113-ca491d8b7b96                   -> origin/issue-113-ca491d8b7b96
Check for Manual Version Changes	Run actions/checkout@v6	2026-06-04T23:54:07.3088087Z  * [new branch]      issue-114-d0e88e43d42d                   -> origin/issue-114-d0e88e43d42d
Check for Manual Version Changes	Run actions/checkout@v6	2026-06-04T23:54:07.3089978Z  * [new branch]      issue-115-96ea7e0ff041                   -> origin/issue-115-96ea7e0ff041
Check for Manual Version Changes	Run actions/checkout@v6	2026-06-04T23:54:07.3092122Z  * [new branch]      issue-116-a642ebf04bb5                   -> origin/issue-116-a642ebf04bb5
Check for Manual Version Changes	Run actions/checkout@v6	2026-06-04T23:54:07.3094262Z  * [new branch]      issue-126-e1ac50244d41                   -> origin/issue-126-e1ac50244d41
Check for Manual Version Changes	Run actions/checkout@v6	2026-06-04T23:54:07.3096649Z  * [new branch]      issue-128-41095a0f356d                   -> origin/issue-128-41095a0f356d
Check for Manual Version Changes	Run actions/checkout@v6	2026-06-04T23:54:07.3099023Z  * [new branch]      issue-128-fed1f7a14626                   -> origin/issue-128-fed1f7a14626
Check for Manual Version Changes	Run actions/checkout@v6	2026-06-04T23:54:07.3101722Z  * [new branch]      issue-13-0a4fc458320f                    -> origin/issue-13-0a4fc458320f
Check for Manual Version Changes	Run actions/checkout@v6	2026-06-04T23:54:07.3104291Z  * [new branch]      issue-131-84c06d630fcf                   -> origin/issue-131-84c06d630fcf
Check for Manual Version Changes	Run actions/checkout@v6	2026-06-04T23:54:07.3106965Z  * [new branch]      issue-133-a2575051275f                   -> origin/issue-133-a2575051275f
Check for Manual Version Changes	Run actions/checkout@v6	2026-06-04T23:54:07.3109833Z  * [new branch]      issue-15-01d48bf15beb                    -> origin/issue-15-01d48bf15beb
Check for Manual Version Changes	Run actions/checkout@v6	2026-06-04T23:54:07.3112369Z  * [new branch]      issue-16-a4cb3c8415b5                    -> origin/issue-16-a4cb3c8415b5
Check for Manual Version Changes	Run actions/checkout@v6	2026-06-04T23:54:07.3114880Z  * [new branch]      issue-17-e37119ec7e2e                    -> origin/issue-17-e37119ec7e2e
Check for Manual Version Changes	Run actions/checkout@v6	2026-06-04T23:54:07.3117461Z  * [new branch]      issue-18-f441191a8b86                    -> origin/issue-18-f441191a8b86
Check for Manual Version Changes	Run actions/checkout@v6	2026-06-04T23:54:07.3120247Z  * [new branch]      issue-20-5e25c435fda3                    -> origin/issue-20-5e25c435fda3
Check for Manual Version Changes	Run actions/checkout@v6	2026-06-04T23:54:07.3123003Z  * [new branch]      issue-21-12a11b28b6e5                    -> origin/issue-21-12a11b28b6e5
Check for Manual Version Changes	Run actions/checkout@v6	2026-06-04T23:54:07.3125887Z  * [new branch]      issue-23-0aed78e996ae                    -> origin/issue-23-0aed78e996ae
Check for Manual Version Changes	Run actions/checkout@v6	2026-06-04T23:54:07.3128629Z  * [new branch]      issue-26-2cbee1cb1be5                    -> origin/issue-26-2cbee1cb1be5
Check for Manual Version Changes	Run actions/checkout@v6	2026-06-04T23:54:07.3131408Z  * [new branch]      issue-27-77fbe1d5f177                    -> origin/issue-27-77fbe1d5f177
Check for Manual Version Changes	Run actions/checkout@v6	2026-06-04T23:54:07.3134161Z  * [new branch]      issue-29-e5195b346fed                    -> origin/issue-29-e5195b346fed
Check for Manual Version Changes	Run actions/checkout@v6	2026-06-04T23:54:07.3136991Z  * [new branch]      issue-3-130348eb2e36                     -> origin/issue-3-130348eb2e36
Check for Manual Version Changes	Run actions/checkout@v6	2026-06-04T23:54:07.3139806Z  * [new branch]      issue-35-c9dc0853f1a0                    -> origin/issue-35-c9dc0853f1a0
Check for Manual Version Changes	Run actions/checkout@v6	2026-06-04T23:54:07.3142802Z  * [new branch]      issue-37-8620cc7da08c                    -> origin/issue-37-8620cc7da08c
Check for Manual Version Changes	Run actions/checkout@v6	2026-06-04T23:54:07.3145568Z  * [new branch]      issue-39-6eee7e3da635                    -> origin/issue-39-6eee7e3da635
Check for Manual Version Changes	Run actions/checkout@v6	2026-06-04T23:54:07.3148288Z  * [new branch]      issue-41-89dc6245cc78                    -> origin/issue-41-89dc6245cc78
Check for Manual Version Changes	Run actions/checkout@v6	2026-06-04T23:54:07.3151015Z  * [new branch]      issue-43-5b7a25fd4491                    -> origin/issue-43-5b7a25fd4491
Check for Manual Version Changes	Run actions/checkout@v6	2026-06-04T23:54:07.3153882Z  * [new branch]      issue-48-3cc022473812                    -> origin/issue-48-3cc022473812
Check for Manual Version Changes	Run actions/checkout@v6	2026-06-04T23:54:07.3156748Z  * [new branch]      issue-5-2c7b23a3dfee                     -> origin/issue-5-2c7b23a3dfee
Check for Manual Version Changes	Run actions/checkout@v6	2026-06-04T23:54:07.3159399Z  * [new branch]      issue-50-125a6780a77b                    -> origin/issue-50-125a6780a77b
Check for Manual Version Changes	Run actions/checkout@v6	2026-06-04T23:54:07.3162075Z  * [new branch]      issue-52-14d124fa6a47                    -> origin/issue-52-14d124fa6a47
Check for Manual Version Changes	Run actions/checkout@v6	2026-06-04T23:54:07.3164775Z  * [new branch]      issue-54-d4e0c163ea88                    -> origin/issue-54-d4e0c163ea88
Check for Manual Version Changes	Run actions/checkout@v6	2026-06-04T23:54:07.3167716Z  * [new branch]      issue-56-7b4471a86c0c                    -> origin/issue-56-7b4471a86c0c
Check for Manual Version Changes	Run actions/checkout@v6	2026-06-04T23:54:07.3170422Z  * [new branch]      issue-58-4fd21cb80249                    -> origin/issue-58-4fd21cb80249
Check for Manual Version Changes	Run actions/checkout@v6	2026-06-04T23:54:07.3173128Z  * [new branch]      issue-60-b3b07b32a4f2                    -> origin/issue-60-b3b07b32a4f2
Check for Manual Version Changes	Run actions/checkout@v6	2026-06-04T23:54:07.3175883Z  * [new branch]      issue-61-f445f6ea7071                    -> origin/issue-61-f445f6ea7071
Check for Manual Version Changes	Run actions/checkout@v6	2026-06-04T23:54:07.3178533Z  * [new branch]      issue-62-29076fab68e4                    -> origin/issue-62-29076fab68e4
Check for Manual Version Changes	Run actions/checkout@v6	2026-06-04T23:54:07.3181075Z  * [new branch]      issue-63-3dec45ca24c4                    -> origin/issue-63-3dec45ca24c4
Check for Manual Version Changes	Run actions/checkout@v6	2026-06-04T23:54:07.3183633Z  * [new branch]      issue-64-e00c5810edcd                    -> origin/issue-64-e00c5810edcd
Check for Manual Version Changes	Run actions/checkout@v6	2026-06-04T23:54:07.3186348Z  * [new branch]      issue-65-4c2d1e1c1926                    -> origin/issue-65-4c2d1e1c1926
Check for Manual Version Changes	Run actions/checkout@v6	2026-06-04T23:54:07.3188950Z  * [new branch]      issue-66-efa2706d57bf                    -> origin/issue-66-efa2706d57bf
Check for Manual Version Changes	Run actions/checkout@v6	2026-06-04T23:54:07.3191605Z  * [new branch]      issue-67-cbc1c5ac4ed2                    -> origin/issue-67-cbc1c5ac4ed2
Check for Manual Version Changes	Run actions/checkout@v6	2026-06-04T23:54:07.3194261Z  * [new branch]      issue-68-08241e2554cb                    -> origin/issue-68-08241e2554cb
Check for Manual Version Changes	Run actions/checkout@v6	2026-06-04T23:54:07.3197293Z  * [new branch]      issue-69-420bc440686f                    -> origin/issue-69-420bc440686f
Check for Manual Version Changes	Run actions/checkout@v6	2026-06-04T23:54:07.3200979Z  * [new branch]      issue-7-c2cf5051240a                     -> origin/issue-7-c2cf5051240a
Check for Manual Version Changes	Run actions/checkout@v6	2026-06-04T23:54:07.3203648Z  * [new branch]      issue-70-2f41021b3b88                    -> origin/issue-70-2f41021b3b88
Check for Manual Version Changes	Run actions/checkout@v6	2026-06-04T23:54:07.3207425Z  * [new branch]      issue-71-213699cb7a07                    -> origin/issue-71-213699cb7a07
Check for Manual Version Changes	Run actions/checkout@v6	2026-06-04T23:54:07.3210951Z  * [new branch]      issue-72-f280d3968ee3                    -> origin/issue-72-f280d3968ee3
Check for Manual Version Changes	Run actions/checkout@v6	2026-06-04T23:54:07.3213674Z  * [new branch]      issue-73-a48e9ea13ed4                    -> origin/issue-73-a48e9ea13ed4
Check for Manual Version Changes	Run actions/checkout@v6	2026-06-04T23:54:07.3216608Z  * [new branch]      issue-74-3fccc9cfd1e9                    -> origin/issue-74-3fccc9cfd1e9
Check for Manual Version Changes	Run actions/checkout@v6	2026-06-04T23:54:07.3219784Z  * [new branch]      issue-87-7cc151ec3bc6                    -> origin/issue-87-7cc151ec3bc6
Check for Manual Version Changes	Run actions/checkout@v6	2026-06-04T23:54:07.3222340Z  * [new branch]      issue-88-7fdca54b4623                    -> origin/issue-88-7fdca54b4623
Check for Manual Version Changes	Run actions/checkout@v6	2026-06-04T23:54:07.3225316Z  * [new branch]      issue-89-4d53f5773d5a                    -> origin/issue-89-4d53f5773d5a
Check for Manual Version Changes	Run actions/checkout@v6	2026-06-04T23:54:07.3229034Z  * [new branch]      issue-9-24bcebd55a5d                     -> origin/issue-9-24bcebd55a5d
Check for Manual Version Changes	Run actions/checkout@v6	2026-06-04T23:54:07.3232798Z  * [new branch]      issue-90-cabb5d305b6f                    -> origin/issue-90-cabb5d305b6f
Check for Manual Version Changes	Run actions/checkout@v6	2026-06-04T23:54:07.3236677Z  * [new branch]      issue-91-7228b4557dc6                    -> origin/issue-91-7228b4557dc6
Check for Manual Version Changes	Run actions/checkout@v6	2026-06-04T23:54:07.3240623Z  * [new branch]      issue-92-561ee90494aa                    -> origin/issue-92-561ee90494aa
Check for Manual Version Changes	Run actions/checkout@v6	2026-06-04T23:54:07.3244317Z  * [new branch]      issue-93-81850df7e6ef                    -> origin/issue-93-81850df7e6ef
Check for Manual Version Changes	Run actions/checkout@v6	2026-06-04T23:54:07.3248182Z  * [new branch]      issue-94-61bb8b947c61                    -> origin/issue-94-61bb8b947c61
Check for Manual Version Changes	Run actions/checkout@v6	2026-06-04T23:54:07.3251980Z  * [new branch]      issue-96-baaac01fda6b                    -> origin/issue-96-baaac01fda6b
Check for Manual Version Changes	Run actions/checkout@v6	2026-06-04T23:54:07.3255435Z  * [new branch]      main                                     -> origin/main
Check for Manual Version Changes	Run actions/checkout@v6	2026-06-04T23:54:07.3258193Z  * [new tag]         v0.10.0                                  -> v0.10.0
Check for Manual Version Changes	Run actions/checkout@v6	2026-06-04T23:54:07.3260784Z  * [new tag]         v0.11.0                                  -> v0.11.0
Check for Manual Version Changes	Run actions/checkout@v6	2026-06-04T23:54:07.3263336Z  * [new tag]         v0.12.0                                  -> v0.12.0
Check for Manual Version Changes	Run actions/checkout@v6	2026-06-04T23:54:07.3266009Z  * [new tag]         v0.12.1                                  -> v0.12.1
Check for Manual Version Changes	Run actions/checkout@v6	2026-06-04T23:54:07.3268576Z  * [new ref]         f1299f69298c3bb09b1139345ddfdc9c9f50230e -> pull/134/merge
Check for Manual Version Changes	Run actions/checkout@v6	2026-06-04T23:54:07.3274126Z ##[endgroup]
Check for Manual Version Changes	Run actions/checkout@v6	2026-06-04T23:54:07.3276194Z ##[group]Determining the checkout info
Check for Manual Version Changes	Run actions/checkout@v6	2026-06-04T23:54:07.3278110Z ##[endgroup]
Check for Manual Version Changes	Run actions/checkout@v6	2026-06-04T23:54:07.3279233Z [command]/usr/bin/git sparse-checkout disable
Check for Manual Version Changes	Run actions/checkout@v6	2026-06-04T23:54:07.3283447Z [command]/usr/bin/git config --local --unset-all extensions.worktreeConfig
Check for Manual Version Changes	Run actions/checkout@v6	2026-06-04T23:54:07.3304694Z ##[group]Checking out the ref
Check for Manual Version Changes	Run actions/checkout@v6	2026-06-04T23:54:07.3307518Z [command]/usr/bin/git checkout --progress --force refs/remotes/pull/134/merge
Check for Manual Version Changes	Run actions/checkout@v6	2026-06-04T23:54:07.5107016Z Note: switching to 'refs/remotes/pull/134/merge'.
Check for Manual Version Changes	Run actions/checkout@v6	2026-06-04T23:54:07.5108702Z
Check for Manual Version Changes	Run actions/checkout@v6	2026-06-04T23:54:07.5109960Z You are in 'detached HEAD' state. You can look around, make experimental
Check for Manual Version Changes	Run actions/checkout@v6	2026-06-04T23:54:07.5112992Z changes and commit them, and you can discard any commits you make in this
Check for Manual Version Changes	Run actions/checkout@v6	2026-06-04T23:54:07.5116078Z state without impacting any branches by switching back to a branch.
Check for Manual Version Changes	Run actions/checkout@v6	2026-06-04T23:54:07.5117859Z
Check for Manual Version Changes	Run actions/checkout@v6	2026-06-04T23:54:07.5119008Z If you want to create a new branch to retain commits you create, you may
Check for Manual Version Changes	Run actions/checkout@v6	2026-06-04T23:54:07.5121806Z do so (now or later) by using -c with the switch command. Example:
Check for Manual Version Changes	Run actions/checkout@v6	2026-06-04T23:54:07.5123444Z
Check for Manual Version Changes	Run actions/checkout@v6	2026-06-04T23:54:07.5124131Z   git switch -c <new-branch-name>
Check for Manual Version Changes	Run actions/checkout@v6	2026-06-04T23:54:07.5125397Z
Check for Manual Version Changes	Run actions/checkout@v6	2026-06-04T23:54:07.5126050Z Or undo this operation with:
Check for Manual Version Changes	Run actions/checkout@v6	2026-06-04T23:54:07.5127140Z
Check for Manual Version Changes	Run actions/checkout@v6	2026-06-04T23:54:07.5127737Z   git switch -
Check for Manual Version Changes	Run actions/checkout@v6	2026-06-04T23:54:07.5128464Z
Check for Manual Version Changes	Run actions/checkout@v6	2026-06-04T23:54:07.5129451Z Turn off this advice by setting config variable advice.detachedHead to false
Check for Manual Version Changes	Run actions/checkout@v6	2026-06-04T23:54:07.5131073Z
Check for Manual Version Changes	Run actions/checkout@v6	2026-06-04T23:54:07.5133020Z HEAD is now at f1299f6 Merge 324b6ef1cfe3646dcb4e53831d2f8455b0372c32 into 8e5c19a4aef79692784e1bfee76c829968feafb7
Check for Manual Version Changes	Run actions/checkout@v6	2026-06-04T23:54:07.5137706Z ##[endgroup]
Check for Manual Version Changes	Run actions/checkout@v6	2026-06-04T23:54:07.5180643Z [command]/usr/bin/git log -1 --format=%H
Check for Manual Version Changes	Run actions/checkout@v6	2026-06-04T23:54:07.5207394Z f1299f69298c3bb09b1139345ddfdc9c9f50230e
Check for Manual Version Changes	Check for version changes in package.json	﻿2026-06-04T23:54:07.5460999Z ##[group]Run node scripts/check-version.mjs
Check for Manual Version Changes	Check for version changes in package.json	2026-06-04T23:54:07.5462527Z ^[[36;1mnode scripts/check-version.mjs^[[0m
Check for Manual Version Changes	Check for version changes in package.json	2026-06-04T23:54:07.5496834Z shell: /usr/bin/bash -e {0}
Check for Manual Version Changes	Check for version changes in package.json	2026-06-04T23:54:07.5497938Z env:
Check for Manual Version Changes	Check for version changes in package.json	2026-06-04T23:54:07.5498843Z   GITHUB_HEAD_REF: issue-133-a2575051275f
Check for Manual Version Changes	Check for version changes in package.json	2026-06-04T23:54:07.5500094Z   GITHUB_BASE_REF: main
Check for Manual Version Changes	Check for version changes in package.json	2026-06-04T23:54:07.5501069Z ##[endgroup]
Check for Manual Version Changes	Check for version changes in package.json	2026-06-04T23:54:07.7354954Z Checking for manual version changes in package.json...
Check for Manual Version Changes	Check for version changes in package.json	2026-06-04T23:54:07.7356346Z
Check for Manual Version Changes	Check for version changes in package.json	2026-06-04T23:54:07.7468337Z No manual version changes detected - check passed
Check for Manual Version Changes	Post Run actions/checkout@v6	﻿2026-06-04T23:54:07.7803777Z Post job cleanup.
Check for Manual Version Changes	Post Run actions/checkout@v6	2026-06-04T23:54:07.8659318Z [command]/usr/bin/git version
Check for Manual Version Changes	Post Run actions/checkout@v6	2026-06-04T23:54:07.8728259Z git version 2.54.0
Check for Manual Version Changes	Post Run actions/checkout@v6	2026-06-04T23:54:07.8766018Z Temporarily overriding HOME='/home/runner/work/_temp/7d180396-81bc-4bde-830f-ceb3286fd9b2' before making global git config changes
Check for Manual Version Changes	Post Run actions/checkout@v6	2026-06-04T23:54:07.8768925Z Adding repository directory to the temporary git global config as a safe directory
Check for Manual Version Changes	Post Run actions/checkout@v6	2026-06-04T23:54:07.8772167Z [command]/usr/bin/git config --global --add safe.directory /home/runner/work/meta-expression/meta-expression
Check for Manual Version Changes	Post Run actions/checkout@v6	2026-06-04T23:54:07.8802050Z Removing SSH command configuration
Check for Manual Version Changes	Post Run actions/checkout@v6	2026-06-04T23:54:07.8808861Z [command]/usr/bin/git config --local --name-only --get-regexp core\.sshCommand
Check for Manual Version Changes	Post Run actions/checkout@v6	2026-06-04T23:54:07.8844025Z [command]/usr/bin/git submodule foreach --recursive sh -c "git config --local --name-only --get-regexp 'core\.sshCommand' && git config --local --unset-all 'core.sshCommand' || :"
Check for Manual Version Changes	Post Run actions/checkout@v6	2026-06-04T23:54:07.9111154Z Removing HTTP extra header
Check for Manual Version Changes	Post Run actions/checkout@v6	2026-06-04T23:54:07.9113731Z [command]/usr/bin/git config --local --name-only --get-regexp http\.https\:\/\/github\.com\/\.extraheader
Check for Manual Version Changes	Post Run actions/checkout@v6	2026-06-04T23:54:07.9122534Z [command]/usr/bin/git submodule foreach --recursive sh -c "git config --local --name-only --get-regexp 'http\.https\:\/\/github\.com\/\.extraheader' && git config --local --unset-all 'http.https://github.com/.extraheader' || :"
Check for Manual Version Changes	Post Run actions/checkout@v6	2026-06-04T23:54:07.9384254Z Removing includeIf entries pointing to credentials config files
Check for Manual Version Changes	Post Run actions/checkout@v6	2026-06-04T23:54:07.9386542Z [command]/usr/bin/git config --local --name-only --get-regexp ^includeIf\.gitdir:
Check for Manual Version Changes	Post Run actions/checkout@v6	2026-06-04T23:54:07.9413746Z includeif.gitdir:/home/runner/work/meta-expression/meta-expression/.git.path
Check for Manual Version Changes	Post Run actions/checkout@v6	2026-06-04T23:54:07.9416489Z includeif.gitdir:/home/runner/work/meta-expression/meta-expression/.git/worktrees/*.path
Check for Manual Version Changes	Post Run actions/checkout@v6	2026-06-04T23:54:07.9418218Z includeif.gitdir:/github/workspace/.git.path
Check for Manual Version Changes	Post Run actions/checkout@v6	2026-06-04T23:54:07.9419809Z includeif.gitdir:/github/workspace/.git/worktrees/*.path
Check for Manual Version Changes	Post Run actions/checkout@v6	2026-06-04T23:54:07.9426967Z [command]/usr/bin/git config --local --get-all includeif.gitdir:/home/runner/work/meta-expression/meta-expression/.git.path
Check for Manual Version Changes	Post Run actions/checkout@v6	2026-06-04T23:54:07.9451577Z /home/runner/work/_temp/git-credentials-5638dad5-7fd0-4f15-9495-50ffbfd9b09d.config
Check for Manual Version Changes	Post Run actions/checkout@v6	2026-06-04T23:54:07.9464923Z [command]/usr/bin/git config --local --unset includeif.gitdir:/home/runner/work/meta-expression/meta-expression/.git.path /home/runner/work/_temp/git-credentials-5638dad5-7fd0-4f15-9495-50ffbfd9b09d.config
Check for Manual Version Changes	Post Run actions/checkout@v6	2026-06-04T23:54:07.9503596Z [command]/usr/bin/git config --local --get-all includeif.gitdir:/home/runner/work/meta-expression/meta-expression/.git/worktrees/*.path
Check for Manual Version Changes	Post Run actions/checkout@v6	2026-06-04T23:54:07.9528811Z /home/runner/work/_temp/git-credentials-5638dad5-7fd0-4f15-9495-50ffbfd9b09d.config
Check for Manual Version Changes	Post Run actions/checkout@v6	2026-06-04T23:54:07.9540570Z [command]/usr/bin/git config --local --unset includeif.gitdir:/home/runner/work/meta-expression/meta-expression/.git/worktrees/*.path /home/runner/work/_temp/git-credentials-5638dad5-7fd0-4f15-9495-50ffbfd9b09d.config
Check for Manual Version Changes	Post Run actions/checkout@v6	2026-06-04T23:54:07.9576071Z [command]/usr/bin/git config --local --get-all includeif.gitdir:/github/workspace/.git.path
Check for Manual Version Changes	Post Run actions/checkout@v6	2026-06-04T23:54:07.9600850Z /github/runner_temp/git-credentials-5638dad5-7fd0-4f15-9495-50ffbfd9b09d.config
Check for Manual Version Changes	Post Run actions/checkout@v6	2026-06-04T23:54:07.9610541Z [command]/usr/bin/git config --local --unset includeif.gitdir:/github/workspace/.git.path /github/runner_temp/git-credentials-5638dad5-7fd0-4f15-9495-50ffbfd9b09d.config
Check for Manual Version Changes	Post Run actions/checkout@v6	2026-06-04T23:54:07.9646812Z [command]/usr/bin/git config --local --get-all includeif.gitdir:/github/workspace/.git/worktrees/*.path
Check for Manual Version Changes	Post Run actions/checkout@v6	2026-06-04T23:54:07.9669990Z /github/runner_temp/git-credentials-5638dad5-7fd0-4f15-9495-50ffbfd9b09d.config
Check for Manual Version Changes	Post Run actions/checkout@v6	2026-06-04T23:54:07.9680878Z [command]/usr/bin/git config --local --unset includeif.gitdir:/github/workspace/.git/worktrees/*.path /github/runner_temp/git-credentials-5638dad5-7fd0-4f15-9495-50ffbfd9b09d.config
Check for Manual Version Changes	Post Run actions/checkout@v6	2026-06-04T23:54:07.9717644Z [command]/usr/bin/git submodule foreach --recursive git config --local --show-origin --name-only --get-regexp remote.origin.url
Check for Manual Version Changes	Post Run actions/checkout@v6	2026-06-04T23:54:07.9968153Z Removing credentials config '/home/runner/work/_temp/git-credentials-5638dad5-7fd0-4f15-9495-50ffbfd9b09d.config'
Check for Manual Version Changes	Complete job	﻿2026-06-04T23:54:08.0126978Z Cleaning up orphan processes
Test (bun on ubuntu-latest)	Set up job	﻿2026-06-04T23:54:14.0846546Z Current runner version: '2.334.0'
Test (bun on ubuntu-latest)	Set up job	2026-06-04T23:54:14.0871865Z ##[group]Runner Image Provisioner
Test (bun on ubuntu-latest)	Set up job	2026-06-04T23:54:14.0872757Z Hosted Compute Agent
Test (bun on ubuntu-latest)	Set up job	2026-06-04T23:54:14.0873390Z Version: 20260520.533
Test (bun on ubuntu-latest)	Set up job	2026-06-04T23:54:14.0874116Z Commit: 189110e25284a9812c124fd27b339e2fb4f2f9db
Test (bun on ubuntu-latest)	Set up job	2026-06-04T23:54:14.0874859Z Build Date: 2026-05-20T17:44:04Z
Test (bun on ubuntu-latest)	Set up job	2026-06-04T23:54:14.0875583Z Worker ID: {fc938422-e0e2-4c67-bac8-249c16f353e9}
Test (bun on ubuntu-latest)	Set up job	2026-06-04T23:54:14.0876344Z Azure Region: northcentralus
Test (bun on ubuntu-latest)	Set up job	2026-06-04T23:54:14.0877006Z ##[endgroup]
Test (bun on ubuntu-latest)	Set up job	2026-06-04T23:54:14.0879139Z ##[group]Operating System
Test (bun on ubuntu-latest)	Set up job	2026-06-04T23:54:14.0879886Z Ubuntu
Test (bun on ubuntu-latest)	Set up job	2026-06-04T23:54:14.0880516Z 24.04.4
Test (bun on ubuntu-latest)	Set up job	2026-06-04T23:54:14.0881071Z LTS
Test (bun on ubuntu-latest)	Set up job	2026-06-04T23:54:14.0881622Z ##[endgroup]
Test (bun on ubuntu-latest)	Set up job	2026-06-04T23:54:14.0882252Z ##[group]Runner Image
Test (bun on ubuntu-latest)	Set up job	2026-06-04T23:54:14.0882859Z Image: ubuntu-24.04
Test (bun on ubuntu-latest)	Set up job	2026-06-04T23:54:14.0883437Z Version: 20260525.161.1
Test (bun on ubuntu-latest)	Set up job	2026-06-04T23:54:14.0884563Z Included Software: https://github.com/actions/runner-images/blob/ubuntu24/20260525.161/images/ubuntu/Ubuntu2404-Readme.md
Test (bun on ubuntu-latest)	Set up job	2026-06-04T23:54:14.0886413Z Image Release: https://github.com/actions/runner-images/releases/tag/ubuntu24%2F20260525.161
Test (bun on ubuntu-latest)	Set up job	2026-06-04T23:54:14.0887413Z ##[endgroup]
Test (bun on ubuntu-latest)	Set up job	2026-06-04T23:54:14.0890530Z ##[group]GITHUB_TOKEN Permissions
Test (bun on ubuntu-latest)	Set up job	2026-06-04T23:54:14.0892661Z Actions: write
Test (bun on ubuntu-latest)	Set up job	2026-06-04T23:54:14.0893305Z ArtifactMetadata: write
Test (bun on ubuntu-latest)	Set up job	2026-06-04T23:54:14.0894082Z Attestations: write
Test (bun on ubuntu-latest)	Set up job	2026-06-04T23:54:14.0894663Z Checks: write
Test (bun on ubuntu-latest)	Set up job	2026-06-04T23:54:14.0895269Z CodeQuality: write
Test (bun on ubuntu-latest)	Set up job	2026-06-04T23:54:14.0895886Z Contents: write
Test (bun on ubuntu-latest)	Set up job	2026-06-04T23:54:14.0896420Z Deployments: write
Test (bun on ubuntu-latest)	Set up job	2026-06-04T23:54:14.0897045Z Discussions: write
Test (bun on ubuntu-latest)	Set up job	2026-06-04T23:54:14.0897610Z Issues: write
Test (bun on ubuntu-latest)	Set up job	2026-06-04T23:54:14.0898177Z Metadata: read
Test (bun on ubuntu-latest)	Set up job	2026-06-04T23:54:14.0899157Z Models: read
Test (bun on ubuntu-latest)	Set up job	2026-06-04T23:54:14.0899769Z Packages: write
Test (bun on ubuntu-latest)	Set up job	2026-06-04T23:54:14.0900509Z Pages: write
Test (bun on ubuntu-latest)	Set up job	2026-06-04T23:54:14.0901112Z PullRequests: write
Test (bun on ubuntu-latest)	Set up job	2026-06-04T23:54:14.0901684Z RepositoryProjects: write
Test (bun on ubuntu-latest)	Set up job	2026-06-04T23:54:14.0902440Z SecurityEvents: write
Test (bun on ubuntu-latest)	Set up job	2026-06-04T23:54:14.0903013Z Statuses: write
Test (bun on ubuntu-latest)	Set up job	2026-06-04T23:54:14.0903685Z VulnerabilityAlerts: read
Test (bun on ubuntu-latest)	Set up job	2026-06-04T23:54:14.0904329Z ##[endgroup]
Test (bun on ubuntu-latest)	Set up job	2026-06-04T23:54:14.0906981Z Secret source: Actions
Test (bun on ubuntu-latest)	Set up job	2026-06-04T23:54:14.0908304Z Prepare workflow directory
Test (bun on ubuntu-latest)	Set up job	2026-06-04T23:54:14.1257585Z Prepare all required actions
Test (bun on ubuntu-latest)	Set up job	2026-06-04T23:54:14.1296091Z Getting action download info
Test (bun on ubuntu-latest)	Set up job	2026-06-04T23:54:14.4716363Z Download action repository 'actions/checkout@v6' (SHA:df4cb1c069e1874edd31b4311f1884172cec0e10)
Test (bun on ubuntu-latest)	Set up job	2026-06-04T23:54:14.8254169Z Download action repository 'oven-sh/setup-bun@v2' (SHA:0c5077e51419868618aeaa5fe8019c62421857d6)
Test (bun on ubuntu-latest)	Set up job	2026-06-04T23:54:15.1923483Z Complete job name: Test (bun on ubuntu-latest)
Test (bun on ubuntu-latest)	Run actions/checkout@v6	﻿2026-06-04T23:54:15.2829228Z ##[group]Run actions/checkout@v6
Test (bun on ubuntu-latest)	Run actions/checkout@v6	2026-06-04T23:54:15.2830759Z with:
Test (bun on ubuntu-latest)	Run actions/checkout@v6	2026-06-04T23:54:15.2831574Z   fetch-depth: 0
Test (bun on ubuntu-latest)	Run actions/checkout@v6	2026-06-04T23:54:15.2832549Z   repository: link-assistant/meta-expression
Test (bun on ubuntu-latest)	Run actions/checkout@v6	2026-06-04T23:54:15.2843198Z   token: ***
Test (bun on ubuntu-latest)	Run actions/checkout@v6	2026-06-04T23:54:15.2844042Z   ssh-strict: true
Test (bun on ubuntu-latest)	Run actions/checkout@v6	2026-06-04T23:54:15.2844896Z   ssh-user: git
Test (bun on ubuntu-latest)	Run actions/checkout@v6	2026-06-04T23:54:15.2845805Z   persist-credentials: true
Test (bun on ubuntu-latest)	Run actions/checkout@v6	2026-06-04T23:54:15.2846775Z   clean: true
Test (bun on ubuntu-latest)	Run actions/checkout@v6	2026-06-04T23:54:15.2847647Z   sparse-checkout-cone-mode: true
Test (bun on ubuntu-latest)	Run actions/checkout@v6	2026-06-04T23:54:15.2848889Z   fetch-tags: false
Test (bun on ubuntu-latest)	Run actions/checkout@v6	2026-06-04T23:54:15.2849781Z   show-progress: true
Test (bun on ubuntu-latest)	Run actions/checkout@v6	2026-06-04T23:54:15.2850684Z   lfs: false
Test (bun on ubuntu-latest)	Run actions/checkout@v6	2026-06-04T23:54:15.2851486Z   submodules: false
Test (bun on ubuntu-latest)	Run actions/checkout@v6	2026-06-04T23:54:15.2852374Z   set-safe-directory: true
Test (bun on ubuntu-latest)	Run actions/checkout@v6	2026-06-04T23:54:15.2853622Z ##[endgroup]
Test (bun on ubuntu-latest)	Run actions/checkout@v6	2026-06-04T23:54:15.3887918Z Syncing repository: link-assistant/meta-expression
Test (bun on ubuntu-latest)	Run actions/checkout@v6	2026-06-04T23:54:15.3891266Z ##[group]Getting Git version info
Test (bun on ubuntu-latest)	Run actions/checkout@v6	2026-06-04T23:54:15.3893119Z Working directory is '/home/runner/work/meta-expression/meta-expression'
Test (bun on ubuntu-latest)	Run actions/checkout@v6	2026-06-04T23:54:15.3895459Z [command]/usr/bin/git version
Test (bun on ubuntu-latest)	Run actions/checkout@v6	2026-06-04T23:54:15.3951048Z git version 2.54.0
Test (bun on ubuntu-latest)	Run actions/checkout@v6	2026-06-04T23:54:15.3975941Z ##[endgroup]
Test (bun on ubuntu-latest)	Run actions/checkout@v6	2026-06-04T23:54:15.3990736Z Temporarily overriding HOME='/home/runner/work/_temp/2190a8f8-7f58-4d82-ad05-66bc2043ca6b' before making global git config changes
Test (bun on ubuntu-latest)	Run actions/checkout@v6	2026-06-04T23:54:15.3993895Z Adding repository directory to the temporary git global config as a safe directory
Test (bun on ubuntu-latest)	Run actions/checkout@v6	2026-06-04T23:54:15.3997974Z [command]/usr/bin/git config --global --add safe.directory /home/runner/work/meta-expression/meta-expression
Test (bun on ubuntu-latest)	Run actions/checkout@v6	2026-06-04T23:54:15.4052496Z Deleting the contents of '/home/runner/work/meta-expression/meta-expression'
Test (bun on ubuntu-latest)	Run actions/checkout@v6	2026-06-04T23:54:15.4056355Z ##[group]Determining repository object format
Test (bun on ubuntu-latest)	Run actions/checkout@v6	2026-06-04T23:54:15.4058532Z ##[endgroup]
Test (bun on ubuntu-latest)	Run actions/checkout@v6	2026-06-04T23:54:15.4060974Z ##[group]Initializing the repository
Test (bun on ubuntu-latest)	Run actions/checkout@v6	2026-06-04T23:54:15.4064324Z [command]/usr/bin/git init /home/runner/work/meta-expression/meta-expression
Test (bun on ubuntu-latest)	Run actions/checkout@v6	2026-06-04T23:54:15.4177340Z hint: Using 'master' as the name for the initial branch. This default branch name
Test (bun on ubuntu-latest)	Run actions/checkout@v6	2026-06-04T23:54:15.4180093Z hint: will change to "main" in Git 3.0. To configure the initial branch name
Test (bun on ubuntu-latest)	Run actions/checkout@v6	2026-06-04T23:54:15.4183311Z hint: to use in all of your new repositories, which will suppress this warning,
Test (bun on ubuntu-latest)	Run actions/checkout@v6	2026-06-04T23:54:15.4185733Z hint: call:
Test (bun on ubuntu-latest)	Run actions/checkout@v6	2026-06-04T23:54:15.4186585Z hint:
Test (bun on ubuntu-latest)	Run actions/checkout@v6	2026-06-04T23:54:15.4187649Z hint: 	git config --global init.defaultBranch <name>
Test (bun on ubuntu-latest)	Run actions/checkout@v6	2026-06-04T23:54:15.4189255Z hint:
Test (bun on ubuntu-latest)	Run actions/checkout@v6	2026-06-04T23:54:15.4190458Z hint: Names commonly chosen instead of 'master' are 'main', 'trunk' and
Test (bun on ubuntu-latest)	Run actions/checkout@v6	2026-06-04T23:54:15.4192374Z hint: 'development'. The just-created branch can be renamed via this command:
Test (bun on ubuntu-latest)	Run actions/checkout@v6	2026-06-04T23:54:15.4194000Z hint:
Test (bun on ubuntu-latest)	Run actions/checkout@v6	2026-06-04T23:54:15.4195387Z hint: 	git branch -m <name>
Test (bun on ubuntu-latest)	Run actions/checkout@v6	2026-06-04T23:54:15.4196468Z hint:
Test (bun on ubuntu-latest)	Run actions/checkout@v6	2026-06-04T23:54:15.4197750Z hint: Disable this message with "git config set advice.defaultBranchName false"
Test (bun on ubuntu-latest)	Run actions/checkout@v6	2026-06-04T23:54:15.4200510Z Initialized empty Git repository in /home/runner/work/meta-expression/meta-expression/.git/
Test (bun on ubuntu-latest)	Run actions/checkout@v6	2026-06-04T23:54:15.4204380Z [command]/usr/bin/git remote add origin https://github.com/link-assistant/meta-expression
Test (bun on ubuntu-latest)	Run actions/checkout@v6	2026-06-04T23:54:15.4244183Z ##[endgroup]
Test (bun on ubuntu-latest)	Run actions/checkout@v6	2026-06-04T23:54:15.4245764Z ##[group]Disabling automatic garbage collection
Test (bun on ubuntu-latest)	Run actions/checkout@v6	2026-06-04T23:54:15.4247661Z [command]/usr/bin/git config --local gc.auto 0
Test (bun on ubuntu-latest)	Run actions/checkout@v6	2026-06-04T23:54:15.4277013Z ##[endgroup]
Test (bun on ubuntu-latest)	Run actions/checkout@v6	2026-06-04T23:54:15.4278930Z ##[group]Setting up auth
Test (bun on ubuntu-latest)	Run actions/checkout@v6	2026-06-04T23:54:15.4280089Z Removing SSH command configuration
Test (bun on ubuntu-latest)	Run actions/checkout@v6	2026-06-04T23:54:15.4283492Z [command]/usr/bin/git config --local --name-only --get-regexp core\.sshCommand
Test (bun on ubuntu-latest)	Run actions/checkout@v6	2026-06-04T23:54:15.4317836Z [command]/usr/bin/git submodule foreach --recursive sh -c "git config --local --name-only --get-regexp 'core\.sshCommand' && git config --local --unset-all 'core.sshCommand' || :"
Test (bun on ubuntu-latest)	Run actions/checkout@v6	2026-06-04T23:54:15.4690822Z Removing HTTP extra header
Test (bun on ubuntu-latest)	Run actions/checkout@v6	2026-06-04T23:54:15.4697154Z [command]/usr/bin/git config --local --name-only --get-regexp http\.https\:\/\/github\.com\/\.extraheader
Test (bun on ubuntu-latest)	Run actions/checkout@v6	2026-06-04T23:54:15.4729141Z [command]/usr/bin/git submodule foreach --recursive sh -c "git config --local --name-only --get-regexp 'http\.https\:\/\/github\.com\/\.extraheader' && git config --local --unset-all 'http.https://github.com/.extraheader' || :"
Test (bun on ubuntu-latest)	Run actions/checkout@v6	2026-06-04T23:54:15.4942872Z Removing includeIf entries pointing to credentials config files
Test (bun on ubuntu-latest)	Run actions/checkout@v6	2026-06-04T23:54:15.4948379Z [command]/usr/bin/git config --local --name-only --get-regexp ^includeIf\.gitdir:
Test (bun on ubuntu-latest)	Run actions/checkout@v6	2026-06-04T23:54:15.4980007Z [command]/usr/bin/git submodule foreach --recursive git config --local --show-origin --name-only --get-regexp remote.origin.url
Test (bun on ubuntu-latest)	Run actions/checkout@v6	2026-06-04T23:54:15.5199080Z [command]/usr/bin/git config --file /home/runner/work/_temp/git-credentials-40f515ef-acaf-4f9d-92c2-64b86f9fd897.config http.https://github.com/.extraheader AUTHORIZATION: basic ***
Test (bun on ubuntu-latest)	Run actions/checkout@v6	2026-06-04T23:54:15.5237852Z [command]/usr/bin/git config --local includeIf.gitdir:/home/runner/work/meta-expression/meta-expression/.git.path /home/runner/work/_temp/git-credentials-40f515ef-acaf-4f9d-92c2-64b86f9fd897.config
Test (bun on ubuntu-latest)	Run actions/checkout@v6	2026-06-04T23:54:15.5268375Z [command]/usr/bin/git config --local includeIf.gitdir:/home/runner/work/meta-expression/meta-expression/.git/worktrees/*.path /home/runner/work/_temp/git-credentials-40f515ef-acaf-4f9d-92c2-64b86f9fd897.config
Test (bun on ubuntu-latest)	Run actions/checkout@v6	2026-06-04T23:54:15.5302277Z [command]/usr/bin/git config --local includeIf.gitdir:/github/workspace/.git.path /github/runner_temp/git-credentials-40f515ef-acaf-4f9d-92c2-64b86f9fd897.config
Test (bun on ubuntu-latest)	Run actions/checkout@v6	2026-06-04T23:54:15.5334922Z [command]/usr/bin/git config --local includeIf.gitdir:/github/workspace/.git/worktrees/*.path /github/runner_temp/git-credentials-40f515ef-acaf-4f9d-92c2-64b86f9fd897.config
Test (bun on ubuntu-latest)	Run actions/checkout@v6	2026-06-04T23:54:15.5362025Z ##[endgroup]
Test (bun on ubuntu-latest)	Run actions/checkout@v6	2026-06-04T23:54:15.5363518Z ##[group]Fetching the repository
Test (bun on ubuntu-latest)	Run actions/checkout@v6	2026-06-04T23:54:15.5371635Z [command]/usr/bin/git -c protocol.version=2 fetch --no-tags --prune --no-recurse-submodules origin +refs/heads/*:refs/remotes/origin/* +refs/tags/*:refs/tags/* +f1299f69298c3bb09b1139345ddfdc9c9f50230e:refs/remotes/pull/134/merge
Test (bun on ubuntu-latest)	Run actions/checkout@v6	2026-06-04T23:54:16.5434851Z From https://github.com/link-assistant/meta-expression
Test (bun on ubuntu-latest)	Run actions/checkout@v6	2026-06-04T23:54:16.5437581Z  * [new branch]      issue-1-66f2990709b5                     -> origin/issue-1-66f2990709b5
Test (bun on ubuntu-latest)	Run actions/checkout@v6	2026-06-04T23:54:16.5440427Z  * [new branch]      issue-108-9ec72bf0c00d                   -> origin/issue-108-9ec72bf0c00d
Test (bun on ubuntu-latest)	Run actions/checkout@v6	2026-06-04T23:54:16.5442580Z  * [new branch]      issue-109-59194c3f9440                   -> origin/issue-109-59194c3f9440
Test (bun on ubuntu-latest)	Run actions/checkout@v6	2026-06-04T23:54:16.5444667Z  * [new branch]      issue-11-9475e456ab10                    -> origin/issue-11-9475e456ab10
Test (bun on ubuntu-latest)	Run actions/checkout@v6	2026-06-04T23:54:16.5446707Z  * [new branch]      issue-110-9276996a2025                   -> origin/issue-110-9276996a2025
Test (bun on ubuntu-latest)	Run actions/checkout@v6	2026-06-04T23:54:16.5449002Z  * [new branch]      issue-111-bbd90b48d3d4                   -> origin/issue-111-bbd90b48d3d4
Test (bun on ubuntu-latest)	Run actions/checkout@v6	2026-06-04T23:54:16.5451127Z  * [new branch]      issue-112-c3cd1e55fea7                   -> origin/issue-112-c3cd1e55fea7
Test (bun on ubuntu-latest)	Run actions/checkout@v6	2026-06-04T23:54:16.5453263Z  * [new branch]      issue-113-ca491d8b7b96                   -> origin/issue-113-ca491d8b7b96
Test (bun on ubuntu-latest)	Run actions/checkout@v6	2026-06-04T23:54:16.5455399Z  * [new branch]      issue-114-d0e88e43d42d                   -> origin/issue-114-d0e88e43d42d
Test (bun on ubuntu-latest)	Run actions/checkout@v6	2026-06-04T23:54:16.5457525Z  * [new branch]      issue-115-96ea7e0ff041                   -> origin/issue-115-96ea7e0ff041
Test (bun on ubuntu-latest)	Run actions/checkout@v6	2026-06-04T23:54:16.5459938Z  * [new branch]      issue-116-a642ebf04bb5                   -> origin/issue-116-a642ebf04bb5
Test (bun on ubuntu-latest)	Run actions/checkout@v6	2026-06-04T23:54:16.5462095Z  * [new branch]      issue-126-e1ac50244d41                   -> origin/issue-126-e1ac50244d41
Test (bun on ubuntu-latest)	Run actions/checkout@v6	2026-06-04T23:54:16.5464204Z  * [new branch]      issue-128-41095a0f356d                   -> origin/issue-128-41095a0f356d
Test (bun on ubuntu-latest)	Run actions/checkout@v6	2026-06-04T23:54:16.5466346Z  * [new branch]      issue-128-fed1f7a14626                   -> origin/issue-128-fed1f7a14626
Test (bun on ubuntu-latest)	Run actions/checkout@v6	2026-06-04T23:54:16.5468441Z  * [new branch]      issue-13-0a4fc458320f                    -> origin/issue-13-0a4fc458320f
Test (bun on ubuntu-latest)	Run actions/checkout@v6	2026-06-04T23:54:16.5470802Z  * [new branch]      issue-131-84c06d630fcf                   -> origin/issue-131-84c06d630fcf
Test (bun on ubuntu-latest)	Run actions/checkout@v6	2026-06-04T23:54:16.5472908Z  * [new branch]      issue-133-a2575051275f                   -> origin/issue-133-a2575051275f
Test (bun on ubuntu-latest)	Run actions/checkout@v6	2026-06-04T23:54:16.5475348Z  * [new branch]      issue-15-01d48bf15beb                    -> origin/issue-15-01d48bf15beb
Test (bun on ubuntu-latest)	Run actions/checkout@v6	2026-06-04T23:54:16.5477420Z  * [new branch]      issue-16-a4cb3c8415b5                    -> origin/issue-16-a4cb3c8415b5
Test (bun on ubuntu-latest)	Run actions/checkout@v6	2026-06-04T23:54:16.5479886Z  * [new branch]      issue-17-e37119ec7e2e                    -> origin/issue-17-e37119ec7e2e
Test (bun on ubuntu-latest)	Run actions/checkout@v6	2026-06-04T23:54:16.5481943Z  * [new branch]      issue-18-f441191a8b86                    -> origin/issue-18-f441191a8b86
Test (bun on ubuntu-latest)	Run actions/checkout@v6	2026-06-04T23:54:16.5484017Z  * [new branch]      issue-20-5e25c435fda3                    -> origin/issue-20-5e25c435fda3
Test (bun on ubuntu-latest)	Run actions/checkout@v6	2026-06-04T23:54:16.5486047Z  * [new branch]      issue-21-12a11b28b6e5                    -> origin/issue-21-12a11b28b6e5
Test (bun on ubuntu-latest)	Run actions/checkout@v6	2026-06-04T23:54:16.5488105Z  * [new branch]      issue-23-0aed78e996ae                    -> origin/issue-23-0aed78e996ae
Test (bun on ubuntu-latest)	Run actions/checkout@v6	2026-06-04T23:54:16.5490471Z  * [new branch]      issue-26-2cbee1cb1be5                    -> origin/issue-26-2cbee1cb1be5
Test (bun on ubuntu-latest)	Run actions/checkout@v6	2026-06-04T23:54:16.5492565Z  * [new branch]      issue-27-77fbe1d5f177                    -> origin/issue-27-77fbe1d5f177
Test (bun on ubuntu-latest)	Run actions/checkout@v6	2026-06-04T23:54:16.5494584Z  * [new branch]      issue-29-e5195b346fed                    -> origin/issue-29-e5195b346fed
Test (bun on ubuntu-latest)	Run actions/checkout@v6	2026-06-04T23:54:16.5496616Z  * [new branch]      issue-3-130348eb2e36                     -> origin/issue-3-130348eb2e36
Test (bun on ubuntu-latest)	Run actions/checkout@v6	2026-06-04T23:54:16.5499149Z  * [new branch]      issue-35-c9dc0853f1a0                    -> origin/issue-35-c9dc0853f1a0
Test (bun on ubuntu-latest)	Run actions/checkout@v6	2026-06-04T23:54:16.5501228Z  * [new branch]      issue-37-8620cc7da08c                    -> origin/issue-37-8620cc7da08c
Test (bun on ubuntu-latest)	Run actions/checkout@v6	2026-06-04T23:54:16.5503249Z  * [new branch]      issue-39-6eee7e3da635                    -> origin/issue-39-6eee7e3da635
Test (bun on ubuntu-latest)	Run actions/checkout@v6	2026-06-04T23:54:16.5505279Z  * [new branch]      issue-41-89dc6245cc78                    -> origin/issue-41-89dc6245cc78
Test (bun on ubuntu-latest)	Run actions/checkout@v6	2026-06-04T23:54:16.5507321Z  * [new branch]      issue-43-5b7a25fd4491                    -> origin/issue-43-5b7a25fd4491
Test (bun on ubuntu-latest)	Run actions/checkout@v6	2026-06-04T23:54:16.5509597Z  * [new branch]      issue-48-3cc022473812                    -> origin/issue-48-3cc022473812
Test (bun on ubuntu-latest)	Run actions/checkout@v6	2026-06-04T23:54:16.5511643Z  * [new branch]      issue-5-2c7b23a3dfee                     -> origin/issue-5-2c7b23a3dfee
Test (bun on ubuntu-latest)	Run actions/checkout@v6	2026-06-04T23:54:16.5513657Z  * [new branch]      issue-50-125a6780a77b                    -> origin/issue-50-125a6780a77b
Test (bun on ubuntu-latest)	Run actions/checkout@v6	2026-06-04T23:54:16.5515725Z  * [new branch]      issue-52-14d124fa6a47                    -> origin/issue-52-14d124fa6a47
Test (bun on ubuntu-latest)	Run actions/checkout@v6	2026-06-04T23:54:16.5517759Z  * [new branch]      issue-54-d4e0c163ea88                    -> origin/issue-54-d4e0c163ea88
Test (bun on ubuntu-latest)	Run actions/checkout@v6	2026-06-04T23:54:16.5519997Z  * [new branch]      issue-56-7b4471a86c0c                    -> origin/issue-56-7b4471a86c0c
Test (bun on ubuntu-latest)	Run actions/checkout@v6	2026-06-04T23:54:16.5522026Z  * [new branch]      issue-58-4fd21cb80249                    -> origin/issue-58-4fd21cb80249
Test (bun on ubuntu-latest)	Run actions/checkout@v6	2026-06-04T23:54:16.5524059Z  * [new branch]      issue-60-b3b07b32a4f2                    -> origin/issue-60-b3b07b32a4f2
Test (bun on ubuntu-latest)	Run actions/checkout@v6	2026-06-04T23:54:16.5526095Z  * [new branch]      issue-61-f445f6ea7071                    -> origin/issue-61-f445f6ea7071
Test (bun on ubuntu-latest)	Run actions/checkout@v6	2026-06-04T23:54:16.5528148Z  * [new branch]      issue-62-29076fab68e4                    -> origin/issue-62-29076fab68e4
Test (bun on ubuntu-latest)	Run actions/checkout@v6	2026-06-04T23:54:16.5530431Z  * [new branch]      issue-63-3dec45ca24c4                    -> origin/issue-63-3dec45ca24c4
Test (bun on ubuntu-latest)	Run actions/checkout@v6	2026-06-04T23:54:16.5532505Z  * [new branch]      issue-64-e00c5810edcd                    -> origin/issue-64-e00c5810edcd
Test (bun on ubuntu-latest)	Run actions/checkout@v6	2026-06-04T23:54:16.5534530Z  * [new branch]      issue-65-4c2d1e1c1926                    -> origin/issue-65-4c2d1e1c1926
Test (bun on ubuntu-latest)	Run actions/checkout@v6	2026-06-04T23:54:16.5536545Z  * [new branch]      issue-66-efa2706d57bf                    -> origin/issue-66-efa2706d57bf
Test (bun on ubuntu-latest)	Run actions/checkout@v6	2026-06-04T23:54:16.5538572Z  * [new branch]      issue-67-cbc1c5ac4ed2                    -> origin/issue-67-cbc1c5ac4ed2
Test (bun on ubuntu-latest)	Run actions/checkout@v6	2026-06-04T23:54:16.5540838Z  * [new branch]      issue-68-08241e2554cb                    -> origin/issue-68-08241e2554cb
Test (bun on ubuntu-latest)	Run actions/checkout@v6	2026-06-04T23:54:16.5542844Z  * [new branch]      issue-69-420bc440686f                    -> origin/issue-69-420bc440686f
Test (bun on ubuntu-latest)	Run actions/checkout@v6	2026-06-04T23:54:16.5545041Z  * [new branch]      issue-7-c2cf5051240a                     -> origin/issue-7-c2cf5051240a
Test (bun on ubuntu-latest)	Run actions/checkout@v6	2026-06-04T23:54:16.5547048Z  * [new branch]      issue-70-2f41021b3b88                    -> origin/issue-70-2f41021b3b88
Test (bun on ubuntu-latest)	Run actions/checkout@v6	2026-06-04T23:54:16.5549266Z  * [new branch]      issue-71-213699cb7a07                    -> origin/issue-71-213699cb7a07
Test (bun on ubuntu-latest)	Run actions/checkout@v6	2026-06-04T23:54:16.5551330Z  * [new branch]      issue-72-f280d3968ee3                    -> origin/issue-72-f280d3968ee3
Test (bun on ubuntu-latest)	Run actions/checkout@v6	2026-06-04T23:54:16.5553361Z  * [new branch]      issue-73-a48e9ea13ed4                    -> origin/issue-73-a48e9ea13ed4
Test (bun on ubuntu-latest)	Run actions/checkout@v6	2026-06-04T23:54:16.5555393Z  * [new branch]      issue-74-3fccc9cfd1e9                    -> origin/issue-74-3fccc9cfd1e9
Test (bun on ubuntu-latest)	Run actions/checkout@v6	2026-06-04T23:54:16.5557397Z  * [new branch]      issue-87-7cc151ec3bc6                    -> origin/issue-87-7cc151ec3bc6
Test (bun on ubuntu-latest)	Run actions/checkout@v6	2026-06-04T23:54:16.5559706Z  * [new branch]      issue-88-7fdca54b4623                    -> origin/issue-88-7fdca54b4623
Test (bun on ubuntu-latest)	Run actions/checkout@v6	2026-06-04T23:54:16.5561808Z  * [new branch]      issue-89-4d53f5773d5a                    -> origin/issue-89-4d53f5773d5a
Test (bun on ubuntu-latest)	Run actions/checkout@v6	2026-06-04T23:54:16.5565323Z  * [new branch]      issue-9-24bcebd55a5d                     -> origin/issue-9-24bcebd55a5d
Test (bun on ubuntu-latest)	Run actions/checkout@v6	2026-06-04T23:54:16.5567555Z  * [new branch]      issue-90-cabb5d305b6f                    -> origin/issue-90-cabb5d305b6f
Test (bun on ubuntu-latest)	Run actions/checkout@v6	2026-06-04T23:54:16.5570668Z  * [new branch]      issue-91-7228b4557dc6                    -> origin/issue-91-7228b4557dc6
Test (bun on ubuntu-latest)	Run actions/checkout@v6	2026-06-04T23:54:16.5574084Z  * [new branch]      issue-92-561ee90494aa                    -> origin/issue-92-561ee90494aa
Test (bun on ubuntu-latest)	Run actions/checkout@v6	2026-06-04T23:54:16.5577473Z  * [new branch]      issue-93-81850df7e6ef                    -> origin/issue-93-81850df7e6ef
Test (bun on ubuntu-latest)	Run actions/checkout@v6	2026-06-04T23:54:16.5580409Z  * [new branch]      issue-94-61bb8b947c61                    -> origin/issue-94-61bb8b947c61
Test (bun on ubuntu-latest)	Run actions/checkout@v6	2026-06-04T23:54:16.5583058Z  * [new branch]      issue-96-baaac01fda6b                    -> origin/issue-96-baaac01fda6b
Test (bun on ubuntu-latest)	Run actions/checkout@v6	2026-06-04T23:54:16.5586122Z  * [new branch]      main                                     -> origin/main
Test (bun on ubuntu-latest)	Run actions/checkout@v6	2026-06-04T23:54:16.5587671Z  * [new tag]         v0.10.0                                  -> v0.10.0
Test (bun on ubuntu-latest)	Run actions/checkout@v6	2026-06-04T23:54:16.5589439Z  * [new tag]         v0.11.0                                  -> v0.11.0
Test (bun on ubuntu-latest)	Run actions/checkout@v6	2026-06-04T23:54:16.5591103Z  * [new tag]         v0.12.0                                  -> v0.12.0
Test (bun on ubuntu-latest)	Run actions/checkout@v6	2026-06-04T23:54:16.5592540Z  * [new tag]         v0.12.1                                  -> v0.12.1
Test (bun on ubuntu-latest)	Run actions/checkout@v6	2026-06-04T23:54:16.5594090Z  * [new ref]         f1299f69298c3bb09b1139345ddfdc9c9f50230e -> pull/134/merge
Test (bun on ubuntu-latest)	Run actions/checkout@v6	2026-06-04T23:54:16.5597279Z ##[endgroup]
Test (bun on ubuntu-latest)	Run actions/checkout@v6	2026-06-04T23:54:16.5599775Z ##[group]Determining the checkout info
Test (bun on ubuntu-latest)	Run actions/checkout@v6	2026-06-04T23:54:16.5601507Z ##[endgroup]
Test (bun on ubuntu-latest)	Run actions/checkout@v6	2026-06-04T23:54:16.5602412Z [command]/usr/bin/git sparse-checkout disable
Test (bun on ubuntu-latest)	Run actions/checkout@v6	2026-06-04T23:54:16.5640594Z [command]/usr/bin/git config --local --unset-all extensions.worktreeConfig
Test (bun on ubuntu-latest)	Run actions/checkout@v6	2026-06-04T23:54:16.5669161Z ##[group]Checking out the ref
Test (bun on ubuntu-latest)	Run actions/checkout@v6	2026-06-04T23:54:16.5673351Z [command]/usr/bin/git checkout --progress --force refs/remotes/pull/134/merge
Test (bun on ubuntu-latest)	Run actions/checkout@v6	2026-06-04T23:54:16.7410917Z Note: switching to 'refs/remotes/pull/134/merge'.
Test (bun on ubuntu-latest)	Run actions/checkout@v6	2026-06-04T23:54:16.7411950Z
Test (bun on ubuntu-latest)	Run actions/checkout@v6	2026-06-04T23:54:16.7412660Z You are in 'detached HEAD' state. You can look around, make experimental
Test (bun on ubuntu-latest)	Run actions/checkout@v6	2026-06-04T23:54:16.7413925Z changes and commit them, and you can discard any commits you make in this
Test (bun on ubuntu-latest)	Run actions/checkout@v6	2026-06-04T23:54:16.7415218Z state without impacting any branches by switching back to a branch.
Test (bun on ubuntu-latest)	Run actions/checkout@v6	2026-06-04T23:54:16.7416054Z
Test (bun on ubuntu-latest)	Run actions/checkout@v6	2026-06-04T23:54:16.7417264Z If you want to create a new branch to retain commits you create, you may
Test (bun on ubuntu-latest)	Run actions/checkout@v6	2026-06-04T23:54:16.7418356Z do so (now or later) by using -c with the switch command. Example:
Test (bun on ubuntu-latest)	Run actions/checkout@v6	2026-06-04T23:54:16.7419164Z
Test (bun on ubuntu-latest)	Run actions/checkout@v6	2026-06-04T23:54:16.7419440Z   git switch -c <new-branch-name>
Test (bun on ubuntu-latest)	Run actions/checkout@v6	2026-06-04T23:54:16.7419857Z
Test (bun on ubuntu-latest)	Run actions/checkout@v6	2026-06-04T23:54:16.7420145Z Or undo this operation with:
Test (bun on ubuntu-latest)	Run actions/checkout@v6	2026-06-04T23:54:16.7504538Z
Test (bun on ubuntu-latest)	Run actions/checkout@v6	2026-06-04T23:54:16.7504867Z   git switch -
Test (bun on ubuntu-latest)	Run actions/checkout@v6	2026-06-04T23:54:16.7505219Z
Test (bun on ubuntu-latest)	Run actions/checkout@v6	2026-06-04T23:54:16.7505772Z Turn off this advice by setting config variable advice.detachedHead to false
Test (bun on ubuntu-latest)	Run actions/checkout@v6	2026-06-04T23:54:16.7507106Z
Test (bun on ubuntu-latest)	Run actions/checkout@v6	2026-06-04T23:54:16.7507855Z HEAD is now at f1299f6 Merge 324b6ef1cfe3646dcb4e53831d2f8455b0372c32 into 8e5c19a4aef79692784e1bfee76c829968feafb7
Test (bun on ubuntu-latest)	Run actions/checkout@v6	2026-06-04T23:54:16.7523511Z ##[endgroup]
Test (bun on ubuntu-latest)	Run actions/checkout@v6	2026-06-04T23:54:16.7524670Z [command]/usr/bin/git log -1 --format=%H
Test (bun on ubuntu-latest)	Run actions/checkout@v6	2026-06-04T23:54:16.7525126Z f1299f69298c3bb09b1139345ddfdc9c9f50230e
Test (bun on ubuntu-latest)	Simulate fresh merge with base branch (PR only)	﻿2026-06-04T23:54:16.7739936Z ##[group]Run bash scripts/simulate-fresh-merge.sh
Test (bun on ubuntu-latest)	Simulate fresh merge with base branch (PR only)	2026-06-04T23:54:16.7740570Z ^[[36;1mbash scripts/simulate-fresh-merge.sh^[[0m
Test (bun on ubuntu-latest)	Simulate fresh merge with base branch (PR only)	2026-06-04T23:54:16.7772839Z shell: /usr/bin/bash --noprofile --norc -e -o pipefail {0}
Test (bun on ubuntu-latest)	Simulate fresh merge with base branch (PR only)	2026-06-04T23:54:16.7773335Z env:
Test (bun on ubuntu-latest)	Simulate fresh merge with base branch (PR only)	2026-06-04T23:54:16.7773615Z   BASE_REF: main
Test (bun on ubuntu-latest)	Simulate fresh merge with base branch (PR only)	2026-06-04T23:54:16.7773918Z ##[endgroup]
Test (bun on ubuntu-latest)	Simulate fresh merge with base branch (PR only)	2026-06-04T23:54:16.7858100Z === Synchronizing PR with latest main ===
Test (bun on ubuntu-latest)	Simulate fresh merge with base branch (PR only)	2026-06-04T23:54:16.7859404Z This prevents stale merge preview issues (see docs/case-studies/issue-23)
Test (bun on ubuntu-latest)	Simulate fresh merge with base branch (PR only)	2026-06-04T23:54:16.7859992Z
Test (bun on ubuntu-latest)	Simulate fresh merge with base branch (PR only)	2026-06-04T23:54:16.7890384Z Fetching latest main...
Test (bun on ubuntu-latest)	Simulate fresh merge with base branch (PR only)	2026-06-04T23:54:17.0146417Z From https://github.com/link-assistant/meta-expression
Test (bun on ubuntu-latest)	Simulate fresh merge with base branch (PR only)	2026-06-04T23:54:17.0147093Z  * branch            main       -> FETCH_HEAD
Test (bun on ubuntu-latest)	Simulate fresh merge with base branch (PR only)	2026-06-04T23:54:17.0232557Z Current checkout (merge preview): f1299f69298c3bb09b1139345ddfdc9c9f50230e
Test (bun on ubuntu-latest)	Simulate fresh merge with base branch (PR only)	2026-06-04T23:54:17.0233838Z Latest base branch (main): 8e5c19a4aef79692784e1bfee76c829968feafb7
Test (bun on ubuntu-latest)	Simulate fresh merge with base branch (PR only)	2026-06-04T23:54:17.0234760Z
Test (bun on ubuntu-latest)	Simulate fresh merge with base branch (PR only)	2026-06-04T23:54:17.0253996Z Merge preview is up-to-date with main. No simulation needed.
Test (bun on ubuntu-latest)	Simulate fresh merge with base branch (PR only)	2026-06-04T23:54:17.0254671Z
Test (bun on ubuntu-latest)	Setup Bun	﻿2026-06-04T23:54:17.0355414Z ##[group]Run oven-sh/setup-bun@v2
Test (bun on ubuntu-latest)	Setup Bun	2026-06-04T23:54:17.0355852Z with:
Test (bun on ubuntu-latest)	Setup Bun	2026-06-04T23:54:17.0356169Z   bun-version: latest
Test (bun on ubuntu-latest)	Setup Bun	2026-06-04T23:54:17.0356508Z   no-cache: false
Test (bun on ubuntu-latest)	Setup Bun	2026-06-04T23:54:17.0359781Z   token: ***
Test (bun on ubuntu-latest)	Setup Bun	2026-06-04T23:54:17.0360106Z ##[endgroup]
Test (bun on ubuntu-latest)	Setup Bun	2026-06-04T23:54:17.5205490Z Downloading a new version of Bun: https://github.com/oven-sh/bun/releases/download/bun-v1.3.14/bun-linux-x64.zip
Test (bun on ubuntu-latest)	Setup Bun	2026-06-04T23:54:17.8294159Z [command]/usr/bin/unzip -o -q /home/runner/work/_temp/814cee0a-e207-4f45-a80f-9dbb809af3ab.zip
Test (bun on ubuntu-latest)	Setup Bun	2026-06-04T23:54:18.5056905Z [command]/home/runner/.bun/bin/bun --revision
Test (bun on ubuntu-latest)	Setup Bun	2026-06-04T23:54:18.5099997Z 1.3.14+0d9b296af
Test (bun on ubuntu-latest)	Install dependencies (Bun)	﻿2026-06-04T23:54:18.5233374Z ##[group]Run bun install
Test (bun on ubuntu-latest)	Install dependencies (Bun)	2026-06-04T23:54:18.5233706Z ^[[36;1mbun install^[[0m
Test (bun on ubuntu-latest)	Install dependencies (Bun)	2026-06-04T23:54:18.5263940Z shell: /usr/bin/bash -e {0}
Test (bun on ubuntu-latest)	Install dependencies (Bun)	2026-06-04T23:54:18.5264259Z ##[endgroup]
Test (bun on ubuntu-latest)	Install dependencies (Bun)	2026-06-04T23:54:18.5332625Z bun install v1.3.14 (0d9b296a)
Test (bun on ubuntu-latest)	Install dependencies (Bun)	2026-06-04T23:54:18.5370858Z [3.67ms] migrated lockfile from package-lock.json
Test (bun on ubuntu-latest)	Install dependencies (Bun)	2026-06-04T23:54:19.0099835Z Saved lockfile
Test (bun on ubuntu-latest)	Install dependencies (Bun)	2026-06-04T23:54:19.0100420Z
Test (bun on ubuntu-latest)	Install dependencies (Bun)	2026-06-04T23:54:19.0103823Z $ husky || true
Test (bun on ubuntu-latest)	Install dependencies (Bun)	2026-06-04T23:54:19.2383441Z
Test (bun on ubuntu-latest)	Install dependencies (Bun)	2026-06-04T23:54:19.2384056Z + doublets-web@0.1.3
Test (bun on ubuntu-latest)	Install dependencies (Bun)	2026-06-04T23:54:19.2384641Z + links-notation@0.13.0
Test (bun on ubuntu-latest)	Install dependencies (Bun)	2026-06-04T23:54:19.2385152Z + lino-arguments@0.3.0
Test (bun on ubuntu-latest)	Install dependencies (Bun)	2026-06-04T23:54:19.2385642Z + @changesets/cli@2.29.8
Test (bun on ubuntu-latest)	Install dependencies (Bun)	2026-06-04T23:54:19.2386120Z + eslint@9.39.2
Test (bun on ubuntu-latest)	Install dependencies (Bun)	2026-06-04T23:54:19.2386581Z + eslint-config-prettier@10.1.8
Test (bun on ubuntu-latest)	Install dependencies (Bun)	2026-06-04T23:54:19.2387160Z + eslint-plugin-prettier@5.5.4
Test (bun on ubuntu-latest)	Install dependencies (Bun)	2026-06-04T23:54:19.2387664Z + husky@9.1.7
Test (bun on ubuntu-latest)	Install dependencies (Bun)	2026-06-04T23:54:19.2387938Z + jscpd@4.0.5
Test (bun on ubuntu-latest)	Install dependencies (Bun)	2026-06-04T23:54:19.2388208Z + lint-staged@16.2.7
Test (bun on ubuntu-latest)	Install dependencies (Bun)	2026-06-04T23:54:19.2388508Z + playwright@1.60.0
Test (bun on ubuntu-latest)	Install dependencies (Bun)	2026-06-04T23:54:19.2389226Z + prettier@3.7.4
Test (bun on ubuntu-latest)	Install dependencies (Bun)	2026-06-04T23:54:19.2389518Z + test-anywhere@0.8.48
Test (bun on ubuntu-latest)	Install dependencies (Bun)	2026-06-04T23:54:19.2389828Z + wasm-pack@0.15.0
Test (bun on ubuntu-latest)	Install dependencies (Bun)	2026-06-04T23:54:19.2390018Z
Test (bun on ubuntu-latest)	Install dependencies (Bun)	2026-06-04T23:54:19.2390183Z 350 packages installed [706.00ms]
Test (bun on ubuntu-latest)	Install dependencies (Bun)	2026-06-04T23:54:19.2409719Z
Test (bun on ubuntu-latest)	Install dependencies (Bun)	2026-06-04T23:54:19.2427980Z Blocked 1 postinstall. Run `bun pm untrusted` for details.
Test (bun on ubuntu-latest)	Run no-regression acceptance gate (Bun)	﻿2026-06-04T23:54:19.2502077Z ##[group]Run bun test --timeout 30000 js/tests/integration/issue-74-acceptance-gate.test.js js/tests/integration/issue-26-comparable-fixtures.test.js js/tests/integration/issue-114-competitor-quality-gates.test.js js/tests/integration/issue-54-formal-ai-corpus.test.js js/tests/integration/issue-72-parity.test.js
Test (bun on ubuntu-latest)	Run no-regression acceptance gate (Bun)	2026-06-04T23:54:19.2506179Z ^[[36;1mbun test --timeout 30000 js/tests/integration/issue-74-acceptance-gate.test.js js/tests/integration/issue-26-comparable-fixtures.test.js js/tests/integration/issue-114-competitor-quality-gates.test.js js/tests/integration/issue-54-formal-ai-corpus.test.js js/tests/integration/issue-72-parity.test.js^[[0m
Test (bun on ubuntu-latest)	Run no-regression acceptance gate (Bun)	2026-06-04T23:54:19.2540204Z shell: /usr/bin/bash -e {0}
Test (bun on ubuntu-latest)	Run no-regression acceptance gate (Bun)	2026-06-04T23:54:19.2540497Z ##[endgroup]
Test (bun on ubuntu-latest)	Run no-regression acceptance gate (Bun)	2026-06-04T23:54:19.2600504Z bun test v1.3.14 (0d9b296a)
Test (bun on ubuntu-latest)	Run no-regression acceptance gate (Bun)	2026-06-04T23:54:19.2696123Z
Test (bun on ubuntu-latest)	Run no-regression acceptance gate (Bun)	2026-06-04T23:54:19.2696988Z ##[group]js/tests/integration/issue-26-comparable-fixtures.test.js:
Test (bun on ubuntu-latest)	Run no-regression acceptance gate (Bun)	2026-06-04T23:54:19.3137341Z (pass) issue 26 — A. arithmetic kernel (deterministic) > reports correctness=1 and signedConfidence=+1 for "1 + 1 = 2" (matches Wolfram Alpha / Z3 sat / Lean rfl) [3.49ms]
Test (bun on ubuntu-latest)	Run no-regression acceptance gate (Bun)	2026-06-04T23:54:19.3144538Z (pass) issue 26 — A. arithmetic kernel (deterministic) > reports correctness=1 and signedConfidence=+1 for "2 + 2 = 4" (matches Wolfram Alpha / Z3 sat / Lean rfl) [0.70ms]
Test (bun on ubuntu-latest)	Run no-regression acceptance gate (Bun)	2026-06-04T23:54:19.3147404Z (pass) issue 26 — A. arithmetic kernel (deterministic) > reports correctness=1 and signedConfidence=+1 for "2 * 3 = 6" (matches Wolfram Alpha / Z3 sat / Lean rfl) [0.39ms]
Test (bun on ubuntu-latest)	Run no-regression acceptance gate (Bun)	2026-06-04T23:54:19.3170598Z (pass) issue 26 — A. arithmetic kernel (deterministic) > reports correctness=1 and signedConfidence=+1 for "10 - 4 = 6" (matches Wolfram Alpha / Z3 sat / Lean rfl) [0.25ms]
Test (bun on ubuntu-latest)	Run no-regression acceptance gate (Bun)	2026-06-04T23:54:19.3180196Z (pass) issue 26 — A. arithmetic kernel (deterministic) > reports correctness=0 and signedConfidence=-1 for "1 + 1 = 1" (matches Wolfram Alpha False / Z3 unsat) [0.37ms]
Test (bun on ubuntu-latest)	Run no-regression acceptance gate (Bun)	2026-06-04T23:54:19.3181769Z (pass) issue 26 — A. arithmetic kernel (deterministic) > reports correctness=0 and signedConfidence=-1 for "2 + 2 = 5" (matches Wolfram Alpha False / Z3 unsat) [0.26ms]
Test (bun on ubuntu-latest)	Run no-regression acceptance gate (Bun)	2026-06-04T23:54:19.3182962Z (pass) issue 26 — A. arithmetic kernel (deterministic) > reports correctness=0 and signedConfidence=-1 for "2 * 3 = 7" (matches Wolfram Alpha False / Z3 unsat) [0.28ms]
Test (bun on ubuntu-latest)	Run no-regression acceptance gate (Bun)	2026-06-04T23:54:19.3184164Z (pass) issue 26 — A. arithmetic kernel (deterministic) > reports correctness=0 and signedConfidence=-1 for "10 - 4 = 5" (matches Wolfram Alpha False / Z3 unsat) [0.23ms]
Test (bun on ubuntu-latest)	Run no-regression acceptance gate (Bun)	2026-06-04T23:54:19.3185302Z (pass) issue 26 — A. arithmetic kernel (deterministic) > returns the question-shaped value for "1 + 1" (Wolfram Alpha "Result" pod = 2) [0.67ms]
Test (bun on ubuntu-latest)	Run no-regression acceptance gate (Bun)	2026-06-04T23:54:19.3186354Z (pass) issue 26 — A. arithmetic kernel (deterministic) > returns the question-shaped value for "1 - 1" (Wolfram Alpha "Result" pod = 0) [0.36ms]
Test (bun on ubuntu-latest)	Run no-regression acceptance gate (Bun)	2026-06-04T23:54:19.3226402Z (pass) issue 26 — B. Wikidata-structured public facts > keeps "Earth orbits the Sun" within the (0.5, 1) support band (Wikidata Q2 P398 Q525) [5.43ms]
Test (bun on ubuntu-latest)	Run no-regression acceptance gate (Bun)	2026-06-04T23:54:19.3232729Z (pass) issue 26 — B. Wikidata-structured public facts > keeps real-world confidence bounded below 1 to leave room for refutation [0.66ms]
Test (bun on ubuntu-latest)	Run no-regression acceptance gate (Bun)	2026-06-04T23:54:19.3242979Z (pass) issue 26 — B. Wikidata-structured public facts > still resolves "Moon orbits the Sun" as supported via the parent-body chain Moon → Earth → Sun [1.02ms]
Test (bun on ubuntu-latest)	Run no-regression acceptance gate (Bun)	2026-06-04T23:54:19.3249271Z (pass) issue 26 — B. Wikidata-structured public facts > resolves "Moon orbits Earth" as supported by Wikidata Q405 P397 Q2 [0.64ms]
Test (bun on ubuntu-latest)	Run no-regression acceptance gate (Bun)	2026-06-04T23:54:19.3262673Z (pass) issue 26 — B. Wikidata-structured public facts > resolves "Paris is the capital of France" as supported by Wikidata Q142 P36 Q90 [1.27ms]
Test (bun on ubuntu-latest)	Run no-regression acceptance gate (Bun)	2026-06-04T23:54:19.3270059Z (pass) issue 26 — B. Wikidata-structured public facts > resolves "Berlin is the capital of Germany" as supported by Wikidata Q183 P36 Q64 [0.74ms]
Test (bun on ubuntu-latest)	Run no-regression acceptance gate (Bun)	2026-06-04T23:54:19.3279256Z (pass) issue 26 — B. Wikidata-structured public facts > refutes "Berlin is the capital of France" from the France capital fixture [0.88ms]
Test (bun on ubuntu-latest)	Run no-regression acceptance gate (Bun)	2026-06-04T23:54:19.3287572Z (pass) issue 26 — B. Wikidata-structured public facts > refuses to claim binary certainty for negated facts (e.g. "Earth does not orbit the Sun") [0.83ms]
Test (bun on ubuntu-latest)	Run no-regression acceptance gate (Bun)	2026-06-04T23:54:19.3296937Z (pass) issue 26 — C. Wikidata P570 liveness templates > keeps "Elon Musk is alive" within the (0.5, 1) support band (Wikidata Q317521 has no P570) [0.93ms]
Test (bun on ubuntu-latest)	Run no-regression acceptance gate (Bun)	2026-06-04T23:54:19.3304634Z (pass) issue 26 — C. Wikidata P570 liveness templates > keeps bounded confidence (<1) for the liveness fixture so refutation remains representable [0.77ms]
Test (bun on ubuntu-latest)	Run no-regression acceptance gate (Bun)	2026-06-04T23:54:19.3312091Z (pass) issue 26 — C. Wikidata P570 liveness templates > handles the negated liveness fixture without crashing or claiming binary certainty [0.75ms]
Test (bun on ubuntu-latest)	Run no-regression acceptance gate (Bun)	2026-06-04T23:54:19.3318979Z (pass) issue 26 — C. Wikidata P570 liveness templates > resolves "Ada Lovelace is dead" from the recorded P570 value [0.67ms]
Test (bun on ubuntu-latest)	Run no-regression acceptance gate (Bun)	2026-06-04T23:54:19.3326964Z (pass) issue 26 — C. Wikidata P570 liveness templates > refutes "Ada Lovelace is alive" from the recorded P570 value [0.80ms]
Test (bun on ubuntu-latest)	Run no-regression acceptance gate (Bun)	2026-06-04T23:54:19.3329719Z (pass) issue 26 — D. self-reference / Liar paradox > returns neutral metrics for "this statement is false" (Tarski/Kripke undetermined) [0.29ms]
Test (bun on ubuntu-latest)	Run no-regression acceptance gate (Bun)	2026-06-04T23:54:19.3336078Z (pass) issue 26 — D. self-reference / Liar paradox > never assigns a binary verdict to a self-referential claim [0.28ms]
Test (bun on ubuntu-latest)	Run no-regression acceptance gate (Bun)	2026-06-04T23:54:19.3337596Z (pass) issue 26 — D. self-reference / Liar paradox > returns neutral metrics for the positive Liar variant "this statement is true" [0.23ms]
Test (bun on ubuntu-latest)	Run no-regression acceptance gate (Bun)	2026-06-04T23:54:19.3342950Z (pass) issue 26 — D. self-reference / Liar paradox > records Russell-style set self-reference as unknown instead of inventing a binary verdict [0.74ms]
Test (bun on ubuntu-latest)	Run no-regression acceptance gate (Bun)	2026-06-04T23:54:19.3344518Z (skip) issue 26 — E. NL → logic / triple extraction (roadmap Phase 8) > extracts (Barack Obama; was born in; Hawaii) triple — Stanford OpenIE canonical
Test (bun on ubuntu-latest)	Run no-regression acceptance gate (Bun)	2026-06-04T23:54:19.3345841Z (skip) issue 26 — E. NL → logic / triple extraction (roadmap Phase 8) > extracts SRL roles for "Mary gave John a book" — AllenNLP canonical
Test (bun on ubuntu-latest)	Run no-regression acceptance gate (Bun)	2026-06-04T23:54:19.3346874Z (skip) issue 26 — E. NL → logic / triple extraction (roadmap Phase 8) > exposes scope-ambiguous FOL for "Every man loves a woman" — Boxer/Montague
Test (bun on ubuntu-latest)	Run no-regression acceptance gate (Bun)	2026-06-04T23:54:19.3347852Z (skip) issue 26 — E. NL → logic / triple extraction (roadmap Phase 8) > emits AMR-style CST for "The boy wants to go" — AMR canonical
Test (bun on ubuntu-latest)	Run no-regression acceptance gate (Bun)	2026-06-04T23:54:19.3349213Z (skip) issue 26 — F. disputed-truth corpora (band-only, Phase 10) > keeps `0 < correctness < 1` for ClaimReview "5G causes coronavirus" — Google Fact Check
Test (bun on ubuntu-latest)	Run no-regression acceptance gate (Bun)	2026-06-04T23:54:19.3350262Z (skip) issue 26 — F. disputed-truth corpora (band-only, Phase 10) > keeps `0 < correctness < 1` for Snopes "Einstein failed math in school"
Test (bun on ubuntu-latest)	Run no-regression acceptance gate (Bun)	2026-06-04T23:54:19.3351241Z (skip) issue 26 — F. disputed-truth corpora (band-only, Phase 10) > keeps `0 < correctness < 1` for Politifact "Barack Obama was born in Kenya"
Test (bun on ubuntu-latest)	Run no-regression acceptance gate (Bun)	2026-06-04T23:54:19.3352234Z (skip) issue 26 — F. disputed-truth corpora (band-only, Phase 10) > keeps `0 < correctness < 1` for Politifact "Crime is at an all-time high"
Test (bun on ubuntu-latest)	Run no-regression acceptance gate (Bun)	2026-06-04T23:54:19.3353129Z (skip) issue 26 — G. uniqueness / paraphrase > detects paraphrase similarity for SBERT STS-B canonical pair
Test (bun on ubuntu-latest)	Run no-regression acceptance gate (Bun)	2026-06-04T23:54:19.3388564Z (pass) issue 26 — G. uniqueness / paraphrase > returns at least one source match for the iThenticate-style published text sample [4.56ms]
Test (bun on ubuntu-latest)	Run no-regression acceptance gate (Bun)	2026-06-04T23:54:19.3392420Z (pass) issue 26 — H. knowledge representation round-trip > persists the LinksPlatform Doublets single-link self-loop fixture [0.39ms]
Test (bun on ubuntu-latest)	Run no-regression acceptance gate (Bun)	2026-06-04T23:54:19.3394131Z (skip) issue 26 — H. knowledge representation round-trip > round-trips ClaimReview JSON-LD for "Earth orbits the Sun" — Phase 10 evidence interchange
Test (bun on ubuntu-latest)	Run no-regression acceptance gate (Bun)	2026-06-04T23:54:19.3395519Z (pass) issue 26 — documentation sanity > publishes the concept comparison doc with the documented legend symbols [0.18ms]
Test (bun on ubuntu-latest)	Run no-regression acceptance gate (Bun)	2026-06-04T23:54:19.3397078Z (pass) issue 26 — documentation sanity > publishes the feature comparison matrix with the four legend symbols [0.17ms]
Test (bun on ubuntu-latest)	Run no-regression acceptance gate (Bun)	2026-06-04T23:54:19.3397943Z (pass) issue 26 — documentation sanity > publishes the case-study README and test-case catalogue [0.12ms]
Test (bun on ubuntu-latest)	Run no-regression acceptance gate (Bun)	2026-06-04T23:54:19.3398943Z
Test (bun on ubuntu-latest)	Run no-regression acceptance gate (Bun)	2026-06-04T23:54:19.3399437Z ##[endgroup]
Test (bun on ubuntu-latest)	Run no-regression acceptance gate (Bun)	2026-06-04T23:54:19.3399558Z
Test (bun on ubuntu-latest)	Run no-regression acceptance gate (Bun)	2026-06-04T23:54:19.3399873Z ##[group]js/tests/integration/issue-72-parity.test.js:
Test (bun on ubuntu-latest)	Run no-regression acceptance gate (Bun)	2026-06-04T23:54:19.3432926Z (pass) issue 72 - formal-ai upstream corpus parity gate > pins the current upstream release instead of the stale 706-case release [0.08ms]
Test (bun on ubuntu-latest)	Run no-regression acceptance gate (Bun)	2026-06-04T23:54:19.3443687Z (pass) issue 72 - formal-ai upstream corpus parity gate > assigns every upstream test case either a local assertion or an explicit skip reason [1.01ms]
Test (bun on ubuntu-latest)	Run no-regression acceptance gate (Bun)	2026-06-04T23:54:19.4139142Z (pass) issue 72 - formal-ai upstream corpus parity gate > executes the currently shipped Formal AI translation parity assertions [69.38ms]
Test (bun on ubuntu-latest)	Run no-regression acceptance gate (Bun)	2026-06-04T23:54:19.4140210Z
Test (bun on ubuntu-latest)	Run no-regression acceptance gate (Bun)	2026-06-04T23:54:19.4140888Z ##[endgroup]
Test (bun on ubuntu-latest)	Run no-regression acceptance gate (Bun)	2026-06-04T23:54:19.4141095Z
Test (bun on ubuntu-latest)	Run no-regression acceptance gate (Bun)	2026-06-04T23:54:19.4141713Z ##[group]js/tests/integration/issue-54-formal-ai-corpus.test.js:
Test (bun on ubuntu-latest)	Run no-regression acceptance gate (Bun)	2026-06-04T23:54:19.4186741Z (pass) issue 54 - exact formal-ai upstream test corpus index > indexes every formal-ai test case from the pinned upstream commit [0.83ms]
Test (bun on ubuntu-latest)	Run no-regression acceptance gate (Bun)	2026-06-04T23:54:19.4188400Z (pass) issue 54 - formal-ai prompt parsing > parses formal-ai translation prompt variants without configuration [0.14ms]
Test (bun on ubuntu-latest)	Run no-regression acceptance gate (Bun)	2026-06-04T23:54:19.4342389Z (pass) issue 54 - formal-ai prompt translation corpus > answers formal-ai translation-via-links corpus prompts [15.38ms]
Test (bun on ubuntu-latest)	Run no-regression acceptance gate (Bun)	2026-06-04T23:54:19.4393727Z (pass) issue 54 - formal-ai prompt translation corpus > covers formal-ai common-noun translation prompts in both directions [5.16ms]
Test (bun on ubuntu-latest)	Run no-regression acceptance gate (Bun)	2026-06-04T23:54:19.4417396Z (pass) issue 54 - formal-ai prompt translation corpus > reports formal-ai translation gaps without language placeholders [2.38ms]
Test (bun on ubuntu-latest)	Run no-regression acceptance gate (Bun)	2026-06-04T23:54:19.4428923Z
Test (bun on ubuntu-latest)	Run no-regression acceptance gate (Bun)	2026-06-04T23:54:19.4429637Z ##[endgroup]
Test (bun on ubuntu-latest)	Run no-regression acceptance gate (Bun)	2026-06-04T23:54:19.4429867Z
Test (bun on ubuntu-latest)	Run no-regression acceptance gate (Bun)	2026-06-04T23:54:19.4430450Z ##[group]js/tests/integration/issue-74-acceptance-gate.test.js:
Test (bun on ubuntu-latest)	Run no-regression acceptance gate (Bun)	2026-06-04T23:54:19.4451604Z (pass) issue 74 - no-regression acceptance gate > covers every concrete acceptance example listed in the requirements [0.42ms]
Test (bun on ubuntu-latest)	Run no-regression acceptance gate (Bun)	2026-06-04T23:54:19.4501105Z (pass) issue 74 - no-regression acceptance gate > keeps the current behavior for non-translation acceptance examples [4.92ms]
Test (bun on ubuntu-latest)	Run no-regression acceptance gate (Bun)	2026-06-04T23:54:19.4582665Z (pass) issue 74 - no-regression acceptance gate > keeps the current behavior for translation acceptance examples [8.10ms]
Test (bun on ubuntu-latest)	Run no-regression acceptance gate (Bun)	2026-06-04T23:54:19.4584347Z (pass) issue 74 - no-regression acceptance gate > wires competitor and formal-ai corpora into the same local gate [0.21ms]
Test (bun on ubuntu-latest)	Run no-regression acceptance gate (Bun)	2026-06-04T23:54:19.4585906Z (pass) issue 74 - no-regression acceptance gate > runs the same no-regression gate in CI [0.13ms]
Test (bun on ubuntu-latest)	Run no-regression acceptance gate (Bun)	2026-06-04T23:54:19.4586836Z
Test (bun on ubuntu-latest)	Run no-regression acceptance gate (Bun)	2026-06-04T23:54:19.4587984Z ##[endgroup]
Test (bun on ubuntu-latest)	Run no-regression acceptance gate (Bun)	2026-06-04T23:54:19.4588381Z
Test (bun on ubuntu-latest)	Run no-regression acceptance gate (Bun)	2026-06-04T23:54:19.4589684Z ##[group]js/tests/integration/issue-114-competitor-quality-gates.test.js:
Test (bun on ubuntu-latest)	Run no-regression acceptance gate (Bun)	2026-06-04T23:54:19.4624378Z (pass) issue 114 - competitor dataset quality gates > tracks measured pass rates for every harvested competitor dataset [0.53ms]
Test (bun on ubuntu-latest)	Run no-regression acceptance gate (Bun)	2026-06-04T23:54:19.4706665Z (pass) issue 114 - competitor dataset quality gates > executes every enabled competitor dataset case as a recurring gate [8.46ms]
Test (bun on ubuntu-latest)	Run no-regression acceptance gate (Bun)	2026-06-04T23:54:19.4708276Z (pass) issue 114 - competitor dataset quality gates > keeps the competitor gate wired into local acceptance and CI [0.21ms]
Test (bun on ubuntu-latest)	Run no-regression acceptance gate (Bun)	2026-06-04T23:54:19.4740947Z (pass) issue 114 - competitor dataset quality gates > publishes the measured scores in both comparison documents [0.45ms]
Test (bun on ubuntu-latest)	Run no-regression acceptance gate (Bun)	2026-06-04T23:54:19.4741844Z
Test (bun on ubuntu-latest)	Run no-regression acceptance gate (Bun)	2026-06-04T23:54:19.4742467Z ##[endgroup]
Test (bun on ubuntu-latest)	Run no-regression acceptance gate (Bun)	2026-06-04T23:54:19.4742689Z
Test (bun on ubuntu-latest)	Run no-regression acceptance gate (Bun)	2026-06-04T23:54:19.4742849Z 10 tests skipped:
Test (bun on ubuntu-latest)	Run no-regression acceptance gate (Bun)	2026-06-04T23:54:19.4744244Z (skip) issue 26 — E. NL → logic / triple extraction (roadmap Phase 8) > extracts (Barack Obama; was born in; Hawaii) triple — Stanford OpenIE canonical
Test (bun on ubuntu-latest)	Run no-regression acceptance gate (Bun)	2026-06-04T23:54:19.4746224Z (skip) issue 26 — E. NL → logic / triple extraction (roadmap Phase 8) > extracts SRL roles for "Mary gave John a book" — AllenNLP canonical
Test (bun on ubuntu-latest)	Run no-regression acceptance gate (Bun)	2026-06-04T23:54:19.4748150Z (skip) issue 26 — E. NL → logic / triple extraction (roadmap Phase 8) > exposes scope-ambiguous FOL for "Every man loves a woman" — Boxer/Montague
Test (bun on ubuntu-latest)	Run no-regression acceptance gate (Bun)	2026-06-04T23:54:19.4750717Z (skip) issue 26 — E. NL → logic / triple extraction (roadmap Phase 8) > emits AMR-style CST for "The boy wants to go" — AMR canonical
Test (bun on ubuntu-latest)	Run no-regression acceptance gate (Bun)	2026-06-04T23:54:19.4752599Z (skip) issue 26 — F. disputed-truth corpora (band-only, Phase 10) > keeps `0 < correctness < 1` for ClaimReview "5G causes coronavirus" — Google Fact Check
Test (bun on ubuntu-latest)	Run no-regression acceptance gate (Bun)	2026-06-04T23:54:19.4754562Z (skip) issue 26 — F. disputed-truth corpora (band-only, Phase 10) > keeps `0 < correctness < 1` for Snopes "Einstein failed math in school"
Test (bun on ubuntu-latest)	Run no-regression acceptance gate (Bun)	2026-06-04T23:54:19.4756399Z (skip) issue 26 — F. disputed-truth corpora (band-only, Phase 10) > keeps `0 < correctness < 1` for Politifact "Barack Obama was born in Kenya"
Test (bun on ubuntu-latest)	Run no-regression acceptance gate (Bun)	2026-06-04T23:54:19.4758273Z (skip) issue 26 — F. disputed-truth corpora (band-only, Phase 10) > keeps `0 < correctness < 1` for Politifact "Crime is at an all-time high"
Test (bun on ubuntu-latest)	Run no-regression acceptance gate (Bun)	2026-06-04T23:54:19.4760195Z (skip) issue 26 — G. uniqueness / paraphrase > detects paraphrase similarity for SBERT STS-B canonical pair
Test (bun on ubuntu-latest)	Run no-regression acceptance gate (Bun)	2026-06-04T23:54:19.4761968Z (skip) issue 26 — H. knowledge representation round-trip > round-trips ClaimReview JSON-LD for "Earth orbits the Sun" — Phase 10 evidence interchange
Test (bun on ubuntu-latest)	Run no-regression acceptance gate (Bun)	2026-06-04T23:54:19.4762975Z
Test (bun on ubuntu-latest)	Run no-regression acceptance gate (Bun)	2026-06-04T23:54:19.4763120Z  49 pass
Test (bun on ubuntu-latest)	Run no-regression acceptance gate (Bun)	2026-06-04T23:54:19.4763446Z  10 skip
Test (bun on ubuntu-latest)	Run no-regression acceptance gate (Bun)	2026-06-04T23:54:19.4763770Z  0 fail
Test (bun on ubuntu-latest)	Run no-regression acceptance gate (Bun)	2026-06-04T23:54:19.4764124Z Ran 59 tests across 5 files. [211.00ms]
Test (bun on ubuntu-latest)	Run tests (Bun)	﻿2026-06-04T23:54:19.4822369Z ##[group]Run bun test --timeout 30000
Test (bun on ubuntu-latest)	Run tests (Bun)	2026-06-04T23:54:19.4822721Z ^[[36;1mbun test --timeout 30000^[[0m
Test (bun on ubuntu-latest)	Run tests (Bun)	2026-06-04T23:54:19.4848464Z shell: /usr/bin/bash -e {0}
Test (bun on ubuntu-latest)	Run tests (Bun)	2026-06-04T23:54:19.4849010Z ##[endgroup]
Test (bun on ubuntu-latest)	Run tests (Bun)	2026-06-04T23:54:19.4907378Z bun test v1.3.14 (0d9b296a)
Test (bun on ubuntu-latest)	Run tests (Bun)	2026-06-04T23:54:19.5002428Z
Test (bun on ubuntu-latest)	Run tests (Bun)	2026-06-04T23:54:19.5003374Z ##[group]js/tests/integration/issue-90-originality-report.test.js:
Test (bun on ubuntu-latest)	Run tests (Bun)	2026-06-04T23:54:19.5460564Z (pass) issue 90 - document-level originality report > returns source spans, strengths, exclusions, and document source groups [7.49ms]
Test (bun on ubuntu-latest)	Run tests (Bun)	2026-06-04T23:54:19.5461571Z
Test (bun on ubuntu-latest)	Run tests (Bun)	2026-06-04T23:54:19.5462203Z ##[endgroup]
Test (bun on ubuntu-latest)	Run tests (Bun)	2026-06-04T23:54:19.5462396Z
Test (bun on ubuntu-latest)	Run tests (Bun)	2026-06-04T23:54:19.5462883Z ##[group]js/tests/integration/issue-9.test.js:
Test (bun on ubuntu-latest)	Run tests (Bun)	2026-06-04T23:54:19.5476350Z (pass) issue 9 - prepared examples and opposites > exposes opposites for every prepared example [0.15ms]
Test (bun on ubuntu-latest)	Run tests (Bun)	2026-06-04T23:54:19.5477783Z (pass) issue 9 - prepared examples and opposites > keeps opposites symmetric for negation pairs [0.21ms]
Test (bun on ubuntu-latest)	Run tests (Bun)	2026-06-04T23:54:19.5483331Z (pass) issue 9 - prepared examples and opposites > returns 4 random examples by default with deterministic seed [0.54ms]
Test (bun on ubuntu-latest)	Run tests (Bun)	2026-06-04T23:54:19.5490847Z (pass) issue 9 - prepared examples and opposites > finds opposites for known examples [0.73ms]
Test (bun on ubuntu-latest)	Run tests (Bun)	2026-06-04T23:54:19.5496000Z (pass) issue 9 - disambiguation longest-match > matches Elon Musk as a single Wikidata Q id [0.48ms]
Test (bun on ubuntu-latest)	Run tests (Bun)	2026-06-04T23:54:19.5497455Z (pass) issue 9 - disambiguation longest-match > exposes sub-phrase candidates as additional interpretations [0.12ms]
Test (bun on ubuntu-latest)	Run tests (Bun)	2026-06-04T23:54:19.5499120Z (pass) issue 9 - disambiguation longest-match > describes phrase mappings for downstream consumers [0.15ms]
Test (bun on ubuntu-latest)	Run tests (Bun)	2026-06-04T23:54:19.5500356Z (pass) issue 9 - reasoning strategies > defaults to disambiguation-first [0.02ms]
Test (bun on ubuntu-latest)	Run tests (Bun)	2026-06-04T23:54:19.5501532Z (pass) issue 9 - reasoning strategies > lists multiple strategies for meta-strategy composition [0.15ms]
Test (bun on ubuntu-latest)	Run tests (Bun)	2026-06-04T23:54:19.5504333Z (pass) issue 9 - reasoning strategies > orders steps according to the selected strategy [0.41ms]
Test (bun on ubuntu-latest)	Run tests (Bun)	2026-06-04T23:54:19.5505627Z (pass) issue 9 - reasoning strategies > returns the default strategy when an unknown id is requested [0.03ms]
Test (bun on ubuntu-latest)	Run tests (Bun)	2026-06-04T23:54:19.5575702Z (pass) issue 9 - analyzeStatement enrichment > returns alternatives, dependencies, definitions, and confirmations [7.02ms]
Test (bun on ubuntu-latest)	Run tests (Bun)	2026-06-04T23:54:19.5584365Z (pass) issue 9 - analyzeStatement enrichment > exposes refutations when evidence refutes the claim [0.85ms]
Test (bun on ubuntu-latest)	Run tests (Bun)	2026-06-04T23:54:19.5592698Z (pass) issue 9 - analyzeStatement enrichment > attaches the selected reasoning strategy and ordered steps [0.80ms]
Test (bun on ubuntu-latest)	Run tests (Bun)	2026-06-04T23:54:19.5599333Z (pass) issue 9 - analyzeStatement enrichment > returns the opposite statement for known examples [0.71ms]
Test (bun on ubuntu-latest)	Run tests (Bun)	2026-06-04T23:54:19.5600078Z
Test (bun on ubuntu-latest)	Run tests (Bun)	2026-06-04T23:54:19.5600628Z ##[endgroup]
Test (bun on ubuntu-latest)	Run tests (Bun)	2026-06-04T23:54:19.5600836Z
Test (bun on ubuntu-latest)	Run tests (Bun)	2026-06-04T23:54:19.5733695Z ##[group]js/tests/integration/issue-21-context-detection.test.js:
Test (bun on ubuntu-latest)	Run tests (Bun)	2026-06-04T23:54:19.5735431Z (pass) issue 21 — verb-form disambiguation > routes "formalize" through the "to formalize" alias to Q115492965 [10.86ms]
Test (bun on ubuntu-latest)	Run tests (Bun)	2026-06-04T23:54:19.5760090Z (pass) issue 21 — verb-form disambiguation > does not expand multi-token phrases or non-verb-like tokens [2.71ms]
Test (bun on ubuntu-latest)	Run tests (Bun)	2026-06-04T23:54:19.5769975Z (pass) issue 21 — multi-candidate context aggregation > lets weaker candidates contribute weighted votes to the shared context [0.97ms]
Test (bun on ubuntu-latest)	Run tests (Bun)	2026-06-04T23:54:19.5771921Z (pass) issue 21 — multi-candidate context aggregation > records sourceCandidates with the per-candidate weight [0.23ms]
Test (bun on ubuntu-latest)	Run tests (Bun)	2026-06-04T23:54:19.5778079Z (pass) issue 21 — disambiguation tier registry > exposes the four default tiers in priority order [0.16ms]
Test (bun on ubuntu-latest)	Run tests (Bun)	2026-06-04T23:54:19.5779616Z (pass) issue 21 — disambiguation tier registry > keeps single-token stop words in the n-gram list with stopOnly=true [0.12ms]
Test (bun on ubuntu-latest)	Run tests (Bun)	2026-06-04T23:54:19.5781346Z (pass) issue 21 — Wikipedia tier > Wikipedia source backfills wikibase_item Q-ids onto its candidates [0.68ms]
Test (bun on ubuntu-latest)	Run tests (Bun)	2026-06-04T23:54:19.5784938Z (pass) issue 21 — Wikipedia tier > falls back to a wp:<slug> id when Wikipedia returns no wikibase_item [0.34ms]
Test (bun on ubuntu-latest)	Run tests (Bun)	2026-06-04T23:54:19.5788175Z (pass) issue 21 — Wiktionary tier > Wiktionary source returns one candidate per definition for single tokens [0.30ms]
Test (bun on ubuntu-latest)	Run tests (Bun)	2026-06-04T23:54:19.5789403Z (pass) issue 21 — Wiktionary tier > skips Wiktionary lookups for multi-token phrases [0.12ms]
Test (bun on ubuntu-latest)	Run tests (Bun)	2026-06-04T23:54:19.5797154Z (pass) issue 21 — pipeline integration of new tiers > routes stop words ONLY to the Wiktionary tier in the full pipeline [0.76ms]
Test (bun on ubuntu-latest)	Run tests (Bun)	2026-06-04T23:54:19.5810301Z (pass) issue 21 — pipeline integration of new tiers > Wikipedia-confirmed Wikidata Q-id outranks a bare Wikidata-only hit [1.30ms]
Test (bun on ubuntu-latest)	Run tests (Bun)	2026-06-04T23:54:19.5816710Z (pass) issue 21 — pipeline integration of new tiers > still allows callers to disable the new tiers by passing explicit sources [0.57ms]
Test (bun on ubuntu-latest)	Run tests (Bun)	2026-06-04T23:54:19.5817748Z
Test (bun on ubuntu-latest)	Run tests (Bun)	2026-06-04T23:54:19.5818893Z ##[endgroup]
Test (bun on ubuntu-latest)	Run tests (Bun)	2026-06-04T23:54:19.5819133Z
Test (bun on ubuntu-latest)	Run tests (Bun)	2026-06-04T23:54:19.5819604Z ##[group]js/tests/integration/issue-48.test.js:
Test (bun on ubuntu-latest)	Run tests (Bun)	2026-06-04T23:54:19.6008154Z (pass) issue 48 - complete formalize -> semantic -> naturalize coverage > formalizes and naturalizes every word from issue 45 [14.05ms]
Test (bun on ubuntu-latest)	Run tests (Bun)	2026-06-04T23:54:19.6126370Z (pass) issue 48 - complete formalize -> semantic -> naturalize coverage > keeps issue 45 stable through a round trip [11.79ms]
Test (bun on ubuntu-latest)	Run tests (Bun)	2026-06-04T23:54:19.6150918Z (pass) issue 48 - complete formalize -> semantic -> naturalize coverage > formalizes and naturalizes every word from issue 46 [2.52ms]
Test (bun on ubuntu-latest)	Run tests (Bun)	2026-06-04T23:54:19.6191059Z (pass) issue 48 - complete formalize -> semantic -> naturalize coverage > keeps issue 46 stable through a round trip [3.83ms]
Test (bun on ubuntu-latest)	Run tests (Bun)	2026-06-04T23:54:19.6205737Z (pass) issue 48 - complete formalize -> semantic -> naturalize coverage > formalizes and naturalizes every word from issue 47 [1.59ms]
Test (bun on ubuntu-latest)	Run tests (Bun)	2026-06-04T23:54:19.6239484Z (pass) issue 48 - complete formalize -> semantic -> naturalize coverage > keeps issue 47 stable through a round trip [3.27ms]
Test (bun on ubuntu-latest)	Run tests (Bun)	2026-06-04T23:54:19.6240423Z
Test (bun on ubuntu-latest)	Run tests (Bun)	2026-06-04T23:54:19.6241156Z ##[endgroup]
Test (bun on ubuntu-latest)	Run tests (Bun)	2026-06-04T23:54:19.6241385Z
Test (bun on ubuntu-latest)	Run tests (Bun)	2026-06-04T23:54:19.6242075Z ##[group]js/tests/integration/issue-87-claim-review.test.js:
Test (bun on ubuntu-latest)	Run tests (Bun)	2026-06-04T23:54:19.6580281Z (pass) issue 87 - ClaimReview fact-check interchange > imports a public ClaimReview JSON-LD example into evidence, verdict, source, and provenance fields [0.95ms]
Test (bun on ubuntu-latest)	Run tests (Bun)	2026-06-04T23:54:19.6582598Z (pass) issue 87 - ClaimReview fact-check interchange > parses ClaimReview JSON-LD from an HTML script tag [0.49ms]
Test (bun on ubuntu-latest)	Run tests (Bun)	2026-06-04T23:54:19.6610849Z (pass) issue 87 - ClaimReview fact-check interchange > exports a checked statement as ClaimReview JSON-LD with claim, rating, source URL, and retrieval timestamp [2.64ms]
Test (bun on ubuntu-latest)	Run tests (Bun)	2026-06-04T23:54:19.6623888Z (pass) issue 87 - ClaimReview fact-check interchange > keeps plain text /check behavior unchanged [1.44ms]
Test (bun on ubuntu-latest)	Run tests (Bun)	2026-06-04T23:54:19.6785360Z (pass) issue 87 - ClaimReview fact-check interchange > supports ClaimReview JSON-LD as a /check export format in the CLI [16.04ms]
Test (bun on ubuntu-latest)	Run tests (Bun)	2026-06-04T23:54:19.6951320Z (pass) issue 87 - ClaimReview fact-check interchange > serves ClaimReview JSON-LD from HTTP /check while keeping default JSON check output [16.59ms]
Test (bun on ubuntu-latest)	Run tests (Bun)	2026-06-04T23:54:19.6952185Z
Test (bun on ubuntu-latest)	Run tests (Bun)	2026-06-04T23:54:19.6953142Z ##[endgroup]
Test (bun on ubuntu-latest)	Run tests (Bun)	2026-06-04T23:54:19.6953277Z
Test (bun on ubuntu-latest)	Run tests (Bun)	2026-06-04T23:54:19.6953801Z ##[group]js/tests/integration/issue-70.test.js:
Test (bun on ubuntu-latest)	Run tests (Bun)	2026-06-04T23:54:19.6973901Z (pass) issue 70 - parser-backed reasoning metadata > publishes parser CST plus versioned provenance on every reasoning artifact [0.57ms]
Test (bun on ubuntu-latest)	Run tests (Bun)	2026-06-04T23:54:19.6974560Z
Test (bun on ubuntu-latest)	Run tests (Bun)	2026-06-04T23:54:19.6974883Z ##[endgroup]
Test (bun on ubuntu-latest)	Run tests (Bun)	2026-06-04T23:54:19.6975027Z
Test (bun on ubuntu-latest)	Run tests (Bun)	2026-06-04T23:54:19.6975425Z ##[group]js/tests/integration/issue-96-paragraph-translation.test.js:
Test (bun on ubuntu-latest)	Run tests (Bun)	2026-06-04T23:54:19.6997584Z (pass) issue 96 - top-2025 article fixture > captures the top-10 most viewed 2025 articles from the Topviews last-year list [0.06ms]
Test (bun on ubuntu-latest)	Run tests (Bun)	2026-06-04T23:54:19.7007466Z (pass) issue 96 - top-2025 article fixture > captures multi-paragraph prose for each article in most popular languages [0.99ms]
Test (bun on ubuntu-latest)	Run tests (Bun)	2026-06-04T23:54:19.8901744Z (pass) issue 96 - paragraph translation into most popular languages > translates the .xxx lead paragraph into every captured language [189.29ms]
Test (bun on ubuntu-latest)	Run tests (Bun)	2026-06-04T23:54:20.1690418Z (pass) issue 96 - paragraph translation into most popular languages > translates the Charlie_Kirk lead paragraph into every captured language [275.53ms]
Test (bun on ubuntu-latest)	Run tests (Bun)	2026-06-04T23:54:20.3898409Z (pass) issue 96 - paragraph translation into most popular languages > translates the ChatGPT lead paragraph into every captured language [224.06ms]
Test (bun on ubuntu-latest)	Run tests (Bun)	2026-06-04T23:54:20.5676694Z (pass) issue 96 - paragraph translation into most popular languages > translates the Google_Chrome lead paragraph into every captured language [177.87ms]
Test (bun on ubuntu-latest)	Run tests (Bun)	2026-06-04T23:54:20.8293618Z (pass) issue 96 - paragraph translation into most popular languages > translates the 1989_Tiananmen_Square_protests_and_massacre lead paragraph into every captured language [261.73ms]
Test (bun on ubuntu-latest)	Run tests (Bun)	2026-06-04T23:54:21.0617448Z (pass) issue 96 - paragraph translation into most popular languages > translates the Ed_Gein lead paragraph into every captured language [232.33ms]
Test (bun on ubuntu-latest)	Run tests (Bun)	2026-06-04T23:54:21.1550025Z (pass) issue 96 - paragraph translation into most popular languages > translates the Donald_Trump lead paragraph into every captured language [93.17ms]
Test (bun on ubuntu-latest)	Run tests (Bun)	2026-06-04T23:54:21.3021607Z (pass) issue 96 - paragraph translation into most popular languages > translates the Zohran_Mamdani lead paragraph into every captured language [147.16ms]
Test (bun on ubuntu-latest)	Run tests (Bun)	2026-06-04T23:54:21.4136824Z (pass) issue 96 - paragraph translation into most popular languages > translates the Elon_Musk lead paragraph into every captured language [111.51ms]
Test (bun on ubuntu-latest)	Run tests (Bun)	2026-06-04T23:54:21.7386970Z (pass) issue 96 - paragraph translation into most popular languages > translates the XXX_(2002_film) lead paragraph into every captured language [325.02ms]
Test (bun on ubuntu-latest)	Run tests (Bun)	2026-06-04T23:54:21.8705220Z (pass) issue 96 - English to Russian paragraph translation quality > produces real Russian vocabulary for every top-2025 lead paragraph [131.77ms]
Test (bun on ubuntu-latest)	Run tests (Bun)	2026-06-04T23:54:21.8878313Z (pass) issue 96 - multi-paragraph article coverage > translates every paragraph of a multi-paragraph lead [17.31ms]
Test (bun on ubuntu-latest)	Run tests (Bun)	2026-06-04T23:54:21.8879680Z
Test (bun on ubuntu-latest)	Run tests (Bun)	2026-06-04T23:54:21.8880465Z ##[endgroup]
Test (bun on ubuntu-latest)	Run tests (Bun)	2026-06-04T23:54:21.8886573Z
Test (bun on ubuntu-latest)	Run tests (Bun)	2026-06-04T23:54:21.8887420Z ##[group]js/tests/integration/issue-21-snapshot-cache.test.js:
Test (bun on ubuntu-latest)	Run tests (Bun)	2026-06-04T23:54:21.8945721Z (pass) issue 21 — snapshot store > round-trips a snapshot: write → load → cache.get returns the same value [2.01ms]
Test (bun on ubuntu-latest)	Run tests (Bun)	2026-06-04T23:54:21.8954344Z (pass) issue 21 — snapshot store > writes a manifest.lino entry alongside every recorded snapshot [0.85ms]
Test (bun on ubuntu-latest)	Run tests (Bun)	2026-06-04T23:54:21.8966730Z (pass) issue 21 — snapshot store > skips duplicate manifest entries when the same URL is rewritten [1.07ms]
Test (bun on ubuntu-latest)	Run tests (Bun)	2026-06-04T23:54:21.8968936Z (pass) issue 21 — snapshot fetch modes > replay mode never calls the live fetch when the snapshot exists [0.40ms]
Test (bun on ubuntu-latest)	Run tests (Bun)	2026-06-04T23:54:21.8971531Z (pass) issue 21 — snapshot fetch modes > replay mode throws when no snapshot is recorded for the URL [0.27ms]
Test (bun on ubuntu-latest)	Run tests (Bun)	2026-06-04T23:54:21.8981417Z (pass) issue 21 — snapshot fetch modes > record mode always calls the live fetch and persists the response [0.94ms]
Test (bun on ubuntu-latest)	Run tests (Bun)	2026-06-04T23:54:21.8990960Z (pass) issue 21 — snapshot fetch modes > overlay mode prefers cached snapshots and only records misses [0.95ms]
Test (bun on ubuntu-latest)	Run tests (Bun)	2026-06-04T23:54:21.8999397Z (pass) issue 21 — snapshot layer wired into formalizeTextWith > replays the cached search response without touching the network [0.31ms]
Test (bun on ubuntu-latest)	Run tests (Bun)	2026-06-04T23:54:21.9012515Z (pass) issue 21 — snapshot layer wired into formalizeTextWith > overlay mode lets formalize fall back to a stub fetch on a miss [1.32ms]
Test (bun on ubuntu-latest)	Run tests (Bun)	2026-06-04T23:54:21.9016736Z (pass) issue 21 — committed Wikipedia/Wikidata snapshots replay offline > loads every snapshot under tests/fixtures/wikimedia-snapshots without error [0.18ms]
Test (bun on ubuntu-latest)	Run tests (Bun)	2026-06-04T23:54:21.9019175Z (pass) issue 21 — committed Wikipedia/Wikidata snapshots replay offline > formalizes "Hawaii" entirely from snapshots in REPLAY mode [0.21ms]
Test (bun on ubuntu-latest)	Run tests (Bun)	2026-06-04T23:54:21.9021242Z (pass) issue 21 — committed Wikipedia/Wikidata snapshots replay offline > formalizes "formalize" entirely from snapshots in REPLAY mode [0.22ms]
Test (bun on ubuntu-latest)	Run tests (Bun)	2026-06-04T23:54:21.9023453Z (pass) issue 21 — committed Wikipedia/Wikidata snapshots replay offline > resolves "the" via Wiktionary fallback when Wikidata has no item [0.18ms]
Test (bun on ubuntu-latest)	Run tests (Bun)	2026-06-04T23:54:21.9024401Z
Test (bun on ubuntu-latest)	Run tests (Bun)	2026-06-04T23:54:21.9024935Z ##[endgroup]
Test (bun on ubuntu-latest)	Run tests (Bun)	2026-06-04T23:54:21.9025592Z
Test (bun on ubuntu-latest)	Run tests (Bun)	2026-06-04T23:54:21.9026099Z ##[group]js/tests/integration/issue-64.test.js:
Test (bun on ubuntu-latest)	Run tests (Bun)	2026-06-04T23:54:21.9045755Z (pass) issue 64 - general statement formalization > turns arbitrary text into partial structured meaning links with questions [0.86ms]
Test (bun on ubuntu-latest)	Run tests (Bun)	2026-06-04T23:54:21.9050985Z (pass) issue 64 - general statement formalization > keeps concrete acceptance examples evidence-backed while adding metadata [0.53ms]
Test (bun on ubuntu-latest)	Run tests (Bun)	2026-06-04T23:54:21.9051897Z
Test (bun on ubuntu-latest)	Run tests (Bun)	2026-06-04T23:54:21.9052374Z ##[endgroup]
Test (bun on ubuntu-latest)	Run tests (Bun)	2026-06-04T23:54:21.9052585Z
Test (bun on ubuntu-latest)	Run tests (Bun)	2026-06-04T23:54:21.9053177Z ##[group]js/tests/integration/issue-50.test.js:
Test (bun on ubuntu-latest)	Run tests (Bun)	2026-06-04T23:54:21.9136845Z (pass) issue 50 - Translate page coverage and link targets > translates the reported technical prose without unresolved variables [7.15ms]
Test (bun on ubuntu-latest)	Run tests (Bun)	2026-06-04T23:54:21.9147071Z (pass) issue 50 - Translate page coverage and link targets > keeps local lexical links opt-in for Translate output [1.07ms]
Test (bun on ubuntu-latest)	Run tests (Bun)	2026-06-04T23:54:21.9152246Z (pass) issue 50 - Translate page coverage and link targets > uses Wikidata link targets by default in Translate [0.52ms]
Test (bun on ubuntu-latest)	Run tests (Bun)	2026-06-04T23:54:21.9265952Z (pass) issue 50 - Translate page coverage and link targets > limits source lookup concurrency so long text does not burst Wikimedia [11.33ms]
Test (bun on ubuntu-latest)	Run tests (Bun)	2026-06-04T23:54:21.9271606Z (pass) issue 50 - Translate page coverage and link targets > exposes a Translate link-target selector in the web UI [0.57ms]
Test (bun on ubuntu-latest)	Run tests (Bun)	2026-06-04T23:54:21.9272363Z
Test (bun on ubuntu-latest)	Run tests (Bun)	2026-06-04T23:54:21.9279440Z ##[endgroup]
Test (bun on ubuntu-latest)	Run tests (Bun)	2026-06-04T23:54:21.9279861Z
Test (bun on ubuntu-latest)	Run tests (Bun)	2026-06-04T23:54:21.9280634Z ##[group]js/tests/integration/issue-88-provenance-jsonld.test.js:
Test (bun on ubuntu-latest)	Run tests (Bun)	2026-06-04T23:54:21.9310653Z (pass) issue 88 - JSON-LD and PROV-O evidence provenance > exports /analyze evidence as JSON-LD with result, source, retrieval time, confidence inputs, and Links Notation [1.96ms]
Test (bun on ubuntu-latest)	Run tests (Bun)	2026-06-04T23:54:21.9326014Z (pass) issue 88 - JSON-LD and PROV-O evidence provenance > projects /analyze evidence into a PROV-O-compatible JSON-LD graph [1.51ms]
Test (bun on ubuntu-latest)	Run tests (Bun)	2026-06-04T23:54:21.9341281Z (pass) issue 88 - JSON-LD and PROV-O evidence provenance > exports /check evidence as JSON-LD without dropping the existing Links Notation output [1.50ms]
Test (bun on ubuntu-latest)	Run tests (Bun)	2026-06-04T23:54:21.9478490Z (pass) issue 88 - JSON-LD and PROV-O evidence provenance > supports JSON-LD and PROV-O as analyze/check export formats in CLI and HTTP surfaces [13.62ms]
Test (bun on ubuntu-latest)	Run tests (Bun)	2026-06-04T23:54:21.9479751Z
Test (bun on ubuntu-latest)	Run tests (Bun)	2026-06-04T23:54:21.9480251Z ##[endgroup]
Test (bun on ubuntu-latest)	Run tests (Bun)	2026-06-04T23:54:21.9480415Z
Test (bun on ubuntu-latest)	Run tests (Bun)	2026-06-04T23:54:21.9480792Z ##[group]js/tests/integration/issue-23.test.js:
Test (bun on ubuntu-latest)	Run tests (Bun)	2026-06-04T23:54:21.9515323Z (pass) issue-23 R3 — interpretation display modes > exposes the five public modes [0.05ms]
Test (bun on ubuntu-latest)	Run tests (Bun)	2026-06-04T23:54:21.9516861Z (pass) issue-23 R3 — interpretation display modes > formats phrase by id [0.12ms]
Test (bun on ubuntu-latest)	Run tests (Bun)	2026-06-04T23:54:21.9518317Z (pass) issue-23 R3 — interpretation display modes > formats phrase by name (default) [0.05ms]
Test (bun on ubuntu-latest)	Run tests (Bun)	2026-06-04T23:54:21.9519889Z (pass) issue-23 R3 — interpretation display modes > formats phrase by name+meaning [0.06ms]
Test (bun on ubuntu-latest)	Run tests (Bun)	2026-06-04T23:54:21.9521549Z (pass) issue-23 R3 — interpretation display modes > formats phrase by meaning only [0.05ms]
Test (bun on ubuntu-latest)	Run tests (Bun)	2026-06-04T23:54:21.9522965Z (pass) issue-23 R3 — interpretation display modes > formats phrase as replacement [0.03ms]
Test (bun on ubuntu-latest)	Run tests (Bun)	2026-06-04T23:54:21.9524440Z (pass) issue-23 R3 — interpretation display modes > falls back to plain text when entity is missing [0.03ms]
Test (bun on ubuntu-latest)	Run tests (Bun)	2026-06-04T23:54:21.9526189Z (pass) issue-23 R4 — interpretationKey identifies the active choice > builds a stable key from phrase entity ids [0.15ms]
Test (bun on ubuntu-latest)	Run tests (Bun)	2026-06-04T23:54:21.9527930Z (pass) issue-23 R4 — interpretationKey identifies the active choice > returns different keys for different entities [0.05ms]
Test (bun on ubuntu-latest)	Run tests (Bun)	2026-06-04T23:54:21.9530035Z (pass) issue-23 R4 — interpretationKey identifies the active choice > marks empty slots so partial selections still differ [0.04ms]
Test (bun on ubuntu-latest)	Run tests (Bun)	2026-06-04T23:54:21.9532492Z (pass) issue-23 R5 — language switching > exposes English and Russian dictionaries [0.03ms]
Test (bun on ubuntu-latest)	Run tests (Bun)	2026-06-04T23:54:21.9533770Z (pass) issue-23 R5 — language switching > detects locale from navigator language tag [0.10ms]
Test (bun on ubuntu-latest)	Run tests (Bun)	2026-06-04T23:54:21.9535166Z (pass) issue-23 R5 — language switching > translates known keys per locale [0.06ms]
Test (bun on ubuntu-latest)	Run tests (Bun)	2026-06-04T23:54:21.9536201Z (pass) issue-23 R5 — language switching > falls back to English when key is missing in selected locale [0.02ms]
Test (bun on ubuntu-latest)	Run tests (Bun)	2026-06-04T23:54:21.9537056Z (pass) issue-23 R5 — language switching > lists locales with display labels [0.09ms]
Test (bun on ubuntu-latest)	Run tests (Bun)	2026-06-04T23:54:21.9538001Z (pass) issue-23 R6 — theme switching > cycles through auto / light / dark [0.13ms]
Test (bun on ubuntu-latest)	Run tests (Bun)	2026-06-04T23:54:21.9539042Z (pass) issue-23 R6 — theme switching > returns explicit theme as-is [0.05ms]
Test (bun on ubuntu-latest)	Run tests (Bun)	2026-06-04T23:54:21.9539749Z (pass) issue-23 R6 — theme switching > provides an icon hint for each preference [0.04ms]
Test (bun on ubuntu-latest)	Run tests (Bun)	2026-06-04T23:54:21.9540886Z (pass) issue-23 R1 — contrast tokens replace hard-coded colours > routes formalize-payload pre through CSS custom properties [0.40ms]
Test (bun on ubuntu-latest)	Run tests (Bun)	2026-06-04T23:54:21.9542375Z (pass) issue-23 R1 — contrast tokens replace hard-coded colours > declares dark-theme overrides on :root[data-theme="dark"] [0.21ms]
Test (bun on ubuntu-latest)	Run tests (Bun)	2026-06-04T23:54:21.9543731Z (pass) issue-23 R2 — radio fieldsets use inline-flex options > declares inline-flex on formalize option labels [0.25ms]
Test (bun on ubuntu-latest)	Run tests (Bun)	2026-06-04T23:54:21.9545167Z (pass) issue-23 R2 — radio fieldsets use inline-flex options > does not stretch the formalize fieldsets into a grid [0.28ms]
Test (bun on ubuntu-latest)	Run tests (Bun)	2026-06-04T23:54:21.9546789Z (pass) issue-23 R7 — mobile-first responsive layout > default layout is single-column and grows at min-width breakpoints [0.25ms]
Test (bun on ubuntu-latest)	Run tests (Bun)	2026-06-04T23:54:21.9548300Z (pass) issue-23 R7 — mobile-first responsive layout > does not use legacy max-width-only breakpoint [0.21ms]
Test (bun on ubuntu-latest)	Run tests (Bun)	2026-06-04T23:54:21.9549987Z (pass) issue-23 — index.html is wired for theme + locale > contains a locale select and a theme toggle in the top nav [0.17ms]
Test (bun on ubuntu-latest)	Run tests (Bun)	2026-06-04T23:54:21.9551516Z (pass) issue-23 — index.html is wired for theme + locale > includes data-i18n attributes on the analyse navigation [0.16ms]
Test (bun on ubuntu-latest)	Run tests (Bun)	2026-06-04T23:54:21.9553001Z (pass) issue-23 — index.html is wired for theme + locale > exposes the five interpretation display radio buttons [0.26ms]
Test (bun on ubuntu-latest)	Run tests (Bun)	2026-06-04T23:54:21.9553546Z
Test (bun on ubuntu-latest)	Run tests (Bun)	2026-06-04T23:54:21.9553915Z ##[endgroup]
Test (bun on ubuntu-latest)	Run tests (Bun)	2026-06-04T23:54:21.9554036Z
Test (bun on ubuntu-latest)	Run tests (Bun)	2026-06-04T23:54:21.9554329Z ##[group]js/tests/integration/issue-41.test.js:
Test (bun on ubuntu-latest)	Run tests (Bun)	2026-06-04T23:54:21.9582042Z (pass) issue 41 - Russian translate fallback > translates the reported Russian phrase through lexical glossary entries [1.54ms]
Test (bun on ubuntu-latest)	Run tests (Bun)	2026-06-04T23:54:21.9604854Z (pass) issue 41 - Russian translate fallback > does not translate unrelated full-text search hits as phrase meanings [2.31ms]
Test (bun on ubuntu-latest)	Run tests (Bun)	2026-06-04T23:54:21.9621534Z (pass) issue 41 - Russian translate fallback > exposes semantic meta language before naturalizing the target text [1.66ms]
Test (bun on ubuntu-latest)	Run tests (Bun)	2026-06-04T23:54:21.9696977Z (pass) issue 41 - Russian translate fallback > supports ten more Translate examples through reusable glossary naturalization [7.45ms]
Test (bun on ubuntu-latest)	Run tests (Bun)	2026-06-04T23:54:21.9710766Z (pass) issue 41 - Russian translate fallback > exposes the reported phrase as a Translate sample [1.41ms]
Test (bun on ubuntu-latest)	Run tests (Bun)	2026-06-04T23:54:21.9711275Z
Test (bun on ubuntu-latest)	Run tests (Bun)	2026-06-04T23:54:21.9711730Z ##[endgroup]
Test (bun on ubuntu-latest)	Run tests (Bun)	2026-06-04T23:54:21.9711895Z
Test (bun on ubuntu-latest)	Run tests (Bun)	2026-06-04T23:54:21.9712219Z ##[group]js/tests/integration/issue-13.test.js:
Test (bun on ubuntu-latest)	Run tests (Bun)	2026-06-04T23:54:21.9724624Z (pass) issue 13 - default metrics: correctness and signed confidence > exposes both correctness and signedConfidence on every result [0.34ms]
Test (bun on ubuntu-latest)	Run tests (Bun)	2026-06-04T23:54:21.9726417Z (pass) issue 13 - default metrics: correctness and signed confidence > reports correctness=1 and signedConfidence=+1 for a true arithmetic claim [0.19ms]
Test (bun on ubuntu-latest)	Run tests (Bun)	2026-06-04T23:54:21.9728284Z (pass) issue 13 - default metrics: correctness and signed confidence > reports correctness=0 and signedConfidence=-1 for a false arithmetic claim [0.18ms]
Test (bun on ubuntu-latest)	Run tests (Bun)	2026-06-04T23:54:21.9733819Z (pass) issue 13 - default metrics: correctness and signed confidence > keeps correctness equal to the legacy unsigned confidence value [0.53ms]
Test (bun on ubuntu-latest)	Run tests (Bun)	2026-06-04T23:54:21.9755710Z (pass) issue 13 - default metrics: correctness and signed confidence > signedConfidence equals 2 * correctness - 1 whenever correctness is known [1.78ms]
Test (bun on ubuntu-latest)	Run tests (Bun)	2026-06-04T23:54:21.9772613Z (pass) issue 13 - default metrics: correctness and signed confidence > keeps signedConfidence within the documented [-1, 1] range [2.07ms]
Test (bun on ubuntu-latest)	Run tests (Bun)	2026-06-04T23:54:21.9794367Z (pass) issue 13 - default metrics: correctness and signed confidence > keeps correctness within the documented [0, 1] range [2.14ms]
Test (bun on ubuntu-latest)	Run tests (Bun)	2026-06-04T23:54:21.9795875Z (pass) issue 13 - default metrics: correctness and signed confidence > reports neutral metrics for the self-reference paradox [0.21ms]
Test (bun on ubuntu-latest)	Run tests (Bun)	2026-06-04T23:54:21.9804006Z (pass) issue 13 - default metrics: correctness and signed confidence > lets two competing real-world claims be ranked by signed confidence [0.75ms]
Test (bun on ubuntu-latest)	Run tests (Bun)	2026-06-04T23:54:21.9804638Z
Test (bun on ubuntu-latest)	Run tests (Bun)	2026-06-04T23:54:21.9805060Z ##[endgroup]
Test (bun on ubuntu-latest)	Run tests (Bun)	2026-06-04T23:54:21.9805360Z
Test (bun on ubuntu-latest)	Run tests (Bun)	2026-06-04T23:54:21.9805962Z ##[group]js/tests/integration/issue-52.test.js:
Test (bun on ubuntu-latest)	Run tests (Bun)	2026-06-04T23:54:22.0298024Z (pass) issue 52 - full Translate case coverage > formalizes, translates, and formalizes the full reported text [47.64ms]
Test (bun on ubuntu-latest)	Run tests (Bun)	2026-06-04T23:54:22.0809768Z (pass) issue 52 - full Translate case coverage > keeps the full case stable through back translation [51.20ms]
Test (bun on ubuntu-latest)	Run tests (Bun)	2026-06-04T23:54:22.0810458Z
Test (bun on ubuntu-latest)	Run tests (Bun)	2026-06-04T23:54:22.0810946Z ##[endgroup]
Test (bun on ubuntu-latest)	Run tests (Bun)	2026-06-04T23:54:22.0811279Z
Test (bun on ubuntu-latest)	Run tests (Bun)	2026-06-04T23:54:22.0812010Z ##[group]js/tests/integration/issue-37.test.js:
Test (bun on ubuntu-latest)	Run tests (Bun)	2026-06-04T23:54:22.0863667Z (pass) issue 37 - bounded page issue reports > keeps essential Translate sections while omitting oversized diagnostics [1.58ms]
Test (bun on ubuntu-latest)	Run tests (Bun)	2026-06-04T23:54:22.0873458Z (pass) issue 37 - Wiktionary grammar compounds > prefers the exact Wiktionary compound over separate stop words [1.00ms]
Test (bun on ubuntu-latest)	Run tests (Bun)	2026-06-04T23:54:22.0900700Z (pass) issue 37 - Wiktionary grammar compounds > translates a linked `is a` grammar phrase to linked Russian `это` [2.65ms]
Test (bun on ubuntu-latest)	Run tests (Bun)	2026-06-04T23:54:22.0901399Z
Test (bun on ubuntu-latest)	Run tests (Bun)	2026-06-04T23:54:22.0901835Z ##[endgroup]
Test (bun on ubuntu-latest)	Run tests (Bun)	2026-06-04T23:54:22.0902006Z
Test (bun on ubuntu-latest)	Run tests (Bun)	2026-06-04T23:54:22.0902446Z ##[group]js/tests/integration/issue-113-grammar.test.js:
Test (bun on ubuntu-latest)	Run tests (Bun)	2026-06-04T23:54:22.0953851Z (pass) issue 113 - grammar checking surface > detects seeded grammatical-error fixtures per supported language with suggested corrections [3.22ms]
Test (bun on ubuntu-latest)	Run tests (Bun)	2026-06-04T23:54:22.0959147Z (pass) issue 113 - grammar checking surface > reports clean text with no grammar issues in every supported language [0.53ms]
Test (bun on ubuntu-latest)	Run tests (Bun)	2026-06-04T23:54:22.1067917Z (pass) issue 113 - grammar checking surface > exposes grammar checking through CLI and HTTP surfaces [10.85ms]
Test (bun on ubuntu-latest)	Run tests (Bun)	2026-06-04T23:54:22.1080651Z (pass) issue 113 - grammar checking surface > exposes grammar suggestions through the embedded writing assistant surface [1.32ms]
Test (bun on ubuntu-latest)	Run tests (Bun)	2026-06-04T23:54:22.1081497Z
Test (bun on ubuntu-latest)	Run tests (Bun)	2026-06-04T23:54:22.1082072Z ##[endgroup]
Test (bun on ubuntu-latest)	Run tests (Bun)	2026-06-04T23:54:22.1082283Z
Test (bun on ubuntu-latest)	Run tests (Bun)	2026-06-04T23:54:22.1082757Z ##[group]js/tests/integration/issue-67.test.js:
Test (bun on ubuntu-latest)	Run tests (Bun)	2026-06-04T23:54:22.1156144Z (pass) issue 67 - formal statement reasoning > derives formal entailments and surfaces dependency provenance as links [6.21ms]
Test (bun on ubuntu-latest)	Run tests (Bun)	2026-06-04T23:54:22.1166139Z (pass) issue 67 - formal statement reasoning > answers contradiction and dependency queries over formal statements [1.04ms]
Test (bun on ubuntu-latest)	Run tests (Bun)	2026-06-04T23:54:22.1168088Z (pass) issue 67 - formal statement reasoning > keeps self-reference undetermined while adding formal reasoning [0.23ms]
Test (bun on ubuntu-latest)	Run tests (Bun)	2026-06-04T23:54:22.1169424Z
Test (bun on ubuntu-latest)	Run tests (Bun)	2026-06-04T23:54:22.1170247Z ##[endgroup]
Test (bun on ubuntu-latest)	Run tests (Bun)	2026-06-04T23:54:22.1170795Z
Test (bun on ubuntu-latest)	Run tests (Bun)	2026-06-04T23:54:22.1171595Z ##[group]js/tests/integration/issue-35.test.js:
Test (bun on ubuntu-latest)	Run tests (Bun)	2026-06-04T23:54:22.1218415Z (pass) issue 35 — Hawaii translation through semantic phrases > identifies Wikimedia calls, rejects grammar-fragment n-grams, and emits Russian [2.70ms]
Test (bun on ubuntu-latest)	Run tests (Bun)	2026-06-04T23:54:22.1243691Z (pass) issue 35 — Hawaii translation through semantic phrases > round-trips the fixed sentence through Russian without semantic loss [2.55ms]
Test (bun on ubuntu-latest)	Run tests (Bun)	2026-06-04T23:54:22.1259838Z (pass) issue 35 — Hawaii translation through semantic phrases > prefers the Wikidata state concept over a Wikipedia disambiguation page [1.57ms]
Test (bun on ubuntu-latest)	Run tests (Bun)	2026-06-04T23:54:22.1260876Z
Test (bun on ubuntu-latest)	Run tests (Bun)	2026-06-04T23:54:22.1261230Z ##[endgroup]
Test (bun on ubuntu-latest)	Run tests (Bun)	2026-06-04T23:54:22.1261351Z
Test (bun on ubuntu-latest)	Run tests (Bun)	2026-06-04T23:54:22.1261790Z ##[group]js/tests/integration/issue-91-literature-review.test.js:
Test (bun on ubuntu-latest)	Run tests (Bun)	2026-06-04T23:54:22.1309005Z (pass) issue 91 - literature-review evidence workflows > checks one claim against multiple screened papers without using LLM truth evidence [2.56ms]
Test (bun on ubuntu-latest)	Run tests (Bun)	2026-06-04T23:54:22.1326221Z (pass) issue 91 - literature-review evidence workflows > exports literature-backed evidence bibliography data as BibTeX, RIS, and CSV [1.73ms]
Test (bun on ubuntu-latest)	Run tests (Bun)	2026-06-04T23:54:22.1376053Z (pass) issue 91 - literature-review evidence workflows > supports the literature-review fixture workflow from the CLI [4.99ms]
Test (bun on ubuntu-latest)	Run tests (Bun)	2026-06-04T23:54:22.1376752Z
Test (bun on ubuntu-latest)	Run tests (Bun)	2026-06-04T23:54:22.1377205Z ##[endgroup]
Test (bun on ubuntu-latest)	Run tests (Bun)	2026-06-04T23:54:22.1377361Z
Test (bun on ubuntu-latest)	Run tests (Bun)	2026-06-04T23:54:22.1377812Z ##[group]js/tests/integration/issue-112-explicit-interlingua.test.js:
Test (bun on ubuntu-latest)	Run tests (Bun)	2026-06-04T23:54:22.1404469Z (pass) issue 112 - explicit interlingua reconstruction > formalization records enough linguistic metadata to reconstruct the source without the raw source string [0.58ms]
Test (bun on ubuntu-latest)	Run tests (Bun)	2026-06-04T23:54:22.1409351Z (pass) issue 112 - explicit interlingua reconstruction > carries explicit coreference chains in the formalization metadata [0.50ms]
Test (bun on ubuntu-latest)	Run tests (Bun)	2026-06-04T23:54:22.1470694Z (pass) issue 112 - explicit interlingua reconstruction > translates and naturalizes from the reconstructed semantic meta language after raw source strings are poisoned [6.08ms]
Test (bun on ubuntu-latest)	Run tests (Bun)	2026-06-04T23:54:22.1471553Z
Test (bun on ubuntu-latest)	Run tests (Bun)	2026-06-04T23:54:22.1471953Z ##[endgroup]
Test (bun on ubuntu-latest)	Run tests (Bun)	2026-06-04T23:54:22.1472098Z
Test (bun on ubuntu-latest)	Run tests (Bun)	2026-06-04T23:54:22.1472497Z ##[group]js/tests/integration/issue-111-lexicon-policy.test.js:
Test (bun on ubuntu-latest)	Run tests (Bun)	2026-06-04T23:54:22.1515177Z (pass) issue 111 - lexicon hardcoded-data policy > requires >50% usage proof for hand-written per-concept lexicon data [0.17ms]
Test (bun on ubuntu-latest)	Run tests (Bun)	2026-06-04T23:54:22.1517146Z (pass) issue 111 - lexicon hardcoded-data policy > keeps lexicon override records policy-proven rather than ad hoc [0.04ms]
Test (bun on ubuntu-latest)	Run tests (Bun)	2026-06-04T23:54:22.1519043Z (pass) issue 111 - lexicon hardcoded-data policy > records generated lexicon remainders as rule-derived data [0.16ms]
Test (bun on ubuntu-latest)	Run tests (Bun)	2026-06-04T23:54:22.1521848Z (pass) issue 111 - lexicon hardcoded-data policy > requires rule-derived concepts to point back to source data or a rule [0.49ms]
Test (bun on ubuntu-latest)	Run tests (Bun)	2026-06-04T23:54:22.1522804Z
Test (bun on ubuntu-latest)	Run tests (Bun)	2026-06-04T23:54:22.1523298Z ##[endgroup]
Test (bun on ubuntu-latest)	Run tests (Bun)	2026-06-04T23:54:22.1523515Z
Test (bun on ubuntu-latest)	Run tests (Bun)	2026-06-04T23:54:22.1524158Z ##[group]js/tests/integration/issue-26-comparable-fixtures.test.js:
Test (bun on ubuntu-latest)	Run tests (Bun)	2026-06-04T23:54:22.1544440Z (pass) issue 26 — A. arithmetic kernel (deterministic) > reports correctness=1 and signedConfidence=+1 for "1 + 1 = 2" (matches Wolfram Alpha / Z3 sat / Lean rfl) [0.33ms]
Test (bun on ubuntu-latest)	Run tests (Bun)	2026-06-04T23:54:22.1546976Z (pass) issue 26 — A. arithmetic kernel (deterministic) > reports correctness=1 and signedConfidence=+1 for "2 + 2 = 4" (matches Wolfram Alpha / Z3 sat / Lean rfl) [0.14ms]
Test (bun on ubuntu-latest)	Run tests (Bun)	2026-06-04T23:54:22.1549954Z (pass) issue 26 — A. arithmetic kernel (deterministic) > reports correctness=1 and signedConfidence=+1 for "2 * 3 = 6" (matches Wolfram Alpha / Z3 sat / Lean rfl) [0.13ms]
Test (bun on ubuntu-latest)	Run tests (Bun)	2026-06-04T23:54:22.1552297Z (pass) issue 26 — A. arithmetic kernel (deterministic) > reports correctness=1 and signedConfidence=+1 for "10 - 4 = 6" (matches Wolfram Alpha / Z3 sat / Lean rfl) [0.12ms]
Test (bun on ubuntu-latest)	Run tests (Bun)	2026-06-04T23:54:22.1553757Z (pass) issue 26 — A. arithmetic kernel (deterministic) > reports correctness=0 and signedConfidence=-1 for "1 + 1 = 1" (matches Wolfram Alpha False / Z3 unsat) [0.29ms]
Test (bun on ubuntu-latest)	Run tests (Bun)	2026-06-04T23:54:22.1555098Z (pass) issue 26 — A. arithmetic kernel (deterministic) > reports correctness=0 and signedConfidence=-1 for "2 + 2 = 5" (matches Wolfram Alpha False / Z3 unsat) [0.16ms]
Test (bun on ubuntu-latest)	Run tests (Bun)	2026-06-04T23:54:22.1556421Z (pass) issue 26 — A. arithmetic kernel (deterministic) > reports correctness=0 and signedConfidence=-1 for "2 * 3 = 7" (matches Wolfram Alpha False / Z3 unsat) [0.13ms]
Test (bun on ubuntu-latest)	Run tests (Bun)	2026-06-04T23:54:22.1557737Z (pass) issue 26 — A. arithmetic kernel (deterministic) > reports correctness=0 and signedConfidence=-1 for "10 - 4 = 5" (matches Wolfram Alpha False / Z3 unsat) [0.14ms]
Test (bun on ubuntu-latest)	Run tests (Bun)	2026-06-04T23:54:22.1560030Z (pass) issue 26 — A. arithmetic kernel (deterministic) > returns the question-shaped value for "1 + 1" (Wolfram Alpha "Result" pod = 2) [0.45ms]
Test (bun on ubuntu-latest)	Run tests (Bun)	2026-06-04T23:54:22.1562195Z (pass) issue 26 — A. arithmetic kernel (deterministic) > returns the question-shaped value for "1 - 1" (Wolfram Alpha "Result" pod = 0) [0.23ms]
Test (bun on ubuntu-latest)	Run tests (Bun)	2026-06-04T23:54:22.1569812Z (pass) issue 26 — B. Wikidata-structured public facts > keeps "Earth orbits the Sun" within the (0.5, 1) support band (Wikidata Q2 P398 Q525) [0.70ms]
Test (bun on ubuntu-latest)	Run tests (Bun)	2026-06-04T23:54:22.1573632Z (pass) issue 26 — B. Wikidata-structured public facts > keeps real-world confidence bounded below 1 to leave room for refutation [0.45ms]
Test (bun on ubuntu-latest)	Run tests (Bun)	2026-06-04T23:54:22.1579757Z (pass) issue 26 — B. Wikidata-structured public facts > still resolves "Moon orbits the Sun" as supported via the parent-body chain Moon → Earth → Sun [0.49ms]
Test (bun on ubuntu-latest)	Run tests (Bun)	2026-06-04T23:54:22.1582688Z (pass) issue 26 — B. Wikidata-structured public facts > resolves "Moon orbits Earth" as supported by Wikidata Q405 P397 Q2 [0.39ms]
Test (bun on ubuntu-latest)	Run tests (Bun)	2026-06-04T23:54:22.1590166Z (pass) issue 26 — B. Wikidata-structured public facts > resolves "Paris is the capital of France" as supported by Wikidata Q142 P36 Q90 [0.67ms]
Test (bun on ubuntu-latest)	Run tests (Bun)	2026-06-04T23:54:22.1594857Z (pass) issue 26 — B. Wikidata-structured public facts > resolves "Berlin is the capital of Germany" as supported by Wikidata Q183 P36 Q64 [0.49ms]
Test (bun on ubuntu-latest)	Run tests (Bun)	2026-06-04T23:54:22.1600973Z (pass) issue 26 — B. Wikidata-structured public facts > refutes "Berlin is the capital of France" from the France capital fixture [0.59ms]
Test (bun on ubuntu-latest)	Run tests (Bun)	2026-06-04T23:54:22.1605902Z (pass) issue 26 — B. Wikidata-structured public facts > refuses to claim binary certainty for negated facts (e.g. "Earth does not orbit the Sun") [0.47ms]
Test (bun on ubuntu-latest)	Run tests (Bun)	2026-06-04T23:54:22.1613219Z (pass) issue 26 — C. Wikidata P570 liveness templates > keeps "Elon Musk is alive" within the (0.5, 1) support band (Wikidata Q317521 has no P570) [0.70ms]
Test (bun on ubuntu-latest)	Run tests (Bun)	2026-06-04T23:54:22.1617430Z (pass) issue 26 — C. Wikidata P570 liveness templates > keeps bounded confidence (<1) for the liveness fixture so refutation remains representable [0.43ms]
Test (bun on ubuntu-latest)	Run tests (Bun)	2026-06-04T23:54:22.1622178Z (pass) issue 26 — C. Wikidata P570 liveness templates > handles the negated liveness fixture without crashing or claiming binary certainty [0.48ms]
Test (bun on ubuntu-latest)	Run tests (Bun)	2026-06-04T23:54:22.1645101Z (pass) issue 26 — C. Wikidata P570 liveness templates > resolves "Ada Lovelace is dead" from the recorded P570 value [0.43ms]
Test (bun on ubuntu-latest)	Run tests (Bun)	2026-06-04T23:54:22.1646426Z (pass) issue 26 — C. Wikidata P570 liveness templates > refutes "Ada Lovelace is alive" from the recorded P570 value [0.53ms]
Test (bun on ubuntu-latest)	Run tests (Bun)	2026-06-04T23:54:22.1647955Z (pass) issue 26 — D. self-reference / Liar paradox > returns neutral metrics for "this statement is false" (Tarski/Kripke undetermined) [0.23ms]
Test (bun on ubuntu-latest)	Run tests (Bun)	2026-06-04T23:54:22.1649798Z (pass) issue 26 — D. self-reference / Liar paradox > never assigns a binary verdict to a self-referential claim [0.19ms]
Test (bun on ubuntu-latest)	Run tests (Bun)	2026-06-04T23:54:22.1651441Z (pass) issue 26 — D. self-reference / Liar paradox > returns neutral metrics for the positive Liar variant "this statement is true" [0.18ms]
Test (bun on ubuntu-latest)	Run tests (Bun)	2026-06-04T23:54:22.1653234Z (pass) issue 26 — D. self-reference / Liar paradox > records Russell-style set self-reference as unknown instead of inventing a binary verdict [0.54ms]
Test (bun on ubuntu-latest)	Run tests (Bun)	2026-06-04T23:54:22.1654797Z (skip) issue 26 — E. NL → logic / triple extraction (roadmap Phase 8) > extracts (Barack Obama; was born in; Hawaii) triple — Stanford OpenIE canonical
Test (bun on ubuntu-latest)	Run tests (Bun)	2026-06-04T23:54:22.1655793Z (skip) issue 26 — E. NL → logic / triple extraction (roadmap Phase 8) > extracts SRL roles for "Mary gave John a book" — AllenNLP canonical
Test (bun on ubuntu-latest)	Run tests (Bun)	2026-06-04T23:54:22.1656969Z (skip) issue 26 — E. NL → logic / triple extraction (roadmap Phase 8) > exposes scope-ambiguous FOL for "Every man loves a woman" — Boxer/Montague
Test (bun on ubuntu-latest)	Run tests (Bun)	2026-06-04T23:54:22.1658808Z (skip) issue 26 — E. NL → logic / triple extraction (roadmap Phase 8) > emits AMR-style CST for "The boy wants to go" — AMR canonical
Test (bun on ubuntu-latest)	Run tests (Bun)	2026-06-04T23:54:22.1660528Z (skip) issue 26 — F. disputed-truth corpora (band-only, Phase 10) > keeps `0 < correctness < 1` for ClaimReview "5G causes coronavirus" — Google Fact Check
Test (bun on ubuntu-latest)	Run tests (Bun)	2026-06-04T23:54:22.1662593Z (skip) issue 26 — F. disputed-truth corpora (band-only, Phase 10) > keeps `0 < correctness < 1` for Snopes "Einstein failed math in school"
Test (bun on ubuntu-latest)	Run tests (Bun)	2026-06-04T23:54:22.1664455Z (skip) issue 26 — F. disputed-truth corpora (band-only, Phase 10) > keeps `0 < correctness < 1` for Politifact "Barack Obama was born in Kenya"
Test (bun on ubuntu-latest)	Run tests (Bun)	2026-06-04T23:54:22.1666113Z (skip) issue 26 — F. disputed-truth corpora (band-only, Phase 10) > keeps `0 < correctness < 1` for Politifact "Crime is at an all-time high"
Test (bun on ubuntu-latest)	Run tests (Bun)	2026-06-04T23:54:22.1667588Z (skip) issue 26 — G. uniqueness / paraphrase > detects paraphrase similarity for SBERT STS-B canonical pair
Test (bun on ubuntu-latest)	Run tests (Bun)	2026-06-04T23:54:22.1668585Z (pass) issue 26 — G. uniqueness / paraphrase > returns at least one source match for the iThenticate-style published text sample [0.76ms]
Test (bun on ubuntu-latest)	Run tests (Bun)	2026-06-04T23:54:22.1669913Z (pass) issue 26 — H. knowledge representation round-trip > persists the LinksPlatform Doublets single-link self-loop fixture [0.60ms]
Test (bun on ubuntu-latest)	Run tests (Bun)	2026-06-04T23:54:22.1671443Z (skip) issue 26 — H. knowledge representation round-trip > round-trips ClaimReview JSON-LD for "Earth orbits the Sun" — Phase 10 evidence interchange
Test (bun on ubuntu-latest)	Run tests (Bun)	2026-06-04T23:54:22.1673025Z (pass) issue 26 — documentation sanity > publishes the concept comparison doc with the documented legend symbols [0.16ms]
Test (bun on ubuntu-latest)	Run tests (Bun)	2026-06-04T23:54:22.1674551Z (pass) issue 26 — documentation sanity > publishes the feature comparison matrix with the four legend symbols [0.19ms]
Test (bun on ubuntu-latest)	Run tests (Bun)	2026-06-04T23:54:22.1675791Z (pass) issue 26 — documentation sanity > publishes the case-study README and test-case catalogue [0.13ms]
Test (bun on ubuntu-latest)	Run tests (Bun)	2026-06-04T23:54:22.1676205Z
Test (bun on ubuntu-latest)	Run tests (Bun)	2026-06-04T23:54:22.1676616Z ##[endgroup]
Test (bun on ubuntu-latest)	Run tests (Bun)	2026-06-04T23:54:22.1676848Z
Test (bun on ubuntu-latest)	Run tests (Bun)	2026-06-04T23:54:22.1695710Z ##[group]js/tests/integration/issue-126-context-detection.test.js:
Test (bun on ubuntu-latest)	Run tests (Bun)	2026-06-04T23:54:22.1716622Z (pass) issue 126 — scholarly-article candidates must not hijack phrases > does not formalize "developing systems" as a scientific article [2.20ms]
Test (bun on ubuntu-latest)	Run tests (Bun)	2026-06-04T23:54:22.1723528Z (pass) issue 126 — scholarly-article candidates must not hijack phrases > surfaces per-word context detection on the result [0.69ms]
Test (bun on ubuntu-latest)	Run tests (Bun)	2026-06-04T23:54:22.1724070Z
Test (bun on ubuntu-latest)	Run tests (Bun)	2026-06-04T23:54:22.1724356Z ##[endgroup]
Test (bun on ubuntu-latest)	Run tests (Bun)	2026-06-04T23:54:22.1724474Z
Test (bun on ubuntu-latest)	Run tests (Bun)	2026-06-04T23:54:22.1724773Z ##[group]js/tests/integration/issue-29.test.js:
Test (bun on ubuntu-latest)	Run tests (Bun)	2026-06-04T23:54:22.1739136Z (pass) issue 29 - page issue reporting > creates a GitHub issue URL with page state and version diagnostics [0.17ms]
Test (bun on ubuntu-latest)	Run tests (Bun)	2026-06-04T23:54:22.1740111Z (pass) issue 29 - page issue reporting > renders markdown reports without requiring browser globals [0.09ms]
Test (bun on ubuntu-latest)	Run tests (Bun)	2026-06-04T23:54:22.1744845Z (pass) issue 29 - page issue reporting > loads GitHub Pages build metadata before falling back to package data [0.50ms]
Test (bun on ubuntu-latest)	Run tests (Bun)	2026-06-04T23:54:22.1749821Z (pass) issue 29 - page issue reporting > wires the static web app and Pages workflow for reporting [0.47ms]
Test (bun on ubuntu-latest)	Run tests (Bun)	2026-06-04T23:54:22.1750254Z
Test (bun on ubuntu-latest)	Run tests (Bun)	2026-06-04T23:54:22.1750530Z ##[endgroup]
Test (bun on ubuntu-latest)	Run tests (Bun)	2026-06-04T23:54:22.1750652Z
Test (bun on ubuntu-latest)	Run tests (Bun)	2026-06-04T23:54:22.1750927Z ##[group]js/tests/integration/issue-18.test.js:
Test (bun on ubuntu-latest)	Run tests (Bun)	2026-06-04T23:54:22.1771349Z (pass) issue 18 - preference profiles > round-trips a profile through Links Notation [1.24ms]
Test (bun on ubuntu-latest)	Run tests (Bun)	2026-06-04T23:54:22.1772252Z (pass) issue 18 - preference profiles > keeps specific religion sliders hidden unless the God belief is positive [0.08ms]
Test (bun on ubuntu-latest)	Run tests (Bun)	2026-06-04T23:54:22.1782759Z (pass) issue 18 - preference profiles > derives atheist refutations for specific religions [1.04ms]
Test (bun on ubuntu-latest)	Run tests (Bun)	2026-06-04T23:54:22.1787778Z (pass) issue 18 - preference profiles > uses the selected context as local lore evidence [0.44ms]
Test (bun on ubuntu-latest)	Run tests (Bun)	2026-06-04T23:54:22.1788179Z
Test (bun on ubuntu-latest)	Run tests (Bun)	2026-06-04T23:54:22.1788443Z ##[endgroup]
Test (bun on ubuntu-latest)	Run tests (Bun)	2026-06-04T23:54:22.1788564Z
Test (bun on ubuntu-latest)	Run tests (Bun)	2026-06-04T23:54:22.1789047Z ##[group]js/tests/integration/issue-39.test.js:
Test (bun on ubuntu-latest)	Run tests (Bun)	2026-06-04T23:54:22.1856958Z (pass) issue 39 - technical sentence translation > uses contextual glossary and Russian grammar rules for the reported text [5.12ms]
Test (bun on ubuntu-latest)	Run tests (Bun)	2026-06-04T23:54:22.1907155Z (pass) issue 39 - technical sentence translation > does not let formalized phrases cross sentence boundaries [5.05ms]
Test (bun on ubuntu-latest)	Run tests (Bun)	2026-06-04T23:54:22.1937430Z (pass) issue 39 - technical sentence translation > keeps a strict semantic-label strategy for traceable fallback behavior [3.01ms]
Test (bun on ubuntu-latest)	Run tests (Bun)	2026-06-04T23:54:22.1942616Z (pass) issue 39 - technical sentence translation > returns structured answer options for unresolved translation questions [0.54ms]
Test (bun on ubuntu-latest)	Run tests (Bun)	2026-06-04T23:54:22.1961724Z (pass) issue 39 - technical sentence translation > exposes translation strategies and prepared Translate examples in the web app [1.85ms]
Test (bun on ubuntu-latest)	Run tests (Bun)	2026-06-04T23:54:22.1962544Z
Test (bun on ubuntu-latest)	Run tests (Bun)	2026-06-04T23:54:22.1962953Z ##[endgroup]
Test (bun on ubuntu-latest)	Run tests (Bun)	2026-06-04T23:54:22.1963114Z
Test (bun on ubuntu-latest)	Run tests (Bun)	2026-06-04T23:54:22.1963583Z ##[group]js/tests/integration/issue-126-context-selection.test.js:
Test (bun on ubuntu-latest)	Run tests (Bun)	2026-06-04T23:54:22.1985890Z (pass) issue 126 — context-selection questions modify the formalization > surfaces a persistent context question for an ambiguous word [1.20ms]
Test (bun on ubuntu-latest)	Run tests (Bun)	2026-06-04T23:54:22.2001909Z (pass) issue 126 — context-selection questions modify the formalization > re-picks the chosen sense when a context selection is supplied [1.54ms]
Test (bun on ubuntu-latest)	Run tests (Bun)	2026-06-04T23:54:22.2009300Z (pass) issue 126 — context-selection questions modify the formalization > accepts selections keyed by phrase text as well [0.71ms]
Test (bun on ubuntu-latest)	Run tests (Bun)	2026-06-04T23:54:22.2026166Z (pass) issue 126 — context-selection questions modify the formalization > re-runs translation against the re-derived formalization [1.71ms]
Test (bun on ubuntu-latest)	Run tests (Bun)	2026-06-04T23:54:22.2027142Z
Test (bun on ubuntu-latest)	Run tests (Bun)	2026-06-04T23:54:22.2027607Z ##[endgroup]
Test (bun on ubuntu-latest)	Run tests (Bun)	2026-06-04T23:54:22.2027810Z
Test (bun on ubuntu-latest)	Run tests (Bun)	2026-06-04T23:54:22.2028352Z ##[group]js/tests/integration/issue-92-graph-interop.test.js:
Test (bun on ubuntu-latest)	Run tests (Bun)	2026-06-04T23:54:22.2063445Z (pass) issue 92 - scoped SPARQL and graph-database interchange > exports selected Q/P evidence templates as a scoped SPARQL CONSTRUCT query with limits and provenance [2.89ms]
Test (bun on ubuntu-latest)	Run tests (Bun)	2026-06-04T23:54:22.2073253Z (pass) issue 92 - scoped SPARQL and graph-database interchange > maps Links Notation evidence links to RDF triples and back [1.01ms]
Test (bun on ubuntu-latest)	Run tests (Bun)	2026-06-04T23:54:22.2089139Z (pass) issue 92 - scoped SPARQL and graph-database interchange > applies scoped SPARQL limits after counting available Q/P evidence [1.52ms]
Test (bun on ubuntu-latest)	Run tests (Bun)	2026-06-04T23:54:22.2100228Z (pass) issue 92 - scoped SPARQL and graph-database interchange > maps Links Notation evidence links to a graph-database property graph and back [1.10ms]
Test (bun on ubuntu-latest)	Run tests (Bun)	2026-06-04T23:54:22.2107421Z (pass) issue 92 - scoped SPARQL and graph-database interchange > does not let generic graph export bypass bounded-confidence guardrails [0.72ms]
Test (bun on ubuntu-latest)	Run tests (Bun)	2026-06-04T23:54:22.2205801Z (pass) issue 92 - scoped SPARQL and graph-database interchange > supports scoped SPARQL exports from CLI and HTTP analyze surfaces [9.80ms]
Test (bun on ubuntu-latest)	Run tests (Bun)	2026-06-04T23:54:22.2206765Z
Test (bun on ubuntu-latest)	Run tests (Bun)	2026-06-04T23:54:22.2207268Z ##[endgroup]
Test (bun on ubuntu-latest)	Run tests (Bun)	2026-06-04T23:54:22.2207484Z
Test (bun on ubuntu-latest)	Run tests (Bun)	2026-06-04T23:54:22.2207978Z ##[group]js/tests/integration/issue-128-cache.test.js:
Test (bun on ubuntu-latest)	Run tests (Bun)	2026-06-04T23:54:22.2229900Z (pass) issue 128 - Wikimedia .lino API cache > round-trips nested API payloads through the .lino codec losslessly [0.75ms]
Test (bun on ubuntu-latest)	Run tests (Bun)	2026-06-04T23:54:22.2231439Z (pass) issue 128 - Wikimedia .lino API cache > serializes deterministically regardless of insertion order [0.20ms]
Test (bun on ubuntu-latest)	Run tests (Bun)	2026-06-04T23:54:22.2602424Z (pass) issue 128 - Wikimedia .lino API cache > keeps the committed data-folder cache in sync with the JSON snapshots [36.98ms]
Test (bun on ubuntu-latest)	Run tests (Bun)	2026-06-04T23:54:22.3062864Z (pass) issue 128 - Wikimedia .lino API cache > replays "Hawaii is a state." from the .lino cache alone, offline [46.04ms]
Test (bun on ubuntu-latest)	Run tests (Bun)	2026-06-04T23:54:22.3063691Z
Test (bun on ubuntu-latest)	Run tests (Bun)	2026-06-04T23:54:22.3064042Z ##[endgroup]
Test (bun on ubuntu-latest)	Run tests (Bun)	2026-06-04T23:54:22.3064181Z
Test (bun on ubuntu-latest)	Run tests (Bun)	2026-06-04T23:54:22.3064481Z ##[group]js/tests/integration/issue-56.test.js:
Test (bun on ubuntu-latest)	Run tests (Bun)	2026-06-04T23:54:22.3104750Z (pass) issue 56 - Translate slash terms and diagnostics > splits slash-separated fallback terms before knowledge-source lookup [1.35ms]
Test (bun on ubuntu-latest)	Run tests (Bun)	2026-06-04T23:54:22.3261700Z (pass) issue 56 - Translate slash terms and diagnostics > keeps reported technical prose slash terms separated during translation [16.13ms]
Test (bun on ubuntu-latest)	Run tests (Bun)	2026-06-04T23:54:22.3288259Z (pass) issue 56 - Translate slash terms and diagnostics > uses source-backed Wiktionary translations for every supported target language [2.70ms]
Test (bun on ubuntu-latest)	Run tests (Bun)	2026-06-04T23:54:22.3293887Z (pass) issue 56 - Translate slash terms and diagnostics > keeps linked Wikidata entities ahead of lexical Wiktionary translations [0.58ms]
Test (bun on ubuntu-latest)	Run tests (Bun)	2026-06-04T23:54:22.3307367Z (pass) issue 56 - Translate slash terms and diagnostics > covers issue-56 lexical translations through source fixtures for all supported targets [1.33ms]
Test (bun on ubuntu-latest)	Run tests (Bun)	2026-06-04T23:54:22.3334259Z (pass) issue 56 - Translate slash terms and diagnostics > does not keep issue-56 vocabulary in the local fallback glossary [2.59ms]
Test (bun on ubuntu-latest)	Run tests (Bun)	2026-06-04T23:54:22.3343458Z (pass) issue 56 - Translate slash terms and diagnostics > keeps every generated question with selected actionable options [0.93ms]
Test (bun on ubuntu-latest)	Run tests (Bun)	2026-06-04T23:54:22.3352385Z (pass) issue 56 - Translate UI diagnostics > exposes source-priority controls and a copyable Translate debug log [0.87ms]
Test (bun on ubuntu-latest)	Run tests (Bun)	2026-06-04T23:54:22.3353235Z
Test (bun on ubuntu-latest)	Run tests (Bun)	2026-06-04T23:54:22.3353735Z ##[endgroup]
Test (bun on ubuntu-latest)	Run tests (Bun)	2026-06-04T23:54:22.3353979Z
Test (bun on ubuntu-latest)	Run tests (Bun)	2026-06-04T23:54:22.3354428Z ##[group]js/tests/integration/issue-128.test.js:
Test (bun on ubuntu-latest)	Run tests (Bun)	2026-06-04T23:54:22.3414017Z (pass) issue 128 - Hawaii is a state links notation > renders an English Wikipedia link when the Wikipedia target is selected (R3) [2.23ms]
Test (bun on ubuntu-latest)	Run tests (Bun)	2026-06-04T23:54:22.3424142Z (pass) issue 128 - Hawaii is a state links notation > exposes a merged entity definition for each phrase (R4) [1.02ms]
Test (bun on ubuntu-latest)	Run tests (Bun)	2026-06-04T23:54:22.3436640Z (pass) issue 128 - Hawaii is a state links notation > reports selected contexts with priority and probability (R5) [1.24ms]
Test (bun on ubuntu-latest)	Run tests (Bun)	2026-06-04T23:54:22.3452162Z (pass) issue 128 - Hawaii is a state links notation > carries the contexts into the translation links notation (R5) [1.61ms]
Test (bun on ubuntu-latest)	Run tests (Bun)	2026-06-04T23:54:22.3453208Z
Test (bun on ubuntu-latest)	Run tests (Bun)	2026-06-04T23:54:22.3453872Z ##[endgroup]
Test (bun on ubuntu-latest)	Run tests (Bun)	2026-06-04T23:54:22.3454319Z
Test (bun on ubuntu-latest)	Run tests (Bun)	2026-06-04T23:54:22.3455087Z ##[group]js/tests/integration/issue-54-linguistic-metadata.test.js:
Test (bun on ubuntu-latest)	Run tests (Bun)	2026-06-04T23:54:22.3493399Z (pass) issue 54 - formal-ai linguistic metadata > publishes linguistic CST/AST metadata and links for structural fragments [3.37ms]
Test (bun on ubuntu-latest)	Run tests (Bun)	2026-06-04T23:54:22.3508819Z (pass) issue 54 - formal-ai linguistic metadata > carries source linguistic metadata through translation semantic links [1.48ms]
Test (bun on ubuntu-latest)	Run tests (Bun)	2026-06-04T23:54:22.3509712Z
Test (bun on ubuntu-latest)	Run tests (Bun)	2026-06-04T23:54:22.3510197Z ##[endgroup]
Test (bun on ubuntu-latest)	Run tests (Bun)	2026-06-04T23:54:22.3510349Z
Test (bun on ubuntu-latest)	Run tests (Bun)	2026-06-04T23:54:22.3510657Z ##[group]js/tests/integration/issue-68.test.js:
Test (bun on ubuntu-latest)	Run tests (Bun)	2026-06-04T23:54:22.3548176Z (pass) issue 68 - reproducible statement probability > maps relative-meta-logic truth range and valence onto default metrics [1.22ms]
Test (bun on ubuntu-latest)	Run tests (Bun)	2026-06-04T23:54:22.3569888Z (pass) issue 68 - reproducible statement probability > exposes a reproducible probability calculation for each result kind [1.15ms]
Test (bun on ubuntu-latest)	Run tests (Bun)	2026-06-04T23:54:22.3572408Z (pass) issue 68 - reproducible statement probability > includes probability inputs in issue reports [1.24ms]
Test (bun on ubuntu-latest)	Run tests (Bun)	2026-06-04T23:54:22.3573028Z
Test (bun on ubuntu-latest)	Run tests (Bun)	2026-06-04T23:54:22.3573341Z ##[endgroup]
Test (bun on ubuntu-latest)	Run tests (Bun)	2026-06-04T23:54:22.3573470Z
Test (bun on ubuntu-latest)	Run tests (Bun)	2026-06-04T23:54:22.3573798Z ##[group]js/tests/integration/issue-126-engine-selector.test.js:
Test (bun on ubuntu-latest)	Run tests (Bun)	2026-06-04T23:54:22.3592996Z (pass) issue 126 - JS/Rust engine selector in the web UI > renders a global engine selector and a result-band engine badge [0.21ms]
Test (bun on ubuntu-latest)	Run tests (Bun)	2026-06-04T23:54:22.3595953Z (pass) issue 126 - JS/Rust engine selector in the web UI > wires app.js to route the analysis through the selected engine [0.30ms]
Test (bun on ubuntu-latest)	Run tests (Bun)	2026-06-04T23:54:22.3598713Z (pass) issue 126 - JS/Rust engine selector in the web UI > routes the Compare page through the selected engine too [0.27ms]
Test (bun on ubuntu-latest)	Run tests (Bun)	2026-06-04T23:54:22.3601465Z (pass) issue 126 - JS/Rust engine selector in the web UI > localizes the engine controls in every shipped locale [0.26ms]
Test (bun on ubuntu-latest)	Run tests (Bun)	2026-06-04T23:54:22.3608046Z (pass) issue 126 - JS/Rust engine selector in the web UI > exposes pure engine-preference helpers backed by storage [0.64ms]
Test (bun on ubuntu-latest)	Run tests (Bun)	2026-06-04T23:54:22.3611319Z (pass) issue 126 - JS/Rust engine selector in the web UI > overlays the Rust headline onto a JS analysis without losing aux panels [0.31ms]
Test (bun on ubuntu-latest)	Run tests (Bun)	2026-06-04T23:54:22.3807485Z (pass) issue 126 - JS/Rust engine selector in the web UI > produces a Rust-computed headline that matches the JavaScript engine [19.21ms]
Test (bun on ubuntu-latest)	Run tests (Bun)	2026-06-04T23:54:22.3809255Z
Test (bun on ubuntu-latest)	Run tests (Bun)	2026-06-04T23:54:22.3809811Z ##[endgroup]
Test (bun on ubuntu-latest)	Run tests (Bun)	2026-06-04T23:54:22.3810014Z
Test (bun on ubuntu-latest)	Run tests (Bun)	2026-06-04T23:54:22.3810630Z ##[group]js/tests/integration/issue-94-writing-assistant-surface.test.js:
Test (bun on ubuntu-latest)	Run tests (Bun)	2026-06-04T23:54:22.3864866Z (pass) issue 94 - browser/editor writing assistant surface > delegates embedded operations to existing APIs and preserves guardrails [2.82ms]
Test (bun on ubuntu-latest)	Run tests (Bun)	2026-06-04T23:54:22.3887906Z (pass) issue 94 - browser/editor writing assistant surface > keeps prefilled report URLs and Links Notation exports in a mock extension harness [2.30ms]
Test (bun on ubuntu-latest)	Run tests (Bun)	2026-06-04T23:54:22.3889058Z
Test (bun on ubuntu-latest)	Run tests (Bun)	2026-06-04T23:54:22.3889561Z ##[endgroup]
Test (bun on ubuntu-latest)	Run tests (Bun)	2026-06-04T23:54:22.3889841Z
Test (bun on ubuntu-latest)	Run tests (Bun)	2026-06-04T23:54:22.3890410Z ##[group]js/tests/integration/issue-72-parity.test.js:
Test (bun on ubuntu-latest)	Run tests (Bun)	2026-06-04T23:54:22.3918411Z (pass) issue 72 - formal-ai upstream corpus parity gate > pins the current upstream release instead of the stale 706-case release [0.05ms]
Test (bun on ubuntu-latest)	Run tests (Bun)	2026-06-04T23:54:22.3927625Z (pass) issue 72 - formal-ai upstream corpus parity gate > assigns every upstream test case either a local assertion or an explicit skip reason [0.87ms]
Test (bun on ubuntu-latest)	Run tests (Bun)	2026-06-04T23:54:22.4179440Z (pass) issue 72 - formal-ai upstream corpus parity gate > executes the currently shipped Formal AI translation parity assertions [25.07ms]
Test (bun on ubuntu-latest)	Run tests (Bun)	2026-06-04T23:54:22.4180455Z
Test (bun on ubuntu-latest)	Run tests (Bun)	2026-06-04T23:54:22.4180973Z ##[endgroup]
Test (bun on ubuntu-latest)	Run tests (Bun)	2026-06-04T23:54:22.4181186Z
Test (bun on ubuntu-latest)	Run tests (Bun)	2026-06-04T23:54:22.4181660Z ##[group]js/tests/integration/issue-61-wasm.test.js:
Test (bun on ubuntu-latest)	Run tests (Bun)	2026-06-04T23:54:22.4247163Z (pass) issue 61 - wasm-bindgen core wrapper parity > exposes draft, selection, formalization, evaluation, confidence, and Links Notation helpers [3.84ms]
Test (bun on ubuntu-latest)	Run tests (Bun)	2026-06-04T23:54:22.4520071Z (pass) issue 61 - wasm-bindgen core wrapper parity > matches JavaScript analysis results for every non-translation acceptance example [27.24ms]
Test (bun on ubuntu-latest)	Run tests (Bun)	2026-06-04T23:54:22.4600136Z (pass) issue 61 - wasm-bindgen core wrapper parity > matches JavaScript translation behavior for the Hawaii acceptance examples [8.03ms]
Test (bun on ubuntu-latest)	Run tests (Bun)	2026-06-04T23:54:22.4601134Z
Test (bun on ubuntu-latest)	Run tests (Bun)	2026-06-04T23:54:22.4601622Z ##[endgroup]
Test (bun on ubuntu-latest)	Run tests (Bun)	2026-06-04T23:54:22.4601825Z
Test (bun on ubuntu-latest)	Run tests (Bun)	2026-06-04T23:54:22.4602296Z ##[group]js/tests/integration/issue-54.test.js:
Test (bun on ubuntu-latest)	Run tests (Bun)	2026-06-04T23:54:22.4653331Z (pass) issue 54 - formal-ai compatibility hooks > applies configurable rules before and after formalization [2.16ms]
Test (bun on ubuntu-latest)	Run tests (Bun)	2026-06-04T23:54:22.4707474Z (pass) issue 54 - formal-ai compatibility hooks > supports translation and naturalization rules with a deformalization alias [5.42ms]
Test (bun on ubuntu-latest)	Run tests (Bun)	2026-06-04T23:54:22.4715402Z (pass) issue 54 - formal-ai compatibility hooks > keeps deformalization aliases and transformed artifacts consistent [0.80ms]
Test (bun on ubuntu-latest)	Run tests (Bun)	2026-06-04T23:54:22.4716100Z
Test (bun on ubuntu-latest)	Run tests (Bun)	2026-06-04T23:54:22.4716434Z ##[endgroup]
Test (bun on ubuntu-latest)	Run tests (Bun)	2026-06-04T23:54:22.4716579Z
Test (bun on ubuntu-latest)	Run tests (Bun)	2026-06-04T23:54:22.4716879Z ##[group]js/tests/integration/issue-65.test.js:
Test (bun on ubuntu-latest)	Run tests (Bun)	2026-06-04T23:54:22.4743659Z (pass) issue 65 - Links Notation rewrite transformations > rewrites Links Notation terms with RML-style direction and occurrence controls [1.40ms]
Test (bun on ubuntu-latest)	Run tests (Bun)	2026-06-04T23:54:22.4754230Z (pass) issue 65 - Links Notation rewrite transformations > simplifies Links Notation with a guarded repeated rewrite set [1.06ms]
Test (bun on ubuntu-latest)	Run tests (Bun)	2026-06-04T23:54:22.4761380Z (pass) issue 65 - Links Notation rewrite transformations > runs declarative rewrite and simplify rules through existing transformation hooks [0.70ms]
Test (bun on ubuntu-latest)	Run tests (Bun)	2026-06-04T23:54:22.4773326Z (pass) issue 65 - Links Notation rewrite transformations > rewrites a targeted Links Notation field on object transformations [0.68ms]
Test (bun on ubuntu-latest)	Run tests (Bun)	2026-06-04T23:54:22.4774391Z (pass) issue 65 - Links Notation rewrite transformations > keeps zero-config hook behavior for legacy text rules [0.17ms]
Test (bun on ubuntu-latest)	Run tests (Bun)	2026-06-04T23:54:22.4775245Z
Test (bun on ubuntu-latest)	Run tests (Bun)	2026-06-04T23:54:22.4775713Z ##[endgroup]
Test (bun on ubuntu-latest)	Run tests (Bun)	2026-06-04T23:54:22.4775943Z
Test (bun on ubuntu-latest)	Run tests (Bun)	2026-06-04T23:54:22.4776605Z ##[group]js/tests/integration/issue-96-no-hardcoded-translations.test.js:
Test (bun on ubuntu-latest)	Run tests (Bun)	2026-06-04T23:54:22.5260937Z (pass) issue 96 - no hardcoded translations in js/src > keeps the lexical translation pipeline free of foreign surface forms [47.63ms]
Test (bun on ubuntu-latest)	Run tests (Bun)	2026-06-04T23:54:22.5291269Z (pass) issue 96 - no hardcoded translations in js/src > only allowlists files with a documented non-translation reason [3.12ms]
Test (bun on ubuntu-latest)	Run tests (Bun)	2026-06-04T23:54:22.5305113Z (pass) issue 96 - no hardcoded translations in js/src > routes every lexicon read through the single interlingua module [1.38ms]
Test (bun on ubuntu-latest)	Run tests (Bun)	2026-06-04T23:54:22.5317249Z (pass) issue 96 - no hardcoded translations in js/src > builds the directional glossary only through the interlingua module [1.17ms]
Test (bun on ubuntu-latest)	Run tests (Bun)	2026-06-04T23:54:22.5317937Z
Test (bun on ubuntu-latest)	Run tests (Bun)	2026-06-04T23:54:22.5318315Z ##[endgroup]
Test (bun on ubuntu-latest)	Run tests (Bun)	2026-06-04T23:54:22.5318468Z
Test (bun on ubuntu-latest)	Run tests (Bun)	2026-06-04T23:54:22.5319295Z ##[group]js/tests/integration/issue-96-four-language-roundtrip.test.js:
Test (bun on ubuntu-latest)	Run tests (Bun)	2026-06-04T23:54:22.5338518Z (pass) issue 96 - four-language interlingua round trips > declares all four supported languages in the interlingua [0.07ms]
Test (bun on ubuntu-latest)	Run tests (Bun)	2026-06-04T23:54:22.5343864Z (pass) issue 96 - four-language interlingua round trips > serves every ordered pair among the four languages through concept ids [0.52ms]
Test (bun on ubuntu-latest)	Run tests (Bun)	2026-06-04T23:54:22.5348970Z (pass) issue 96 - four-language interlingua round trips > maps the shared vocabulary through a single id carrying every language [0.43ms]
Test (bun on ubuntu-latest)	Run tests (Bun)	2026-06-04T23:54:22.5436326Z (pass) issue 96 - four-language interlingua round trips > translates the shared vocabulary forward in every direction [8.74ms]
Test (bun on ubuntu-latest)	Run tests (Bun)	2026-06-04T23:54:22.5595923Z (pass) issue 96 - four-language interlingua round trips > survives a round trip through every other language [15.92ms]
Test (bun on ubuntu-latest)	Run tests (Bun)	2026-06-04T23:54:22.5597214Z
Test (bun on ubuntu-latest)	Run tests (Bun)	2026-06-04T23:54:22.5598020Z ##[endgroup]
Test (bun on ubuntu-latest)	Run tests (Bun)	2026-06-04T23:54:22.5598554Z
Test (bun on ubuntu-latest)	Run tests (Bun)	2026-06-04T23:54:22.5599709Z ##[group]js/tests/integration/issue-54-formal-ai-corpus.test.js:
Test (bun on ubuntu-latest)	Run tests (Bun)	2026-06-04T23:54:22.5643340Z (pass) issue 54 - exact formal-ai upstream test corpus index > indexes every formal-ai test case from the pinned upstream commit [1.05ms]
Test (bun on ubuntu-latest)	Run tests (Bun)	2026-06-04T23:54:22.5644955Z (pass) issue 54 - formal-ai prompt parsing > parses formal-ai translation prompt variants without configuration [0.17ms]
Test (bun on ubuntu-latest)	Run tests (Bun)	2026-06-04T23:54:22.5742518Z (pass) issue 54 - formal-ai prompt translation corpus > answers formal-ai translation-via-links corpus prompts [9.72ms]
Test (bun on ubuntu-latest)	Run tests (Bun)	2026-06-04T23:54:22.5783044Z (pass) issue 54 - formal-ai prompt translation corpus > covers formal-ai common-noun translation prompts in both directions [4.09ms]
Test (bun on ubuntu-latest)	Run tests (Bun)	2026-06-04T23:54:22.5799365Z (pass) issue 54 - formal-ai prompt translation corpus > reports formal-ai translation gaps without language placeholders [1.56ms]
Test (bun on ubuntu-latest)	Run tests (Bun)	2026-06-04T23:54:22.5799943Z
Test (bun on ubuntu-latest)	Run tests (Bun)	2026-06-04T23:54:22.5800273Z ##[endgroup]
Test (bun on ubuntu-latest)	Run tests (Bun)	2026-06-04T23:54:22.5800406Z
Test (bun on ubuntu-latest)	Run tests (Bun)	2026-06-04T23:54:22.5800735Z ##[group]js/tests/integration/issue-74-acceptance-gate.test.js:
Test (bun on ubuntu-latest)	Run tests (Bun)	2026-06-04T23:54:22.5839658Z (pass) issue 74 - no-regression acceptance gate > covers every concrete acceptance example listed in the requirements [0.48ms]
Test (bun on ubuntu-latest)	Run tests (Bun)	2026-06-04T23:54:22.5868176Z (pass) issue 74 - no-regression acceptance gate > keeps the current behavior for non-translation acceptance examples [2.85ms]
Test (bun on ubuntu-latest)	Run tests (Bun)	2026-06-04T23:54:22.5894738Z (pass) issue 74 - no-regression acceptance gate > keeps the current behavior for translation acceptance examples [2.67ms]
Test (bun on ubuntu-latest)	Run tests (Bun)	2026-06-04T23:54:22.5896285Z (pass) issue 74 - no-regression acceptance gate > wires competitor and formal-ai corpora into the same local gate [0.17ms]
Test (bun on ubuntu-latest)	Run tests (Bun)	2026-06-04T23:54:22.5897494Z (pass) issue 74 - no-regression acceptance gate > runs the same no-regression gate in CI [0.10ms]
Test (bun on ubuntu-latest)	Run tests (Bun)	2026-06-04T23:54:22.5898176Z
Test (bun on ubuntu-latest)	Run tests (Bun)	2026-06-04T23:54:22.5898895Z ##[endgroup]
Test (bun on ubuntu-latest)	Run tests (Bun)	2026-06-04T23:54:22.5899121Z
Test (bun on ubuntu-latest)	Run tests (Bun)	2026-06-04T23:54:22.5899592Z ##[group]js/tests/integration/issue-66.test.js:
Test (bun on ubuntu-latest)	Run tests (Bun)	2026-06-04T23:54:22.5929490Z (pass) issue 66 - generalized naturalization > naturalizes arbitrary partial formal expressions with CST and deformalization alias [0.66ms]
Test (bun on ubuntu-latest)	Run tests (Bun)	2026-06-04T23:54:22.5941769Z (pass) issue 66 - generalized naturalization > renders Links Notation claims through naturalization and deformalization aliases [1.25ms]
Test (bun on ubuntu-latest)	Run tests (Bun)	2026-06-04T23:54:22.5972794Z (pass) issue 66 - generalized naturalization > exposes naturalization through the CLI [3.08ms]
Test (bun on ubuntu-latest)	Run tests (Bun)	2026-06-04T23:54:22.6051122Z (pass) issue 66 - generalized naturalization > serves POST /naturalize and /deformalize aliases [7.84ms]
Test (bun on ubuntu-latest)	Run tests (Bun)	2026-06-04T23:54:22.6052215Z
Test (bun on ubuntu-latest)	Run tests (Bun)	2026-06-04T23:54:22.6052677Z ##[endgroup]
Test (bun on ubuntu-latest)	Run tests (Bun)	2026-06-04T23:54:22.6052878Z
Test (bun on ubuntu-latest)	Run tests (Bun)	2026-06-04T23:54:22.6053451Z ##[group]js/tests/integration/issue-96-reference-quality.test.js:
Test (bun on ubuntu-latest)	Run tests (Bun)	2026-06-04T23:54:22.6199144Z (pass) issue 96 - English to Russian paragraph translation vs human reference > matches the human Russian lead of .xxx on домен, верхнего, уровня, порнографических [12.32ms]
Test (bun on ubuntu-latest)	Run tests (Bun)	2026-06-04T23:54:22.6336823Z (pass) issue 96 - English to Russian paragraph translation vs human reference > matches the human Russian lead of Charlie_Kirk on американский, активист, медийная, фигура, республиканской, партии [13.79ms]
Test (bun on ubuntu-latest)	Run tests (Bun)	2026-06-04T23:54:22.6550477Z (pass) issue 96 - English to Russian paragraph translation vs human reference > matches the human Russian lead of ChatGPT on чат, бот [21.27ms]
Test (bun on ubuntu-latest)	Run tests (Bun)	2026-06-04T23:54:22.6653649Z (pass) issue 96 - English to Russian paragraph translation vs human reference > matches the human Russian lead of Google_Chrome on браузер, разрабатываемый [10.38ms]
Test (bun on ubuntu-latest)	Run tests (Bun)	2026-06-04T23:54:22.6825538Z (pass) issue 96 - English to Russian paragraph translation vs human reference > matches the human Russian lead of 1989_Tiananmen_Square_protests_and_massacre on протеста, тяньаньмэнь, студенты [17.08ms]
Test (bun on ubuntu-latest)	Run tests (Bun)	2026-06-04T23:54:22.6963436Z (pass) issue 96 - English to Russian paragraph translation vs human reference > matches the human Russian lead of Ed_Gein on американский, убийца, похититель, трупов [13.87ms]
Test (bun on ubuntu-latest)	Run tests (Bun)	2026-06-04T23:54:22.7034870Z (pass) issue 96 - English to Russian paragraph translation vs human reference > matches the human Russian lead of Donald_Trump on политический, деятель, президент [7.18ms]
Test (bun on ubuntu-latest)	Run tests (Bun)	2026-06-04T23:54:22.7208314Z (pass) issue 96 - English to Russian paragraph translation vs human reference > matches the human Russian lead of Zohran_Mamdani on политический, деятель, мэр [17.21ms]
Test (bun on ubuntu-latest)	Run tests (Bun)	2026-06-04T23:54:22.7286659Z (pass) issue 96 - English to Russian paragraph translation vs human reference > matches the human Russian lead of Elon_Musk on предприниматель [7.85ms]
Test (bun on ubuntu-latest)	Run tests (Bun)	2026-06-04T23:54:22.7557595Z (pass) issue 96 - English to Russian paragraph translation vs human reference > matches the human Russian lead of XXX_(2002_film) on американский, боевик, режиссёром [27.05ms]
Test (bun on ubuntu-latest)	Run tests (Bun)	2026-06-04T23:54:23.0070605Z (pass) issue 96 - English to Russian paragraph translation vs human reference > reproduces human-attested Russian vocabulary across the top-2025 corpus [251.15ms]
Test (bun on ubuntu-latest)	Run tests (Bun)	2026-06-04T23:54:23.0071874Z
Test (bun on ubuntu-latest)	Run tests (Bun)	2026-06-04T23:54:23.0072405Z ##[endgroup]
Test (bun on ubuntu-latest)	Run tests (Bun)	2026-06-04T23:54:23.0073271Z
Test (bun on ubuntu-latest)	Run tests (Bun)	2026-06-04T23:54:23.0073942Z ##[group]js/tests/integration/issue-131.test.js:
Test (bun on ubuntu-latest)	Run tests (Bun)	2026-06-04T23:54:23.0122719Z (pass) issue 131 - parenthesized pronunciation > keeps parentheses out of formalized phrase links [1.45ms]
Test (bun on ubuntu-latest)	Run tests (Bun)	2026-06-04T23:54:23.0127777Z (pass) issue 131 - phrasal verbs and Russian grammar > allows source-backed phrasal verbs ending in a preposition [0.53ms]
Test (bun on ubuntu-latest)	Run tests (Bun)	2026-06-04T23:54:23.0134134Z (pass) issue 131 - phrasal verbs and Russian grammar > falls back to one lexical phrase when sources miss a known phrasal verb [0.61ms]
Test (bun on ubuntu-latest)	Run tests (Bun)	2026-06-04T23:54:23.0144108Z (pass) issue 131 - phrasal verbs and Russian grammar > uses source-backed virtual overrides for known missing source data [0.97ms]
Test (bun on ubuntu-latest)	Run tests (Bun)	2026-06-04T23:54:23.0167479Z (pass) issue 131 - phrasal verbs and Russian grammar > preserves pronunciation punctuation and naturalizes the Russian grammar [2.28ms]
Test (bun on ubuntu-latest)	Run tests (Bun)	2026-06-04T23:54:23.0171346Z (pass) issue 131 - linked article context translation > collects linked Wikipedia article targets once per source URL [0.46ms]
Test (bun on ubuntu-latest)	Run tests (Bun)	2026-06-04T23:54:23.0174221Z (pass) issue 131 - linked article context translation > keeps recursive article translation behind the experimental flag [0.28ms]
Test (bun on ubuntu-latest)	Run tests (Bun)	2026-06-04T23:54:23.0190933Z (pass) issue 131 - linked article context translation > translates bounded linked article summaries experimentally and caches them [1.61ms]
Test (bun on ubuntu-latest)	Run tests (Bun)	2026-06-04T23:54:23.0192406Z (pass) issue 131 - linked article context translation > wires article context controls into the Translate UI [0.17ms]
Test (bun on ubuntu-latest)	Run tests (Bun)	2026-06-04T23:54:23.0193225Z
Test (bun on ubuntu-latest)	Run tests (Bun)	2026-06-04T23:54:23.0193564Z ##[endgroup]
Test (bun on ubuntu-latest)	Run tests (Bun)	2026-06-04T23:54:23.0193703Z
Test (bun on ubuntu-latest)	Run tests (Bun)	2026-06-04T23:54:23.0194016Z ##[group]js/tests/integration/issue-89.test.js:
Test (bun on ubuntu-latest)	Run tests (Bun)	2026-06-04T23:54:23.0238766Z (pass) issue 89 - OpenIE AMR SRL formalization providers > records provider triples, roles, entity links, and graphs without changing deterministic formalization [2.40ms]
Test (bun on ubuntu-latest)	Run tests (Bun)	2026-06-04T23:54:23.0404723Z (pass) issue 89 - OpenIE AMR SRL formalization providers > accepts mocked provider output through HTTP /formalize without treating it as verified evidence [16.55ms]
Test (bun on ubuntu-latest)	Run tests (Bun)	2026-06-04T23:54:23.0405469Z
Test (bun on ubuntu-latest)	Run tests (Bun)	2026-06-04T23:54:23.0405827Z ##[endgroup]
Test (bun on ubuntu-latest)	Run tests (Bun)	2026-06-04T23:54:23.0405960Z
Test (bun on ubuntu-latest)	Run tests (Bun)	2026-06-04T23:54:23.0439061Z ##[group]js/tests/integration/issue-114-competitor-quality-gates.test.js:
Test (bun on ubuntu-latest)	Run tests (Bun)	2026-06-04T23:54:23.0440061Z (pass) issue 114 - competitor dataset quality gates > tracks measured pass rates for every harvested competitor dataset [0.48ms]
Test (bun on ubuntu-latest)	Run tests (Bun)	2026-06-04T23:54:23.0508957Z (pass) issue 114 - competitor dataset quality gates > executes every enabled competitor dataset case as a recurring gate [6.96ms]
Test (bun on ubuntu-latest)	Run tests (Bun)	2026-06-04T23:54:23.0512540Z (pass) issue 114 - competitor dataset quality gates > keeps the competitor gate wired into local acceptance and CI [0.42ms]
Test (bun on ubuntu-latest)	Run tests (Bun)	2026-06-04T23:54:23.0523155Z (pass) issue 114 - competitor dataset quality gates > publishes the measured scores in both comparison documents [1.07ms]
Test (bun on ubuntu-latest)	Run tests (Bun)	2026-06-04T23:54:23.0523913Z
Test (bun on ubuntu-latest)	Run tests (Bun)	2026-06-04T23:54:23.0524235Z ##[endgroup]
Test (bun on ubuntu-latest)	Run tests (Bun)	2026-06-04T23:54:23.0524374Z
Test (bun on ubuntu-latest)	Run tests (Bun)	2026-06-04T23:54:23.0524775Z ##[group]js/tests/integration/issue-93-proof-solver-artifacts.test.js:
Test (bun on ubuntu-latest)	Run tests (Bun)	2026-06-04T23:54:23.0559885Z (pass) issue 93 - proof and solver artifact adapters > normalizes proof assistant and solver artifacts into bounded provenance-bearing evidence [1.76ms]
Test (bun on ubuntu-latest)	Run tests (Bun)	2026-06-04T23:54:23.0565567Z (pass) issue 93 - proof and solver artifact adapters > attaches artifact evidence through analyzeStatement without producing absolute confidence [0.57ms]
Test (bun on ubuntu-latest)	Run tests (Bun)	2026-06-04T23:54:23.0566290Z
Test (bun on ubuntu-latest)	Run tests (Bun)	2026-06-04T23:54:23.0566610Z ##[endgroup]
Test (bun on ubuntu-latest)	Run tests (Bun)	2026-06-04T23:54:23.0566776Z
Test (bun on ubuntu-latest)	Run tests (Bun)	2026-06-04T23:54:23.0567086Z ##[group]js/tests/integration/issue-69.test.js:
Test (bun on ubuntu-latest)	Run tests (Bun)	2026-06-04T23:54:23.0593408Z (pass) issue 69 - relative-meta-logic computability adapter > maps supported formalization levels to relative-meta-logic inputs [2.38ms]
Test (bun on ubuntu-latest)	Run tests (Bun)	2026-06-04T23:54:23.0598111Z (pass) issue 69 - relative-meta-logic computability adapter > uses a provided relative-meta-logic engine for arithmetic extraction [0.37ms]
Test (bun on ubuntu-latest)	Run tests (Bun)	2026-06-04T23:54:23.0600368Z (pass) issue 69 - relative-meta-logic computability adapter > keeps local arithmetic as the fallback when RML is unavailable [0.22ms]
Test (bun on ubuntu-latest)	Run tests (Bun)	2026-06-04T23:54:23.0602132Z (pass) issue 69 - relative-meta-logic computability adapter > pins the inspected upstream relative-meta-logic source [0.06ms]
Test (bun on ubuntu-latest)	Run tests (Bun)	2026-06-04T23:54:23.0602655Z
Test (bun on ubuntu-latest)	Run tests (Bun)	2026-06-04T23:54:23.0603161Z ##[endgroup]
Test (bun on ubuntu-latest)	Run tests (Bun)	2026-06-04T23:54:23.0603378Z
Test (bun on ubuntu-latest)	Run tests (Bun)	2026-06-04T23:54:23.0603849Z ##[group]js/tests/integration/issue-63.test.js:
Test (bun on ubuntu-latest)	Run tests (Bun)	2026-06-04T23:54:23.0870373Z (pass) issue 63 - durable Doublets-backed storage > round-trips statement and evidence links without losing identity, provenance, Unicode, or versions [25.28ms]
Test (bun on ubuntu-latest)	Run tests (Bun)	2026-06-04T23:54:23.0890747Z (pass) issue 63 - durable Doublets-backed storage > imports current links-network fixtures as portable case data [1.95ms]
Test (bun on ubuntu-latest)	Run tests (Bun)	2026-06-04T23:54:23.0893508Z
Test (bun on ubuntu-latest)	Run tests (Bun)	2026-06-04T23:54:23.0894453Z ##[endgroup]
Test (bun on ubuntu-latest)	Run tests (Bun)	2026-06-04T23:54:23.0895022Z
Test (bun on ubuntu-latest)	Run tests (Bun)	2026-06-04T23:54:23.0895601Z ##[group]js/tests/unit/js-rust-parity.test.js:
Test (bun on ubuntu-latest)	Run tests (Bun)	2026-06-04T23:54:23.0979914Z (pass) JS <-> Rust parity guardrail > declares at least the issue #126 context module pair [1.51ms]
Test (bun on ubuntu-latest)	Run tests (Bun)	2026-06-04T23:54:23.1329223Z (pass) JS <-> Rust parity guardrail > validates manifest paths and passes when no diff is available [37.64ms]
Test (bun on ubuntu-latest)	Run tests (Bun)	2026-06-04T23:54:23.1645191Z (pass) JS <-> Rust parity guardrail > passes when both sides of a pair change together [31.64ms]
Test (bun on ubuntu-latest)	Run tests (Bun)	2026-06-04T23:54:23.1948967Z (pass) JS <-> Rust parity guardrail > fails when only the JavaScript side changes [30.33ms]
Test (bun on ubuntu-latest)	Run tests (Bun)	2026-06-04T23:54:23.2265075Z (pass) JS <-> Rust parity guardrail > fails when only the Rust side changes [31.62ms]
Test (bun on ubuntu-latest)	Run tests (Bun)	2026-06-04T23:54:23.2563761Z (pass) JS <-> Rust parity guardrail > ignores changes outside every mirrored pair [29.86ms]
Test (bun on ubuntu-latest)	Run tests (Bun)	2026-06-04T23:54:23.2564963Z (pass) JS <-> Rust parity guardrail > ships a manifest whose every path exists on disk [0.17ms]
Test (bun on ubuntu-latest)	Run tests (Bun)	2026-06-04T23:54:23.2565868Z
Test (bun on ubuntu-latest)	Run tests (Bun)	2026-06-04T23:54:23.2566237Z ##[endgroup]
Test (bun on ubuntu-latest)	Run tests (Bun)	2026-06-04T23:54:23.2566389Z
Test (bun on ubuntu-latest)	Run tests (Bun)	2026-06-04T23:54:23.2566690Z ##[group]js/tests/unit/issue-52.test.js:
Test (bun on ubuntu-latest)	Run tests (Bun)	2026-06-04T23:54:23.2606207Z (pass) issue 52 - Translate request churn and answers > coalesces concurrent Wikimedia 404s and caches negative results [1.67ms]
Test (bun on ubuntu-latest)	Run tests (Bun)	2026-06-04T23:54:23.2608826Z (pass) issue 52 - Translate request churn and answers > normalizes Wiktionary lookup text before calling the definition API [0.24ms]
Test (bun on ubuntu-latest)	Run tests (Bun)	2026-06-04T23:54:23.2612969Z (pass) issue 52 - Translate request churn and answers > batches same-tick Wikidata entity hydration requests [0.43ms]
Test (bun on ubuntu-latest)	Run tests (Bun)	2026-06-04T23:54:23.2628915Z (pass) issue 52 - Translate request churn and answers > batches target-language Wikidata label requests during translation [1.56ms]
Test (bun on ubuntu-latest)	Run tests (Bun)	2026-06-04T23:54:23.2656836Z (pass) issue 52 - Translate request churn and answers > applies selected question answers to translated output [2.81ms]
Test (bun on ubuntu-latest)	Run tests (Bun)	2026-06-04T23:54:23.2657326Z
Test (bun on ubuntu-latest)	Run tests (Bun)	2026-06-04T23:54:23.2657624Z ##[endgroup]
Test (bun on ubuntu-latest)	Run tests (Bun)	2026-06-04T23:54:23.2657770Z
Test (bun on ubuntu-latest)	Run tests (Bun)	2026-06-04T23:54:23.2658031Z ##[group]js/tests/unit/issue-108.test.js:
Test (bun on ubuntu-latest)	Run tests (Bun)	2026-06-04T23:54:23.2743543Z (pass) issue 108 - unified term data source > merges Wikimedia term data with provenance and dual cache artifacts [6.71ms]
Test (bun on ubuntu-latest)	Run tests (Bun)	2026-06-04T23:54:23.2760412Z (pass) issue 108 - unified term data source > caches repeated top-level getTerm calls [1.70ms]
Test (bun on ubuntu-latest)	Run tests (Bun)	2026-06-04T23:54:23.2761090Z
Test (bun on ubuntu-latest)	Run tests (Bun)	2026-06-04T23:54:23.2761568Z ##[endgroup]
Test (bun on ubuntu-latest)	Run tests (Bun)	2026-06-04T23:54:23.2761787Z
Test (bun on ubuntu-latest)	Run tests (Bun)	2026-06-04T23:54:23.2762294Z ##[group]js/tests/unit/issue-96-paragraphs.test.js:
Test (bun on ubuntu-latest)	Run tests (Bun)	2026-06-04T23:54:23.2776825Z (pass) issue 96 - paragraph extraction helpers > collapses internal whitespace and non-breaking spaces [1.04ms]
Test (bun on ubuntu-latest)	Run tests (Bun)	2026-06-04T23:54:23.2778281Z (pass) issue 96 - paragraph extraction helpers > splits an extract into normalized non-empty paragraphs [0.12ms]
Test (bun on ubuntu-latest)	Run tests (Bun)	2026-06-04T23:54:23.2780012Z (pass) issue 96 - paragraph extraction helpers > splits on single newlines as used by Wikipedia explaintext extracts [0.04ms]
Test (bun on ubuntu-latest)	Run tests (Bun)	2026-06-04T23:54:23.2781476Z (pass) issue 96 - paragraph extraction helpers > returns the first normalized paragraph or an empty string [0.06ms]
Test (bun on ubuntu-latest)	Run tests (Bun)	2026-06-04T23:54:23.2783003Z (pass) issue 96 - reference alignment scorer > scores set overlap precision, recall, and F1 against a reference [0.17ms]
Test (bun on ubuntu-latest)	Run tests (Bun)	2026-06-04T23:54:23.2784456Z (pass) issue 96 - reference alignment scorer > keeps only target-script tokens when a script filter is given [0.07ms]
Test (bun on ubuntu-latest)	Run tests (Bun)	2026-06-04T23:54:23.2785884Z (pass) issue 96 - reference alignment scorer > ignores global flags on the script filter so no tokens are skipped [0.12ms]
Test (bun on ubuntu-latest)	Run tests (Bun)	2026-06-04T23:54:23.2787152Z (pass) issue 96 - reference alignment scorer > returns zeroed metrics for empty input [0.06ms]
Test (bun on ubuntu-latest)	Run tests (Bun)	2026-06-04T23:54:23.2787869Z
Test (bun on ubuntu-latest)	Run tests (Bun)	2026-06-04T23:54:23.2788316Z ##[endgroup]
Test (bun on ubuntu-latest)	Run tests (Bun)	2026-06-04T23:54:23.2788580Z
Test (bun on ubuntu-latest)	Run tests (Bun)	2026-06-04T23:54:23.2789269Z ##[group]js/tests/unit/file-line-limits.test.js:
Test (bun on ubuntu-latest)	Run tests (Bun)	2026-06-04T23:54:23.3032920Z (pass) file line limit checker > fails tracked Rust, JavaScript, and Markdown files above the limit [23.58ms]
Test (bun on ubuntu-latest)	Run tests (Bun)	2026-06-04T23:54:23.3152071Z (pass) file line limit checker > ignores case-study Markdown and unrelated file types [11.94ms]
Test (bun on ubuntu-latest)	Run tests (Bun)	2026-06-04T23:54:23.3288234Z (pass) file line limit checker > warns before the hard line limit without failing [13.62ms]
Test (bun on ubuntu-latest)	Run tests (Bun)	2026-06-04T23:54:23.3289273Z
Test (bun on ubuntu-latest)	Run tests (Bun)	2026-06-04T23:54:23.3289698Z ##[endgroup]
Test (bun on ubuntu-latest)	Run tests (Bun)	2026-06-04T23:54:23.3289868Z
Test (bun on ubuntu-latest)	Run tests (Bun)	2026-06-04T23:54:23.3290240Z ##[group]js/tests/unit/documentation.test.js:
Test (bun on ubuntu-latest)	Run tests (Bun)	2026-06-04T23:54:23.3304022Z (pass) vision documentation > promotes the canonical requirements and roadmap into docs [1.08ms]
Test (bun on ubuntu-latest)	Run tests (Bun)	2026-06-04T23:54:23.3315465Z (pass) vision documentation > keeps first-class docs in links terminology [1.15ms]
Test (bun on ubuntu-latest)	Run tests (Bun)	2026-06-04T23:54:23.3317316Z (pass) vision documentation > keeps competitor parity research current and linked to follow-up issues [0.17ms]
Test (bun on ubuntu-latest)	Run tests (Bun)	2026-06-04T23:54:23.3319201Z (pass) vision documentation > tracks the formal-ai compatibility contract as a first-class doc [0.16ms]
Test (bun on ubuntu-latest)	Run tests (Bun)	2026-06-04T23:54:23.3319866Z
Test (bun on ubuntu-latest)	Run tests (Bun)	2026-06-04T23:54:23.3320219Z ##[endgroup]
Test (bun on ubuntu-latest)	Run tests (Bun)	2026-06-04T23:54:23.3320464Z
Test (bun on ubuntu-latest)	Run tests (Bun)	2026-06-04T23:54:23.3321165Z ##[group]js/tests/unit/tag-prefix.test.js:
Test (bun on ubuntu-latest)	Run tests (Bun)	2026-06-04T23:54:23.3328282Z (pass) tag prefix logic > defaults to "v" prefix (backward compatible) [0.05ms]
Test (bun on ubuntu-latest)	Run tests (Bun)	2026-06-04T23:54:23.3329578Z (pass) tag prefix logic > supports "js-v" prefix for multi-language repos [0.03ms]
Test (bun on ubuntu-latest)	Run tests (Bun)	2026-06-04T23:54:23.3330461Z (pass) tag prefix logic > supports "rust-v" prefix [0.02ms]
Test (bun on ubuntu-latest)	Run tests (Bun)	2026-06-04T23:54:23.3330989Z (pass) tag prefix logic > supports empty prefix [0.02ms]
Test (bun on ubuntu-latest)	Run tests (Bun)	2026-06-04T23:54:23.3331710Z (pass) tag prefix logic > works with pre-release versions [0.02ms]
Test (bun on ubuntu-latest)	Run tests (Bun)	2026-06-04T23:54:23.3332222Z
Test (bun on ubuntu-latest)	Run tests (Bun)	2026-06-04T23:54:23.3332753Z ##[endgroup]
Test (bun on ubuntu-latest)	Run tests (Bun)	2026-06-04T23:54:23.3333011Z
Test (bun on ubuntu-latest)	Run tests (Bun)	2026-06-04T23:54:23.3333511Z ##[group]js/tests/unit/issue-20.test.js:
Test (bun on ubuntu-latest)	Run tests (Bun)	2026-06-04T23:54:23.3341106Z (pass) issue 20 — Jenni AI comparison expansion > adds a focused academic-writing assistant feature lens [0.19ms]
Test (bun on ubuntu-latest)	Run tests (Bun)	2026-06-04T23:54:23.3342538Z (pass) issue 20 — Jenni AI comparison expansion > archives the issue-specific research trail [0.11ms]
Test (bun on ubuntu-latest)	Run tests (Bun)	2026-06-04T23:54:23.3343156Z
Test (bun on ubuntu-latest)	Run tests (Bun)	2026-06-04T23:54:23.3343590Z ##[endgroup]
Test (bun on ubuntu-latest)	Run tests (Bun)	2026-06-04T23:54:23.3343807Z
Test (bun on ubuntu-latest)	Run tests (Bun)	2026-06-04T23:54:23.3344521Z ##[group]js/tests/unit/workflow.test.js:
Test (bun on ubuntu-latest)	Run tests (Bun)	2026-06-04T23:54:23.3366076Z (pass) js workflow publishing boundaries > deploys the static web prototype through GitHub Pages [0.11ms]
Test (bun on ubuntu-latest)	Run tests (Bun)	2026-06-04T23:54:23.3367361Z (pass) js workflow publishing boundaries > keeps Pages deployment independent from npm release publication [0.05ms]
Test (bun on ubuntu-latest)	Run tests (Bun)	2026-06-04T23:54:23.3368952Z (pass) js workflow publishing boundaries > requires an explicit repository variable before automatic npm publishing [0.03ms]
Test (bun on ubuntu-latest)	Run tests (Bun)	2026-06-04T23:54:23.3370334Z (pass) js workflow publishing boundaries > checks line limits for Rust, JavaScript, and Markdown changes [0.07ms]
Test (bun on ubuntu-latest)	Run tests (Bun)	2026-06-04T23:54:23.3371231Z (pass) js workflow publishing boundaries > runs JavaScript tests only on Bun and Linux [0.07ms]
Test (bun on ubuntu-latest)	Run tests (Bun)	2026-06-04T23:54:23.3371913Z (pass) js workflow publishing boundaries > uses targeted checkout for changeset validation [0.05ms]
Test (bun on ubuntu-latest)	Run tests (Bun)	2026-06-04T23:54:23.3372513Z (pass) rust workflow checks coverage > runs lint and clippy on workspace [0.04ms]
Test (bun on ubuntu-latest)	Run tests (Bun)	2026-06-04T23:54:23.3373079Z (pass) rust workflow checks coverage > runs the full workspace test suite on Linux [0.08ms]
Test (bun on ubuntu-latest)	Run tests (Bun)	2026-06-04T23:54:23.3373426Z
Test (bun on ubuntu-latest)	Run tests (Bun)	2026-06-04T23:54:23.3373681Z ##[endgroup]
Test (bun on ubuntu-latest)	Run tests (Bun)	2026-06-04T23:54:23.3373794Z
Test (bun on ubuntu-latest)	Run tests (Bun)	2026-06-04T23:54:23.3374055Z ##[group]js/tests/unit/prototype.test.js:
Test (bun on ubuntu-latest)	Run tests (Bun)	2026-06-04T23:54:23.3386756Z (pass) meta-expression prototype pipeline > keeps user selection as an explicit pipeline boundary [0.12ms]
Test (bun on ubuntu-latest)	Run tests (Bun)	2026-06-04T23:54:23.3392835Z (pass) meta-expression prototype pipeline > evaluates fully computable arithmetic statements exactly [0.60ms]
Test (bun on ubuntu-latest)	Run tests (Bun)	2026-06-04T23:54:23.3399628Z (pass) meta-expression prototype pipeline > represents real-world evidence as non-absolute links with provenance [0.63ms]
Test (bun on ubuntu-latest)	Run tests (Bun)	2026-06-04T23:54:23.3405704Z (pass) meta-expression prototype pipeline > supports the Moon-Sun orbit claim through a Wikidata parent-body chain [0.63ms]
Test (bun on ubuntu-latest)	Run tests (Bun)	2026-06-04T23:54:23.3410936Z (pass) meta-expression prototype pipeline > uses bounded Wikidata-backed evidence for a person alive claim [0.53ms]
Test (bun on ubuntu-latest)	Run tests (Bun)	2026-06-04T23:54:23.3417668Z (pass) meta-expression prototype pipeline > turns local user beliefs into support or refutation evidence [0.66ms]
Test (bun on ubuntu-latest)	Run tests (Bun)	2026-06-04T23:54:23.3419356Z (pass) meta-expression prototype pipeline > marks self-referential false statements as undetermined [0.17ms]
Test (bun on ubuntu-latest)	Run tests (Bun)	2026-06-04T23:54:23.3421909Z (pass) meta-expression prototype pipeline > serializes the selected links network to Links Notation text [0.25ms]
Test (bun on ubuntu-latest)	Run tests (Bun)	2026-06-04T23:54:23.3433904Z (pass) meta-expression prototype pipeline > exposes prepared examples, level descriptions, and report URLs [1.16ms]
Test (bun on ubuntu-latest)	Run tests (Bun)	2026-06-04T23:54:23.3479603Z (pass) Wikimedia live evidence client > resolves live Wikimedia evidence with reusable cache and statement templates [4.56ms]
Test (bun on ubuntu-latest)	Run tests (Bun)	2026-06-04T23:54:23.3480355Z
Test (bun on ubuntu-latest)	Run tests (Bun)	2026-06-04T23:54:23.3480628Z ##[endgroup]
Test (bun on ubuntu-latest)	Run tests (Bun)	2026-06-04T23:54:23.3480744Z
Test (bun on ubuntu-latest)	Run tests (Bun)	2026-06-04T23:54:23.3481023Z ##[group]js/tests/unit/package-identity.test.js:
Test (bun on ubuntu-latest)	Run tests (Bun)	2026-06-04T23:54:23.3513458Z (pass) package identity > publishes the documented meta-expression package identity [1.05ms]
Test (bun on ubuntu-latest)	Run tests (Bun)	2026-06-04T23:54:23.3514565Z (pass) package identity > keeps project docs aligned with the published package name [0.12ms]
Test (bun on ubuntu-latest)	Run tests (Bun)	2026-06-04T23:54:23.3517410Z 386 |   return {
Test (bun on ubuntu-latest)	Run tests (Bun)	2026-06-04T23:54:23.3517914Z 387 |     // Bun/Jest: expect(x).toBe(y) - strict equality
Test (bun on ubuntu-latest)	Run tests (Bun)	2026-06-04T23:54:23.3518275Z 388 |     toBe(expected, message) {
Test (bun on ubuntu-latest)	Run tests (Bun)	2026-06-04T23:54:23.3518554Z 389 |       if (actual !== expected) {
Test (bun on ubuntu-latest)	Run tests (Bun)	2026-06-04T23:54:23.3519315Z 390 |         const defaultMessage = `Expected ${JSON.stringify(actual)} to be ${JSON.stringify(expected)}`;
Test (bun on ubuntu-latest)	Run tests (Bun)	2026-06-04T23:54:23.3520173Z 391 |         throw new Error(message || defaultMessage);
Test (bun on ubuntu-latest)	Run tests (Bun)	2026-06-04T23:54:23.3520661Z                                                        ^
Test (bun on ubuntu-latest)	Run tests (Bun)	2026-06-04T23:54:23.3521206Z error: Expected false to be true
Test (bun on ubuntu-latest)	Run tests (Bun)	2026-06-04T23:54:23.3522024Z       at toBe (/home/runner/work/meta-expression/meta-expression/node_modules/test-anywhere/src/index.js:391:50)
Test (bun on ubuntu-latest)	Run tests (Bun)	2026-06-04T23:54:23.3522809Z       at <anonymous> (/home/runner/work/meta-expression/meta-expression/js/tests/unit/package-identity.test.js:64:55)
Test (bun on ubuntu-latest)	Run tests (Bun)	2026-06-04T23:54:23.3523270Z
Test (bun on ubuntu-latest)	Run tests (Bun)	2026-06-04T23:54:23.3548937Z ##[error]
Test (bun on ubuntu-latest)	Run tests (Bun)	      at toBe (/home/runner/work/meta-expression/meta-expression/node_modules/test-anywhere/src/index.js:391:50)
Test (bun on ubuntu-latest)	Run tests (Bun)	      at <anonymous> (/home/runner/work/meta-expression/meta-expression/js/tests/unit/package-identity.test.js:64:55)
Test (bun on ubuntu-latest)	Run tests (Bun)	2026-06-04T23:54:23.3559792Z (fail) package identity > targets meta-expression in active changesets and release tooling [0.31ms]
Test (bun on ubuntu-latest)	Run tests (Bun)	2026-06-04T23:54:23.3560234Z
Test (bun on ubuntu-latest)	Run tests (Bun)	2026-06-04T23:54:23.3560497Z ##[endgroup]
Test (bun on ubuntu-latest)	Run tests (Bun)	2026-06-04T23:54:23.3560619Z
Test (bun on ubuntu-latest)	Run tests (Bun)	2026-06-04T23:54:23.3560880Z ##[group]js/tests/unit/index.test.js:
Test (bun on ubuntu-latest)	Run tests (Bun)	2026-06-04T23:54:23.3561659Z (pass) add function > should add two positive numbers [0.03ms]
Test (bun on ubuntu-latest)	Run tests (Bun)	2026-06-04T23:54:23.3562332Z (pass) add function > should add negative numbers [0.02ms]
Test (bun on ubuntu-latest)	Run tests (Bun)	2026-06-04T23:54:23.3563061Z (pass) add function > should add zero [0.01ms]
Test (bun on ubuntu-latest)	Run tests (Bun)	2026-06-04T23:54:23.3563877Z (pass) multiply function > should multiply two positive numbers [0.07ms]
Test (bun on ubuntu-latest)	Run tests (Bun)	2026-06-04T23:54:23.3564777Z (pass) multiply function > should multiply by zero [0.02ms]
Test (bun on ubuntu-latest)	Run tests (Bun)	2026-06-04T23:54:23.3565677Z (pass) multiply function > should multiply negative numbers [0.02ms]
Test (bun on ubuntu-latest)	Run tests (Bun)	2026-06-04T23:54:23.3566193Z
Test (bun on ubuntu-latest)	Run tests (Bun)	2026-06-04T23:54:23.3566684Z ##[endgroup]
Test (bun on ubuntu-latest)	Run tests (Bun)	2026-06-04T23:54:23.3566932Z
Test (bun on ubuntu-latest)	Run tests (Bun)	2026-06-04T23:54:23.3567445Z ##[group]js/tests/e2e/issue-62.test.js:
Test (bun on ubuntu-latest)	Run tests (Bun)	2026-06-04T23:54:23.3568921Z (pass) issue 62 - official Links Notation and lino-arguments > parses official Links Notation tuples through the current Lino API [0.35ms]
Test (bun on ubuntu-latest)	Run tests (Bun)	2026-06-04T23:54:23.3589819Z (pass) issue 62 - official Links Notation and lino-arguments > loads CLI defaults from a Links Notation configuration file [4.52ms]
Test (bun on ubuntu-latest)	Run tests (Bun)	2026-06-04T23:54:23.3636244Z (pass) issue 62 - official Links Notation and lino-arguments > applies a Links Notation preference profile from the CLI [4.64ms]
Test (bun on ubuntu-latest)	Run tests (Bun)	2026-06-04T23:54:23.3636789Z
Test (bun on ubuntu-latest)	Run tests (Bun)	2026-06-04T23:54:23.3637053Z ##[endgroup]
Test (bun on ubuntu-latest)	Run tests (Bun)	2026-06-04T23:54:23.3637181Z
Test (bun on ubuntu-latest)	Run tests (Bun)	2026-06-04T23:54:23.3994351Z ##[group]js/tests/e2e/issue-110.test.js:
Test (bun on ubuntu-latest)	Run tests (Bun)	2026-06-04T23:54:23.3995502Z (pass) issue 110 - doublets-web browser store > keeps the doublets-web browser store in the static module graph [32.30ms]
Test (bun on ubuntu-latest)	Run tests (Bun)	2026-06-04T23:54:23.9050266Z (pass) issue 110 - doublets-web browser store > stores and loads portable meta-language links in a browser [502.50ms]
Test (bun on ubuntu-latest)	Run tests (Bun)	2026-06-04T23:54:23.9052504Z
Test (bun on ubuntu-latest)	Run tests (Bun)	2026-06-04T23:54:23.9079822Z ##[endgroup]
Test (bun on ubuntu-latest)	Run tests (Bun)	2026-06-04T23:54:23.9109619Z
Test (bun on ubuntu-latest)	Run tests (Bun)	2026-06-04T23:54:23.9110682Z ##[group]js/tests/e2e/issue-15.test.js:
Test (bun on ubuntu-latest)	Run tests (Bun)	2026-06-04T23:54:23.9140407Z (pass) issue 15 — formalize text into Wikipedia/Wikidata-anchored phrases > tokenizes input and tags stop-only single-token n-grams (issue #21) [0.25ms]
Test (bun on ubuntu-latest)	Run tests (Bun)	2026-06-04T23:54:23.9170655Z (pass) issue 15 — formalize text into Wikipedia/Wikidata-anchored phrases > prefers the longest non-overlapping match (Barack Obama as one entity) [3.11ms]
Test (bun on ubuntu-latest)	Run tests (Bun)	2026-06-04T23:54:23.9172988Z (pass) issue 15 — formalize text into Wikipedia/Wikidata-anchored phrases > emits HTML link with title containing the Q id (F6) [0.85ms]
Test (bun on ubuntu-latest)	Run tests (Bun)	2026-06-04T23:54:23.9174792Z (pass) issue 15 — formalize text into Wikipedia/Wikidata-anchored phrases > renders Markdown with [phrase](url "Qid") shape (F8) [0.71ms]
Test (bun on ubuntu-latest)	Run tests (Bun)	2026-06-04T23:54:23.9176290Z (pass) issue 15 — formalize text into Wikipedia/Wikidata-anchored phrases > falls back to Wikidata page when no enwiki sitelink (properties) [1.46ms]
Test (bun on ubuntu-latest)	Run tests (Bun)	2026-06-04T23:54:23.9178203Z (pass) issue 15 — formalize text into Wikipedia/Wikidata-anchored phrases > respects local viewer toggle for entities and properties (F7) [0.11ms]
Test (bun on ubuntu-latest)	Run tests (Bun)	2026-06-04T23:54:23.9180782Z (pass) issue 15 — formalize text into Wikipedia/Wikidata-anchored phrases > always switches link targets to Wikidata when mode=wikidata [0.05ms]
Test (bun on ubuntu-latest)	Run tests (Bun)	2026-06-04T23:54:23.9182557Z (pass) issue 15 — formalize text into Wikipedia/Wikidata-anchored phrases > aggregates contexts with weight and probability (F10/F11) [2.40ms]
Test (bun on ubuntu-latest)	Run tests (Bun)	2026-06-04T23:54:23.9292560Z (pass) issue 15 — formalize text into Wikipedia/Wikidata-anchored phrases > produces at most maxInterpretations interpretations (F13) [13.24ms]
Test (bun on ubuntu-latest)	Run tests (Bun)	2026-06-04T23:54:23.9304995Z (pass) issue 15 — formalize text into Wikipedia/Wikidata-anchored phrases > emits Links Notation with phrase and context lines (F9) [1.32ms]
Test (bun on ubuntu-latest)	Run tests (Bun)	2026-06-04T23:54:23.9314858Z (pass) issue 15 — formalize text into Wikipedia/Wikidata-anchored phrases > reuses cache for repeated calls (F15) [0.96ms]
Test (bun on ubuntu-latest)	Run tests (Bun)	2026-06-04T23:54:23.9327792Z (pass) issue 15 — formalize text into Wikipedia/Wikidata-anchored phrases > keeps every word in a phrase, even without a Wikidata match [0.78ms]
Test (bun on ubuntu-latest)	Run tests (Bun)	2026-06-04T23:54:23.9329338Z (pass) issue 15 — formalize text into Wikipedia/Wikidata-anchored phrases > builds Markdown and HTML links via the standalone helpers [0.37ms]
Test (bun on ubuntu-latest)	Run tests (Bun)	2026-06-04T23:54:23.9333305Z (pass) issue 15 — formalize text into Wikipedia/Wikidata-anchored phrases > routes default-tier traffic to Wikipedia, Wikidata, and Wiktionary endpoints [0.61ms]
Test (bun on ubuntu-latest)	Run tests (Bun)	2026-06-04T23:54:23.9338139Z (pass) issue 15 — formalize text into Wikipedia/Wikidata-anchored phrases > still uses only the Wikidata endpoint when sources are explicitly set to Wikidata [0.47ms]
Test (bun on ubuntu-latest)	Run tests (Bun)	2026-06-04T23:54:23.9342751Z (pass) issue 15 — layered sources, overrides, big contexts > parses source spec tokens into source instances [0.49ms]
Test (bun on ubuntu-latest)	Run tests (Bun)	2026-06-04T23:54:23.9354096Z (pass) issue 15 — layered sources, overrides, big contexts > layers WordNet + Wikidata candidates via createWordNetSource [1.09ms]
Test (bun on ubuntu-latest)	Run tests (Bun)	2026-06-04T23:54:23.9363090Z (pass) issue 15 — layered sources, overrides, big contexts > routes Fandom-only entities through their sourceUrl [0.88ms]
Test (bun on ubuntu-latest)	Run tests (Bun)	2026-06-04T23:54:23.9364863Z (pass) issue 15 — layered sources, overrides, big contexts > builds an override map and short-circuits search to keep tests deterministic [0.13ms]
Test (bun on ubuntu-latest)	Run tests (Bun)	2026-06-04T23:54:23.9374657Z (pass) issue 15 — layered sources, overrides, big contexts > overrides outrank live Wikidata search candidates [0.74ms]
Test (bun on ubuntu-latest)	Run tests (Bun)	2026-06-04T23:54:23.9376750Z (pass) issue 15 — layered sources, overrides, big contexts > aggregates big-context categories via transitive graph traversal [0.52ms]
Test (bun on ubuntu-latest)	Run tests (Bun)	2026-06-04T23:54:23.9388584Z (pass) issue 15 — layered sources, overrides, big contexts > exposes bigContexts in formalize result alongside flat contexts [1.18ms]
Test (bun on ubuntu-latest)	Run tests (Bun)	2026-06-04T23:54:23.9424685Z (pass) issue 15 — CLI: formalize subcommand > parses formalize-specific flags [3.59ms]
Test (bun on ubuntu-latest)	Run tests (Bun)	2026-06-04T23:54:23.9459525Z (pass) issue 15 — CLI: formalize subcommand > runs the formalize subcommand and emits markdown [3.44ms]
Test (bun on ubuntu-latest)	Run tests (Bun)	2026-06-04T23:54:23.9824229Z (pass) issue 15 — HTTP /formalize endpoint with persistent cache > persists results to dual-format cache and reuses them on the next request [36.39ms]
Test (bun on ubuntu-latest)	Run tests (Bun)	2026-06-04T23:54:23.9921979Z (pass) issue 15 — HTTP /formalize endpoint with persistent cache > returns lino body via format=lino with cache headers [9.77ms]
Test (bun on ubuntu-latest)	Run tests (Bun)	2026-06-04T23:54:24.0069274Z (pass) issue 15 — HTTP /formalize endpoint with persistent cache > honours POST overrides and varies cache key by overrides payload [14.71ms]
Test (bun on ubuntu-latest)	Run tests (Bun)	2026-06-04T23:54:24.0121671Z (pass) issue 15 — HTTP /formalize endpoint with persistent cache > returns 400 when input parameter is missing [5.31ms]
Test (bun on ubuntu-latest)	Run tests (Bun)	2026-06-04T23:54:24.0124788Z (pass) issue 15 — auto-generated formalize library docs > keeps docs/FORMALIZE.md in sync with src/formalize*.js JSDoc [0.33ms]
Test (bun on ubuntu-latest)	Run tests (Bun)	2026-06-04T23:54:24.0127215Z (pass) issue 15 — Links Notation codec > round-trips a nested object through indented .lino [0.26ms]
Test (bun on ubuntu-latest)	Run tests (Bun)	2026-06-04T23:54:24.0129284Z (pass) issue 15 — Links Notation codec > parses the repository overrides.lino format [0.18ms]
Test (bun on ubuntu-latest)	Run tests (Bun)	2026-06-04T23:54:24.0131566Z (pass) issue 15 — Links Notation codec > accepts both .lino and legacy JSON via decodeOverridesText [0.23ms]
Test (bun on ubuntu-latest)	Run tests (Bun)	2026-06-04T23:54:24.0134217Z (pass) issue 15 — doublets binary store > round-trips primitives, arrays, and objects [0.26ms]
Test (bun on ubuntu-latest)	Run tests (Bun)	2026-06-04T23:54:24.0135626Z (pass) issue 15 — doublets binary store > encodes strings as unicode-sequence chains [0.15ms]
Test (bun on ubuntu-latest)	Run tests (Bun)	2026-06-04T23:54:24.0136133Z
Test (bun on ubuntu-latest)	Run tests (Bun)	2026-06-04T23:54:24.0136474Z ##[endgroup]
Test (bun on ubuntu-latest)	Run tests (Bun)	2026-06-04T23:54:24.0136616Z
Test (bun on ubuntu-latest)	Run tests (Bun)	2026-06-04T23:54:24.0136895Z ##[group]js/tests/e2e/issue-27.test.js:
Test (bun on ubuntu-latest)	Run tests (Bun)	2026-06-04T23:54:24.0196011Z (pass) issue 27 - uniqueness likelihood > scores exact external matches as citation candidates per statement [2.52ms]
Test (bun on ubuntu-latest)	Run tests (Bun)	2026-06-04T23:54:24.0201361Z (pass) issue 27 - uniqueness likelihood > ignores unrelated rows returned by public search providers [0.55ms]
Test (bun on ubuntu-latest)	Run tests (Bun)	2026-06-04T23:54:24.0266339Z (pass) issue 27 - uniqueness likelihood > wires uniqueness into the CLI, including the issue title typo alias [6.47ms]
Test (bun on ubuntu-latest)	Run tests (Bun)	2026-06-04T23:54:24.0349728Z (pass) issue 27 - uniqueness likelihood > exposes HTTP /uniqueness and /uniquness endpoints [8.31ms]
Test (bun on ubuntu-latest)	Run tests (Bun)	2026-06-04T23:54:24.0352383Z (pass) issue 27 - uniqueness likelihood > documents the HTTP route and exposes the web page shell [0.30ms]
Test (bun on ubuntu-latest)	Run tests (Bun)	2026-06-04T23:54:24.0353111Z
Test (bun on ubuntu-latest)	Run tests (Bun)	2026-06-04T23:54:24.0353494Z ##[endgroup]
Test (bun on ubuntu-latest)	Run tests (Bun)	2026-06-04T23:54:24.0353645Z
Test (bun on ubuntu-latest)	Run tests (Bun)	2026-06-04T23:54:24.0353984Z ##[group]js/tests/e2e/issue-116.test.js:
Test (bun on ubuntu-latest)	Run tests (Bun)	2026-06-04T23:54:24.0746737Z (pass) issue 116 - static web module graph > keeps the GitHub Pages web entrypoints browser-loadable [37.64ms]
Test (bun on ubuntu-latest)	Run tests (Bun)	2026-06-04T23:54:24.0747586Z
Test (bun on ubuntu-latest)	Run tests (Bun)	2026-06-04T23:54:24.0748079Z ##[endgroup]
Test (bun on ubuntu-latest)	Run tests (Bun)	2026-06-04T23:54:24.0748328Z
Test (bun on ubuntu-latest)	Run tests (Bun)	2026-06-04T23:54:24.0749040Z ##[group]js/tests/e2e/issue-17.test.js:
Test (bun on ubuntu-latest)	Run tests (Bun)	2026-06-04T23:54:24.0783670Z (pass) issue 17 - check text statements > detects statements and assigns red-to-green correctness colors [1.10ms]
Test (bun on ubuntu-latest)	Run tests (Bun)	2026-06-04T23:54:24.0789640Z (pass) issue 17 - evidence probability scoring > lets preferences control the probability assigned to evidence situations [0.64ms]
Test (bun on ubuntu-latest)	Run tests (Bun)	2026-06-04T23:54:24.0800062Z (pass) issue 17 - evidence probability scoring > uses belief-system preferences for worldview-sensitive statements [0.95ms]
Test (bun on ubuntu-latest)	Run tests (Bun)	2026-06-04T23:54:24.0826368Z (pass) issue 17 - evidence probability scoring > scores cited Wikipedia statements in the 75-99% band with debug reasoning [2.63ms]
Test (bun on ubuntu-latest)	Run tests (Bun)	2026-06-04T23:54:24.0836685Z (pass) issue 17 - evidence probability scoring > finds similar Wikipedia wording after exact search misses [1.04ms]
Test (bun on ubuntu-latest)	Run tests (Bun)	2026-06-04T23:54:24.0847587Z (pass) issue 17 - evidence probability scoring > allows cited Wikipedia scoring to be tuned by preferences [0.94ms]
Test (bun on ubuntu-latest)	Run tests (Bun)	2026-06-04T23:54:24.0919895Z (pass) issue 17 - check integration surfaces > supports CLI check and fact-check aliases [7.30ms]
Test (bun on ubuntu-latest)	Run tests (Bun)	2026-06-04T23:54:24.1003822Z (pass) issue 17 - check integration surfaces > exposes HTTP /check and /fact-check endpoints [8.38ms]
Test (bun on ubuntu-latest)	Run tests (Bun)	2026-06-04T23:54:24.1008185Z (pass) issue 17 - check integration surfaces > wires the static web app with check and fact-check hash aliases [0.49ms]
Test (bun on ubuntu-latest)	Run tests (Bun)	2026-06-04T23:54:24.1009186Z
Test (bun on ubuntu-latest)	Run tests (Bun)	2026-06-04T23:54:24.1009687Z ##[endgroup]
Test (bun on ubuntu-latest)	Run tests (Bun)	2026-06-04T23:54:24.1009890Z
Test (bun on ubuntu-latest)	Run tests (Bun)	2026-06-04T23:54:24.1010319Z ##[group]js/tests/e2e/issue-16.test.js:
Test (bun on ubuntu-latest)	Run tests (Bun)	2026-06-04T23:54:24.1050102Z (pass) issue 16 — formalize CST for translation > emits a CST that can regenerate formalize Markdown [0.98ms]
Test (bun on ubuntu-latest)	Run tests (Bun)	2026-06-04T23:54:24.1059474Z (pass) issue 16 — translate through formalized Wikidata labels > translates linked phrases with target-language labels and links [0.95ms]
Test (bun on ubuntu-latest)	Run tests (Bun)	2026-06-04T23:54:24.1082127Z (pass) issue 16 — translate through formalized Wikidata labels > translates full sentences and records formalization plus rule steps [2.27ms]
Test (bun on ubuntu-latest)	Run tests (Bun)	2026-06-04T23:54:24.1088847Z (pass) issue 16 — translate through formalized Wikidata labels > keeps unresolved parts as variables with clarifying questions [0.70ms]
Test (bun on ubuntu-latest)	Run tests (Bun)	2026-06-04T23:54:24.1119929Z (pass) issue 16 — CLI and HTTP translate surfaces > parses translate-specific flags [3.08ms]
Test (bun on ubuntu-latest)	Run tests (Bun)	2026-06-04T23:54:24.1161965Z (pass) issue 16 — CLI and HTTP translate surfaces > runs the translate command as Markdown [4.21ms]
Test (bun on ubuntu-latest)	Run tests (Bun)	2026-06-04T23:54:24.1260189Z (pass) issue 16 — CLI and HTTP translate surfaces > serves POST /translate [9.74ms]
Test (bun on ubuntu-latest)	Run tests (Bun)	2026-06-04T23:54:24.1264868Z (pass) issue 16 — web translate surface > adds a translated workspace to the static web app [0.50ms]
Test (bun on ubuntu-latest)	Run tests (Bun)	2026-06-04T23:54:24.1265456Z
Test (bun on ubuntu-latest)	Run tests (Bun)	2026-06-04T23:54:24.1265875Z ##[endgroup]
Test (bun on ubuntu-latest)	Run tests (Bun)	2026-06-04T23:54:24.1266084Z
Test (bun on ubuntu-latest)	Run tests (Bun)	2026-06-04T23:54:24.1266452Z ##[group]js/tests/e2e/issue-43.test.js:
Test (bun on ubuntu-latest)	Run tests (Bun)	2026-06-04T23:54:24.1300801Z (pass) issue 43 - translation quality assessment helpers > extracts a first statement from a multi-paragraph extract [0.19ms]
Test (bun on ubuntu-latest)	Run tests (Bun)	2026-06-04T23:54:24.1302494Z (pass) issue 43 - translation quality assessment helpers > drops parenthetical Latin and Cyrillic asides from leading sentences [0.12ms]
Test (bun on ubuntu-latest)	Run tests (Bun)	2026-06-04T23:54:24.1304001Z (pass) issue 43 - translation quality assessment helpers > returns an empty string when the extract is blank or whitespace [0.04ms]
Test (bun on ubuntu-latest)	Run tests (Bun)	2026-06-04T23:54:24.1305276Z (pass) issue 43 - translation quality assessment helpers > tokenizes Unicode-aware content tokens and drops stop words [0.07ms]
Test (bun on ubuntu-latest)	Run tests (Bun)	2026-06-04T23:54:24.1306737Z (pass) issue 43 - translation quality assessment helpers > computes token coverage as the fraction of unique tokens that overlap [0.08ms]
Test (bun on ubuntu-latest)	Run tests (Bun)	2026-06-04T23:54:24.1307989Z (pass) issue 43 - translation quality assessment helpers > reports zero coverage for completely disjoint texts [0.06ms]
Test (bun on ubuntu-latest)	Run tests (Bun)	2026-06-04T23:54:24.1309693Z (pass) issue 43 - translation quality assessment helpers > normalizes statement keys by collapsing whitespace and trailing punctuation [0.09ms]
Test (bun on ubuntu-latest)	Run tests (Bun)	2026-06-04T23:54:24.1311167Z (pass) issue 43 - translation quality assessment helpers > selects the two largest language versions from a fixture-style entry [0.14ms]
Test (bun on ubuntu-latest)	Run tests (Bun)	2026-06-04T23:54:24.1312521Z (pass) issue 43 - assessArticleTranslation status routing > returns no-statement when the source extract is empty [0.24ms]
Test (bun on ubuntu-latest)	Run tests (Bun)	2026-06-04T23:54:24.1313948Z (pass) issue 43 - assessArticleTranslation status routing > uses a curated translation-fix when the source statement matches [0.24ms]
Test (bun on ubuntu-latest)	Run tests (Bun)	2026-06-04T23:54:24.1315243Z (pass) issue 43 - assessArticleTranslation status routing > marks a source statement as skipped when it is on the skip list [0.18ms]
Test (bun on ubuntu-latest)	Run tests (Bun)	2026-06-04T23:54:24.1330631Z (pass) issue 43 - assessArticleTranslation status routing > matches when the translated tokens cover the target extract [1.66ms]
Test (bun on ubuntu-latest)	Run tests (Bun)	2026-06-04T23:54:24.1356823Z (pass) issue 43 - assessArticleTranslation status routing > promotes round-trip-stable translations to fix-suggested [2.60ms]
Test (bun on ubuntu-latest)	Run tests (Bun)	2026-06-04T23:54:24.1393459Z (pass) issue 43 - Wikipedia top-views integration test > passes the quality bar for every captured article [3.65ms]
Test (bun on ubuntu-latest)	Run tests (Bun)	2026-06-04T23:54:24.1458215Z (pass) issue 43 - Wikipedia top-views integration test > uses the formalize → semantic meta language → naturalize pipeline for every assessed statement [6.33ms]
Test (bun on ubuntu-latest)	Run tests (Bun)	2026-06-04T23:54:24.1460688Z (pass) issue 43 - Wikipedia top-views integration test > summarises results into per-status counts and exposes failures [0.12ms]
Test (bun on ubuntu-latest)	Run tests (Bun)	2026-06-04T23:54:24.1481361Z (pass) issue 43 - Wikipedia top-views integration test > captures a top-10 fixture for April 2026 with two language versions per article [2.31ms]
Test (bun on ubuntu-latest)	Run tests (Bun)	2026-06-04T23:54:24.1528224Z (pass) issue 43 - Wikipedia top-views integration test > exposes the assessment as a translation-quality CLI command [4.69ms]
Test (bun on ubuntu-latest)	Run tests (Bun)	2026-06-04T23:54:24.1545804Z (pass) issue 43 - Wikipedia top-views integration test > exits non-zero from the CLI when any article fails [1.76ms]
Test (bun on ubuntu-latest)	Run tests (Bun)	2026-06-04T23:54:24.1583486Z (pass) issue 43 - Wikipedia top-views integration test > keeps every skip-list entry referenced by a captured article statement [3.70ms]
Test (bun on ubuntu-latest)	Run tests (Bun)	2026-06-04T23:54:24.1584658Z
Test (bun on ubuntu-latest)	Run tests (Bun)	2026-06-04T23:54:24.1599850Z ##[endgroup]
Test (bun on ubuntu-latest)	Run tests (Bun)	2026-06-04T23:54:24.1600050Z
Test (bun on ubuntu-latest)	Run tests (Bun)	2026-06-04T23:54:24.1600221Z 10 tests skipped:
Test (bun on ubuntu-latest)	Run tests (Bun)	2026-06-04T23:54:24.1601585Z (skip) issue 26 — E. NL → logic / triple extraction (roadmap Phase 8) > extracts (Barack Obama; was born in; Hawaii) triple — Stanford OpenIE canonical
Test (bun on ubuntu-latest)	Run tests (Bun)	2026-06-04T23:54:24.1603352Z (skip) issue 26 — E. NL → logic / triple extraction (roadmap Phase 8) > extracts SRL roles for "Mary gave John a book" — AllenNLP canonical
Test (bun on ubuntu-latest)	Run tests (Bun)	2026-06-04T23:54:24.1605104Z (skip) issue 26 — E. NL → logic / triple extraction (roadmap Phase 8) > exposes scope-ambiguous FOL for "Every man loves a woman" — Boxer/Montague
Test (bun on ubuntu-latest)	Run tests (Bun)	2026-06-04T23:54:24.1606784Z (skip) issue 26 — E. NL → logic / triple extraction (roadmap Phase 8) > emits AMR-style CST for "The boy wants to go" — AMR canonical
Test (bun on ubuntu-latest)	Run tests (Bun)	2026-06-04T23:54:24.1608544Z (skip) issue 26 — F. disputed-truth corpora (band-only, Phase 10) > keeps `0 < correctness < 1` for ClaimReview "5G causes coronavirus" — Google Fact Check
Test (bun on ubuntu-latest)	Run tests (Bun)	2026-06-04T23:54:24.1610550Z (skip) issue 26 — F. disputed-truth corpora (band-only, Phase 10) > keeps `0 < correctness < 1` for Snopes "Einstein failed math in school"
Test (bun on ubuntu-latest)	Run tests (Bun)	2026-06-04T23:54:24.1612238Z (skip) issue 26 — F. disputed-truth corpora (band-only, Phase 10) > keeps `0 < correctness < 1` for Politifact "Barack Obama was born in Kenya"
Test (bun on ubuntu-latest)	Run tests (Bun)	2026-06-04T23:54:24.1613929Z (skip) issue 26 — F. disputed-truth corpora (band-only, Phase 10) > keeps `0 < correctness < 1` for Politifact "Crime is at an all-time high"
Test (bun on ubuntu-latest)	Run tests (Bun)	2026-06-04T23:54:24.1615426Z (skip) issue 26 — G. uniqueness / paraphrase > detects paraphrase similarity for SBERT STS-B canonical pair
Test (bun on ubuntu-latest)	Run tests (Bun)	2026-06-04T23:54:24.1616997Z (skip) issue 26 — H. knowledge representation round-trip > round-trips ClaimReview JSON-LD for "Earth orbits the Sun" — Phase 10 evidence interchange
Test (bun on ubuntu-latest)	Run tests (Bun)	2026-06-04T23:54:24.1617878Z
Test (bun on ubuntu-latest)	Run tests (Bun)	2026-06-04T23:54:24.1617885Z
Test (bun on ubuntu-latest)	Run tests (Bun)	2026-06-04T23:54:24.1618012Z 1 tests failed:
Test (bun on ubuntu-latest)	Run tests (Bun)	2026-06-04T23:54:24.1618918Z (fail) package identity > targets meta-expression in active changesets and release tooling [0.31ms]
Test (bun on ubuntu-latest)	Run tests (Bun)	2026-06-04T23:54:24.1619573Z
Test (bun on ubuntu-latest)	Run tests (Bun)	2026-06-04T23:54:24.1619701Z  448 pass
Test (bun on ubuntu-latest)	Run tests (Bun)	2026-06-04T23:54:24.1620022Z  10 skip
Test (bun on ubuntu-latest)	Run tests (Bun)	2026-06-04T23:54:24.1620325Z  1 fail
Test (bun on ubuntu-latest)	Run tests (Bun)	2026-06-04T23:54:24.1620662Z Ran 459 tests across 72 files. [4.67s]
Test (bun on ubuntu-latest)	Run tests (Bun)	2026-06-04T23:54:24.1816795Z ##[error]Process completed with exit code 1.
Test (bun on ubuntu-latest)	Post Run actions/checkout@v6	﻿2026-06-04T23:54:24.1926660Z Post job cleanup.
Test (bun on ubuntu-latest)	Post Run actions/checkout@v6	2026-06-04T23:54:24.2783959Z [command]/usr/bin/git version
Test (bun on ubuntu-latest)	Post Run actions/checkout@v6	2026-06-04T23:54:24.2855243Z git version 2.54.0
Test (bun on ubuntu-latest)	Post Run actions/checkout@v6	2026-06-04T23:54:24.2897968Z Temporarily overriding HOME='/home/runner/work/_temp/6d53b835-3dcc-4856-86c3-a7b9517e770e' before making global git config changes
Test (bun on ubuntu-latest)	Post Run actions/checkout@v6	2026-06-04T23:54:24.2899604Z Adding repository directory to the temporary git global config as a safe directory
Test (bun on ubuntu-latest)	Post Run actions/checkout@v6	2026-06-04T23:54:24.2904899Z [command]/usr/bin/git config --global --add safe.directory /home/runner/work/meta-expression/meta-expression
Test (bun on ubuntu-latest)	Post Run actions/checkout@v6	2026-06-04T23:54:24.2938521Z Removing SSH command configuration
Test (bun on ubuntu-latest)	Post Run actions/checkout@v6	2026-06-04T23:54:24.2945979Z [command]/usr/bin/git config --local --name-only --get-regexp core\.sshCommand
Test (bun on ubuntu-latest)	Post Run actions/checkout@v6	2026-06-04T23:54:24.2980551Z [command]/usr/bin/git submodule foreach --recursive sh -c "git config --local --name-only --get-regexp 'core\.sshCommand' && git config --local --unset-all 'core.sshCommand' || :"
Test (bun on ubuntu-latest)	Post Run actions/checkout@v6	2026-06-04T23:54:24.3206222Z Removing HTTP extra header
Test (bun on ubuntu-latest)	Post Run actions/checkout@v6	2026-06-04T23:54:24.3212306Z [command]/usr/bin/git config --local --name-only --get-regexp http\.https\:\/\/github\.com\/\.extraheader
Test (bun on ubuntu-latest)	Post Run actions/checkout@v6	2026-06-04T23:54:24.3247862Z [command]/usr/bin/git submodule foreach --recursive sh -c "git config --local --name-only --get-regexp 'http\.https\:\/\/github\.com\/\.extraheader' && git config --local --unset-all 'http.https://github.com/.extraheader' || :"
Test (bun on ubuntu-latest)	Post Run actions/checkout@v6	2026-06-04T23:54:24.3471931Z Removing includeIf entries pointing to credentials config files
Test (bun on ubuntu-latest)	Post Run actions/checkout@v6	2026-06-04T23:54:24.3480500Z [command]/usr/bin/git config --local --name-only --get-regexp ^includeIf\.gitdir:
Test (bun on ubuntu-latest)	Post Run actions/checkout@v6	2026-06-04T23:54:24.3506925Z includeif.gitdir:/home/runner/work/meta-expression/meta-expression/.git.path
Test (bun on ubuntu-latest)	Post Run actions/checkout@v6	2026-06-04T23:54:24.3508086Z includeif.gitdir:/home/runner/work/meta-expression/meta-expression/.git/worktrees/*.path
Test (bun on ubuntu-latest)	Post Run actions/checkout@v6	2026-06-04T23:54:24.3509712Z includeif.gitdir:/github/workspace/.git.path
Test (bun on ubuntu-latest)	Post Run actions/checkout@v6	2026-06-04T23:54:24.3510412Z includeif.gitdir:/github/workspace/.git/worktrees/*.path
Test (bun on ubuntu-latest)	Post Run actions/checkout@v6	2026-06-04T23:54:24.3517454Z [command]/usr/bin/git config --local --get-all includeif.gitdir:/home/runner/work/meta-expression/meta-expression/.git.path
Test (bun on ubuntu-latest)	Post Run actions/checkout@v6	2026-06-04T23:54:24.3540171Z /home/runner/work/_temp/git-credentials-40f515ef-acaf-4f9d-92c2-64b86f9fd897.config
Test (bun on ubuntu-latest)	Post Run actions/checkout@v6	2026-06-04T23:54:24.3551801Z [command]/usr/bin/git config --local --unset includeif.gitdir:/home/runner/work/meta-expression/meta-expression/.git.path /home/runner/work/_temp/git-credentials-40f515ef-acaf-4f9d-92c2-64b86f9fd897.config
Test (bun on ubuntu-latest)	Post Run actions/checkout@v6	2026-06-04T23:54:24.3593462Z [command]/usr/bin/git config --local --get-all includeif.gitdir:/home/runner/work/meta-expression/meta-expression/.git/worktrees/*.path
Test (bun on ubuntu-latest)	Post Run actions/checkout@v6	2026-06-04T23:54:24.3611306Z /home/runner/work/_temp/git-credentials-40f515ef-acaf-4f9d-92c2-64b86f9fd897.config
Test (bun on ubuntu-latest)	Post Run actions/checkout@v6	2026-06-04T23:54:24.3620802Z [command]/usr/bin/git config --local --unset includeif.gitdir:/home/runner/work/meta-expression/meta-expression/.git/worktrees/*.path /home/runner/work/_temp/git-credentials-40f515ef-acaf-4f9d-92c2-64b86f9fd897.config
Test (bun on ubuntu-latest)	Post Run actions/checkout@v6	2026-06-04T23:54:24.3651721Z [command]/usr/bin/git config --local --get-all includeif.gitdir:/github/workspace/.git.path
Test (bun on ubuntu-latest)	Post Run actions/checkout@v6	2026-06-04T23:54:24.3673184Z /github/runner_temp/git-credentials-40f515ef-acaf-4f9d-92c2-64b86f9fd897.config
Test (bun on ubuntu-latest)	Post Run actions/checkout@v6	2026-06-04T23:54:24.3682029Z [command]/usr/bin/git config --local --unset includeif.gitdir:/github/workspace/.git.path /github/runner_temp/git-credentials-40f515ef-acaf-4f9d-92c2-64b86f9fd897.config
Test (bun on ubuntu-latest)	Post Run actions/checkout@v6	2026-06-04T23:54:24.3713617Z [command]/usr/bin/git config --local --get-all includeif.gitdir:/github/workspace/.git/worktrees/*.path
Test (bun on ubuntu-latest)	Post Run actions/checkout@v6	2026-06-04T23:54:24.3733701Z /github/runner_temp/git-credentials-40f515ef-acaf-4f9d-92c2-64b86f9fd897.config
Test (bun on ubuntu-latest)	Post Run actions/checkout@v6	2026-06-04T23:54:24.3742958Z [command]/usr/bin/git config --local --unset includeif.gitdir:/github/workspace/.git/worktrees/*.path /github/runner_temp/git-credentials-40f515ef-acaf-4f9d-92c2-64b86f9fd897.config
Test (bun on ubuntu-latest)	Post Run actions/checkout@v6	2026-06-04T23:54:24.3774907Z [command]/usr/bin/git submodule foreach --recursive git config --local --show-origin --name-only --get-regexp remote.origin.url
Test (bun on ubuntu-latest)	Post Run actions/checkout@v6	2026-06-04T23:54:24.3998183Z Removing credentials config '/home/runner/work/_temp/git-credentials-40f515ef-acaf-4f9d-92c2-64b86f9fd897.config'
Test (bun on ubuntu-latest)	Complete job	﻿2026-06-04T23:54:24.4141630Z Cleaning up orphan processes
