Detect Changes	Set up job	﻿2026-06-06T16:54:42.6928266Z Current runner version: '2.334.0'
Detect Changes	Set up job	2026-06-06T16:54:42.6962938Z ##[group]Runner Image Provisioner
Detect Changes	Set up job	2026-06-06T16:54:42.6964177Z Hosted Compute Agent
Detect Changes	Set up job	2026-06-06T16:54:42.6965065Z Version: 20260520.533
Detect Changes	Set up job	2026-06-06T16:54:42.6966324Z Commit: 189110e25284a9812c124fd27b339e2fb4f2f9db
Detect Changes	Set up job	2026-06-06T16:54:42.6967436Z Build Date: 2026-05-20T17:44:04Z
Detect Changes	Set up job	2026-06-06T16:54:42.6968641Z Worker ID: {272b0f0b-a848-4263-99b2-f2f4260715d6}
Detect Changes	Set up job	2026-06-06T16:54:42.6969740Z Azure Region: eastus
Detect Changes	Set up job	2026-06-06T16:54:42.6970584Z ##[endgroup]
Detect Changes	Set up job	2026-06-06T16:54:42.6972768Z ##[group]Operating System
Detect Changes	Set up job	2026-06-06T16:54:42.6973746Z Ubuntu
Detect Changes	Set up job	2026-06-06T16:54:42.6974644Z 24.04.4
Detect Changes	Set up job	2026-06-06T16:54:42.6975640Z LTS
Detect Changes	Set up job	2026-06-06T16:54:42.6976427Z ##[endgroup]
Detect Changes	Set up job	2026-06-06T16:54:42.6977345Z ##[group]Runner Image
Detect Changes	Set up job	2026-06-06T16:54:42.6978234Z Image: ubuntu-24.04
Detect Changes	Set up job	2026-06-06T16:54:42.6979182Z Version: 20260525.161.1
Detect Changes	Set up job	2026-06-06T16:54:42.6980861Z Included Software: https://github.com/actions/runner-images/blob/ubuntu24/20260525.161/images/ubuntu/Ubuntu2404-Readme.md
Detect Changes	Set up job	2026-06-06T16:54:42.6983682Z Image Release: https://github.com/actions/runner-images/releases/tag/ubuntu24%2F20260525.161
Detect Changes	Set up job	2026-06-06T16:54:42.6985202Z ##[endgroup]
Detect Changes	Set up job	2026-06-06T16:54:42.6990151Z ##[group]GITHUB_TOKEN Permissions
Detect Changes	Set up job	2026-06-06T16:54:42.6993195Z Actions: write
Detect Changes	Set up job	2026-06-06T16:54:42.6994286Z ArtifactMetadata: write
Detect Changes	Set up job	2026-06-06T16:54:42.6995195Z Attestations: write
Detect Changes	Set up job	2026-06-06T16:54:42.6996417Z Checks: write
Detect Changes	Set up job	2026-06-06T16:54:42.6997255Z CodeQuality: write
Detect Changes	Set up job	2026-06-06T16:54:42.6998077Z Contents: write
Detect Changes	Set up job	2026-06-06T16:54:42.6999028Z Deployments: write
Detect Changes	Set up job	2026-06-06T16:54:42.6999903Z Discussions: write
Detect Changes	Set up job	2026-06-06T16:54:42.7000838Z Issues: write
Detect Changes	Set up job	2026-06-06T16:54:42.7001699Z Metadata: read
Detect Changes	Set up job	2026-06-06T16:54:42.7002471Z Models: read
Detect Changes	Set up job	2026-06-06T16:54:42.7003387Z Packages: write
Detect Changes	Set up job	2026-06-06T16:54:42.7004423Z Pages: write
Detect Changes	Set up job	2026-06-06T16:54:42.7005610Z PullRequests: write
Detect Changes	Set up job	2026-06-06T16:54:42.7006509Z RepositoryProjects: write
Detect Changes	Set up job	2026-06-06T16:54:42.7007416Z SecurityEvents: write
Detect Changes	Set up job	2026-06-06T16:54:42.7008370Z Statuses: write
Detect Changes	Set up job	2026-06-06T16:54:42.7009267Z VulnerabilityAlerts: read
Detect Changes	Set up job	2026-06-06T16:54:42.7010287Z ##[endgroup]
Detect Changes	Set up job	2026-06-06T16:54:42.7013173Z Secret source: Actions
Detect Changes	Set up job	2026-06-06T16:54:42.7014364Z Prepare workflow directory
Detect Changes	Set up job	2026-06-06T16:54:42.7464942Z Prepare all required actions
Detect Changes	Set up job	2026-06-06T16:54:42.7517480Z Getting action download info
Detect Changes	Set up job	2026-06-06T16:54:43.0178506Z Download action repository 'actions/checkout@v6' (SHA:df4cb1c069e1874edd31b4311f1884172cec0e10)
Detect Changes	Set up job	2026-06-06T16:54:43.3170462Z Complete job name: Detect Changes
Detect Changes	Run actions/checkout@v6	﻿2026-06-06T16:54:43.3861889Z ##[group]Run actions/checkout@v6
Detect Changes	Run actions/checkout@v6	2026-06-06T16:54:43.3862730Z with:
Detect Changes	Run actions/checkout@v6	2026-06-06T16:54:43.3863163Z   fetch-depth: 0
Detect Changes	Run actions/checkout@v6	2026-06-06T16:54:43.3863658Z   repository: link-assistant/meta-expression
Detect Changes	Run actions/checkout@v6	2026-06-06T16:54:43.3868439Z   token: ***
Detect Changes	Run actions/checkout@v6	2026-06-06T16:54:43.3868873Z   ssh-strict: true
Detect Changes	Run actions/checkout@v6	2026-06-06T16:54:43.3869311Z   ssh-user: git
Detect Changes	Run actions/checkout@v6	2026-06-06T16:54:43.3869752Z   persist-credentials: true
Detect Changes	Run actions/checkout@v6	2026-06-06T16:54:43.3870238Z   clean: true
Detect Changes	Run actions/checkout@v6	2026-06-06T16:54:43.3870677Z   sparse-checkout-cone-mode: true
Detect Changes	Run actions/checkout@v6	2026-06-06T16:54:43.3871225Z   fetch-tags: false
Detect Changes	Run actions/checkout@v6	2026-06-06T16:54:43.3871671Z   show-progress: true
Detect Changes	Run actions/checkout@v6	2026-06-06T16:54:43.3872110Z   lfs: false
Detect Changes	Run actions/checkout@v6	2026-06-06T16:54:43.3872522Z   submodules: false
Detect Changes	Run actions/checkout@v6	2026-06-06T16:54:43.3872959Z   set-safe-directory: true
Detect Changes	Run actions/checkout@v6	2026-06-06T16:54:43.3873652Z ##[endgroup]
Detect Changes	Run actions/checkout@v6	2026-06-06T16:54:43.4868598Z Syncing repository: link-assistant/meta-expression
Detect Changes	Run actions/checkout@v6	2026-06-06T16:54:43.4870657Z ##[group]Getting Git version info
Detect Changes	Run actions/checkout@v6	2026-06-06T16:54:43.4871473Z Working directory is '/home/runner/work/meta-expression/meta-expression'
Detect Changes	Run actions/checkout@v6	2026-06-06T16:54:43.4872660Z [command]/usr/bin/git version
Detect Changes	Run actions/checkout@v6	2026-06-06T16:54:43.4921161Z git version 2.54.0
Detect Changes	Run actions/checkout@v6	2026-06-06T16:54:43.4943699Z ##[endgroup]
Detect Changes	Run actions/checkout@v6	2026-06-06T16:54:43.4960111Z Temporarily overriding HOME='/home/runner/work/_temp/7260760e-d8e7-4a18-ac93-f5a7c3a11baf' before making global git config changes
Detect Changes	Run actions/checkout@v6	2026-06-06T16:54:43.4962343Z Adding repository directory to the temporary git global config as a safe directory
Detect Changes	Run actions/checkout@v6	2026-06-06T16:54:43.4965632Z [command]/usr/bin/git config --global --add safe.directory /home/runner/work/meta-expression/meta-expression
Detect Changes	Run actions/checkout@v6	2026-06-06T16:54:43.5015575Z Deleting the contents of '/home/runner/work/meta-expression/meta-expression'
Detect Changes	Run actions/checkout@v6	2026-06-06T16:54:43.5019999Z ##[group]Determining repository object format
Detect Changes	Run actions/checkout@v6	2026-06-06T16:54:43.5022398Z ##[endgroup]
Detect Changes	Run actions/checkout@v6	2026-06-06T16:54:43.5023572Z ##[group]Initializing the repository
Detect Changes	Run actions/checkout@v6	2026-06-06T16:54:43.5028625Z [command]/usr/bin/git init /home/runner/work/meta-expression/meta-expression
Detect Changes	Run actions/checkout@v6	2026-06-06T16:54:43.5143632Z hint: Using 'master' as the name for the initial branch. This default branch name
Detect Changes	Run actions/checkout@v6	2026-06-06T16:54:43.5144726Z hint: will change to "main" in Git 3.0. To configure the initial branch name
Detect Changes	Run actions/checkout@v6	2026-06-06T16:54:43.5145810Z hint: to use in all of your new repositories, which will suppress this warning,
Detect Changes	Run actions/checkout@v6	2026-06-06T16:54:43.5146544Z hint: call:
Detect Changes	Run actions/checkout@v6	2026-06-06T16:54:43.5146957Z hint:
Detect Changes	Run actions/checkout@v6	2026-06-06T16:54:43.5147466Z hint: 	git config --global init.defaultBranch <name>
Detect Changes	Run actions/checkout@v6	2026-06-06T16:54:43.5148094Z hint:
Detect Changes	Run actions/checkout@v6	2026-06-06T16:54:43.5148927Z hint: Names commonly chosen instead of 'master' are 'main', 'trunk' and
Detect Changes	Run actions/checkout@v6	2026-06-06T16:54:43.5150266Z hint: 'development'. The just-created branch can be renamed via this command:
Detect Changes	Run actions/checkout@v6	2026-06-06T16:54:43.5151451Z hint:
Detect Changes	Run actions/checkout@v6	2026-06-06T16:54:43.5152123Z hint: 	git branch -m <name>
Detect Changes	Run actions/checkout@v6	2026-06-06T16:54:43.5152896Z hint:
Detect Changes	Run actions/checkout@v6	2026-06-06T16:54:43.5153911Z hint: Disable this message with "git config set advice.defaultBranchName false"
Detect Changes	Run actions/checkout@v6	2026-06-06T16:54:43.5156129Z Initialized empty Git repository in /home/runner/work/meta-expression/meta-expression/.git/
Detect Changes	Run actions/checkout@v6	2026-06-06T16:54:43.5161964Z [command]/usr/bin/git remote add origin https://github.com/link-assistant/meta-expression
Detect Changes	Run actions/checkout@v6	2026-06-06T16:54:43.5205801Z ##[endgroup]
Detect Changes	Run actions/checkout@v6	2026-06-06T16:54:43.5207124Z ##[group]Disabling automatic garbage collection
Detect Changes	Run actions/checkout@v6	2026-06-06T16:54:43.5209861Z [command]/usr/bin/git config --local gc.auto 0
Detect Changes	Run actions/checkout@v6	2026-06-06T16:54:43.5241419Z ##[endgroup]
Detect Changes	Run actions/checkout@v6	2026-06-06T16:54:43.5242595Z ##[group]Setting up auth
Detect Changes	Run actions/checkout@v6	2026-06-06T16:54:43.5243436Z Removing SSH command configuration
Detect Changes	Run actions/checkout@v6	2026-06-06T16:54:43.5249011Z [command]/usr/bin/git config --local --name-only --get-regexp core\.sshCommand
Detect Changes	Run actions/checkout@v6	2026-06-06T16:54:43.5284709Z [command]/usr/bin/git submodule foreach --recursive sh -c "git config --local --name-only --get-regexp 'core\.sshCommand' && git config --local --unset-all 'core.sshCommand' || :"
Detect Changes	Run actions/checkout@v6	2026-06-06T16:54:43.5618605Z Removing HTTP extra header
Detect Changes	Run actions/checkout@v6	2026-06-06T16:54:43.5624325Z [command]/usr/bin/git config --local --name-only --get-regexp http\.https\:\/\/github\.com\/\.extraheader
Detect Changes	Run actions/checkout@v6	2026-06-06T16:54:43.5655894Z [command]/usr/bin/git submodule foreach --recursive sh -c "git config --local --name-only --get-regexp 'http\.https\:\/\/github\.com\/\.extraheader' && git config --local --unset-all 'http.https://github.com/.extraheader' || :"
Detect Changes	Run actions/checkout@v6	2026-06-06T16:54:43.5877970Z Removing includeIf entries pointing to credentials config files
Detect Changes	Run actions/checkout@v6	2026-06-06T16:54:43.5883713Z [command]/usr/bin/git config --local --name-only --get-regexp ^includeIf\.gitdir:
Detect Changes	Run actions/checkout@v6	2026-06-06T16:54:43.5914720Z [command]/usr/bin/git submodule foreach --recursive git config --local --show-origin --name-only --get-regexp remote.origin.url
Detect Changes	Run actions/checkout@v6	2026-06-06T16:54:43.6143707Z [command]/usr/bin/git config --file /home/runner/work/_temp/git-credentials-b69b4cab-b66c-4d9d-9a0b-f7a65fbb8dcc.config http.https://github.com/.extraheader AUTHORIZATION: basic ***
Detect Changes	Run actions/checkout@v6	2026-06-06T16:54:43.6179951Z [command]/usr/bin/git config --local includeIf.gitdir:/home/runner/work/meta-expression/meta-expression/.git.path /home/runner/work/_temp/git-credentials-b69b4cab-b66c-4d9d-9a0b-f7a65fbb8dcc.config
Detect Changes	Run actions/checkout@v6	2026-06-06T16:54:43.6209451Z [command]/usr/bin/git config --local includeIf.gitdir:/home/runner/work/meta-expression/meta-expression/.git/worktrees/*.path /home/runner/work/_temp/git-credentials-b69b4cab-b66c-4d9d-9a0b-f7a65fbb8dcc.config
Detect Changes	Run actions/checkout@v6	2026-06-06T16:54:43.6242587Z [command]/usr/bin/git config --local includeIf.gitdir:/github/workspace/.git.path /github/runner_temp/git-credentials-b69b4cab-b66c-4d9d-9a0b-f7a65fbb8dcc.config
Detect Changes	Run actions/checkout@v6	2026-06-06T16:54:43.6281671Z [command]/usr/bin/git config --local includeIf.gitdir:/github/workspace/.git/worktrees/*.path /github/runner_temp/git-credentials-b69b4cab-b66c-4d9d-9a0b-f7a65fbb8dcc.config
Detect Changes	Run actions/checkout@v6	2026-06-06T16:54:43.6309364Z ##[endgroup]
Detect Changes	Run actions/checkout@v6	2026-06-06T16:54:43.6310495Z ##[group]Fetching the repository
Detect Changes	Run actions/checkout@v6	2026-06-06T16:54:43.6319587Z [command]/usr/bin/git -c protocol.version=2 fetch --no-tags --prune --no-recurse-submodules origin +refs/heads/*:refs/remotes/origin/* +refs/tags/*:refs/tags/* +2043423afc70e9d9a2821db1bffacc3eda300627:refs/remotes/pull/135/merge
Detect Changes	Run actions/checkout@v6	2026-06-06T16:54:44.5556208Z From https://github.com/link-assistant/meta-expression
Detect Changes	Run actions/checkout@v6	2026-06-06T16:54:44.5558130Z  * [new branch]      issue-1-66f2990709b5                     -> origin/issue-1-66f2990709b5
Detect Changes	Run actions/checkout@v6	2026-06-06T16:54:44.5561501Z  * [new branch]      issue-108-9ec72bf0c00d                   -> origin/issue-108-9ec72bf0c00d
Detect Changes	Run actions/checkout@v6	2026-06-06T16:54:44.5563285Z  * [new branch]      issue-109-59194c3f9440                   -> origin/issue-109-59194c3f9440
Detect Changes	Run actions/checkout@v6	2026-06-06T16:54:44.5564866Z  * [new branch]      issue-11-9475e456ab10                    -> origin/issue-11-9475e456ab10
Detect Changes	Run actions/checkout@v6	2026-06-06T16:54:44.5566724Z  * [new branch]      issue-110-9276996a2025                   -> origin/issue-110-9276996a2025
Detect Changes	Run actions/checkout@v6	2026-06-06T16:54:44.5568310Z  * [new branch]      issue-111-bbd90b48d3d4                   -> origin/issue-111-bbd90b48d3d4
Detect Changes	Run actions/checkout@v6	2026-06-06T16:54:44.5570075Z  * [new branch]      issue-112-c3cd1e55fea7                   -> origin/issue-112-c3cd1e55fea7
Detect Changes	Run actions/checkout@v6	2026-06-06T16:54:44.5571773Z  * [new branch]      issue-113-ca491d8b7b96                   -> origin/issue-113-ca491d8b7b96
Detect Changes	Run actions/checkout@v6	2026-06-06T16:54:44.5573474Z  * [new branch]      issue-114-d0e88e43d42d                   -> origin/issue-114-d0e88e43d42d
Detect Changes	Run actions/checkout@v6	2026-06-06T16:54:44.5575169Z  * [new branch]      issue-115-96ea7e0ff041                   -> origin/issue-115-96ea7e0ff041
Detect Changes	Run actions/checkout@v6	2026-06-06T16:54:44.5577312Z  * [new branch]      issue-116-a642ebf04bb5                   -> origin/issue-116-a642ebf04bb5
Detect Changes	Run actions/checkout@v6	2026-06-06T16:54:44.5579000Z  * [new branch]      issue-126-e1ac50244d41                   -> origin/issue-126-e1ac50244d41
Detect Changes	Run actions/checkout@v6	2026-06-06T16:54:44.5580747Z  * [new branch]      issue-128-41095a0f356d                   -> origin/issue-128-41095a0f356d
Detect Changes	Run actions/checkout@v6	2026-06-06T16:54:44.5582604Z  * [new branch]      issue-128-fed1f7a14626                   -> origin/issue-128-fed1f7a14626
Detect Changes	Run actions/checkout@v6	2026-06-06T16:54:44.5584574Z  * [new branch]      issue-13-0a4fc458320f                    -> origin/issue-13-0a4fc458320f
Detect Changes	Run actions/checkout@v6	2026-06-06T16:54:44.5586647Z  * [new branch]      issue-131-84c06d630fcf                   -> origin/issue-131-84c06d630fcf
Detect Changes	Run actions/checkout@v6	2026-06-06T16:54:44.5588431Z  * [new branch]      issue-133-36d17cee3887                   -> origin/issue-133-36d17cee3887
Detect Changes	Run actions/checkout@v6	2026-06-06T16:54:44.5590512Z  * [new branch]      issue-133-a2575051275f                   -> origin/issue-133-a2575051275f
Detect Changes	Run actions/checkout@v6	2026-06-06T16:54:44.5592169Z  * [new branch]      issue-15-01d48bf15beb                    -> origin/issue-15-01d48bf15beb
Detect Changes	Run actions/checkout@v6	2026-06-06T16:54:44.5594347Z  * [new branch]      issue-16-a4cb3c8415b5                    -> origin/issue-16-a4cb3c8415b5
Detect Changes	Run actions/checkout@v6	2026-06-06T16:54:44.5596748Z  * [new branch]      issue-17-e37119ec7e2e                    -> origin/issue-17-e37119ec7e2e
Detect Changes	Run actions/checkout@v6	2026-06-06T16:54:44.5599069Z  * [new branch]      issue-18-f441191a8b86                    -> origin/issue-18-f441191a8b86
Detect Changes	Run actions/checkout@v6	2026-06-06T16:54:44.5601245Z  * [new branch]      issue-20-5e25c435fda3                    -> origin/issue-20-5e25c435fda3
Detect Changes	Run actions/checkout@v6	2026-06-06T16:54:44.5603409Z  * [new branch]      issue-21-12a11b28b6e5                    -> origin/issue-21-12a11b28b6e5
Detect Changes	Run actions/checkout@v6	2026-06-06T16:54:44.5605736Z  * [new branch]      issue-23-0aed78e996ae                    -> origin/issue-23-0aed78e996ae
Detect Changes	Run actions/checkout@v6	2026-06-06T16:54:44.5607863Z  * [new branch]      issue-26-2cbee1cb1be5                    -> origin/issue-26-2cbee1cb1be5
Detect Changes	Run actions/checkout@v6	2026-06-06T16:54:44.5609899Z  * [new branch]      issue-27-77fbe1d5f177                    -> origin/issue-27-77fbe1d5f177
Detect Changes	Run actions/checkout@v6	2026-06-06T16:54:44.5611913Z  * [new branch]      issue-29-e5195b346fed                    -> origin/issue-29-e5195b346fed
Detect Changes	Run actions/checkout@v6	2026-06-06T16:54:44.5614066Z  * [new branch]      issue-3-130348eb2e36                     -> origin/issue-3-130348eb2e36
Detect Changes	Run actions/checkout@v6	2026-06-06T16:54:44.5616813Z  * [new branch]      issue-35-c9dc0853f1a0                    -> origin/issue-35-c9dc0853f1a0
Detect Changes	Run actions/checkout@v6	2026-06-06T16:54:44.5618911Z  * [new branch]      issue-37-8620cc7da08c                    -> origin/issue-37-8620cc7da08c
Detect Changes	Run actions/checkout@v6	2026-06-06T16:54:44.5621043Z  * [new branch]      issue-39-6eee7e3da635                    -> origin/issue-39-6eee7e3da635
Detect Changes	Run actions/checkout@v6	2026-06-06T16:54:44.5623103Z  * [new branch]      issue-41-89dc6245cc78                    -> origin/issue-41-89dc6245cc78
Detect Changes	Run actions/checkout@v6	2026-06-06T16:54:44.5625173Z  * [new branch]      issue-43-5b7a25fd4491                    -> origin/issue-43-5b7a25fd4491
Detect Changes	Run actions/checkout@v6	2026-06-06T16:54:44.5627450Z  * [new branch]      issue-48-3cc022473812                    -> origin/issue-48-3cc022473812
Detect Changes	Run actions/checkout@v6	2026-06-06T16:54:44.5629498Z  * [new branch]      issue-5-2c7b23a3dfee                     -> origin/issue-5-2c7b23a3dfee
Detect Changes	Run actions/checkout@v6	2026-06-06T16:54:44.5631487Z  * [new branch]      issue-50-125a6780a77b                    -> origin/issue-50-125a6780a77b
Detect Changes	Run actions/checkout@v6	2026-06-06T16:54:44.5633462Z  * [new branch]      issue-52-14d124fa6a47                    -> origin/issue-52-14d124fa6a47
Detect Changes	Run actions/checkout@v6	2026-06-06T16:54:44.5635605Z  * [new branch]      issue-54-d4e0c163ea88                    -> origin/issue-54-d4e0c163ea88
Detect Changes	Run actions/checkout@v6	2026-06-06T16:54:44.5637593Z  * [new branch]      issue-56-7b4471a86c0c                    -> origin/issue-56-7b4471a86c0c
Detect Changes	Run actions/checkout@v6	2026-06-06T16:54:44.5639505Z  * [new branch]      issue-58-4fd21cb80249                    -> origin/issue-58-4fd21cb80249
Detect Changes	Run actions/checkout@v6	2026-06-06T16:54:44.5641429Z  * [new branch]      issue-60-b3b07b32a4f2                    -> origin/issue-60-b3b07b32a4f2
Detect Changes	Run actions/checkout@v6	2026-06-06T16:54:44.5643455Z  * [new branch]      issue-61-f445f6ea7071                    -> origin/issue-61-f445f6ea7071
Detect Changes	Run actions/checkout@v6	2026-06-06T16:54:44.5645624Z  * [new branch]      issue-62-29076fab68e4                    -> origin/issue-62-29076fab68e4
Detect Changes	Run actions/checkout@v6	2026-06-06T16:54:44.5647603Z  * [new branch]      issue-63-3dec45ca24c4                    -> origin/issue-63-3dec45ca24c4
Detect Changes	Run actions/checkout@v6	2026-06-06T16:54:44.5649555Z  * [new branch]      issue-64-e00c5810edcd                    -> origin/issue-64-e00c5810edcd
Detect Changes	Run actions/checkout@v6	2026-06-06T16:54:44.5651497Z  * [new branch]      issue-65-4c2d1e1c1926                    -> origin/issue-65-4c2d1e1c1926
Detect Changes	Run actions/checkout@v6	2026-06-06T16:54:44.5653473Z  * [new branch]      issue-66-efa2706d57bf                    -> origin/issue-66-efa2706d57bf
Detect Changes	Run actions/checkout@v6	2026-06-06T16:54:44.5655665Z  * [new branch]      issue-67-cbc1c5ac4ed2                    -> origin/issue-67-cbc1c5ac4ed2
Detect Changes	Run actions/checkout@v6	2026-06-06T16:54:44.5657644Z  * [new branch]      issue-68-08241e2554cb                    -> origin/issue-68-08241e2554cb
Detect Changes	Run actions/checkout@v6	2026-06-06T16:54:44.5659903Z  * [new branch]      issue-69-420bc440686f                    -> origin/issue-69-420bc440686f
Detect Changes	Run actions/checkout@v6	2026-06-06T16:54:44.5661880Z  * [new branch]      issue-7-c2cf5051240a                     -> origin/issue-7-c2cf5051240a
Detect Changes	Run actions/checkout@v6	2026-06-06T16:54:44.5663824Z  * [new branch]      issue-70-2f41021b3b88                    -> origin/issue-70-2f41021b3b88
Detect Changes	Run actions/checkout@v6	2026-06-06T16:54:44.5665949Z  * [new branch]      issue-71-213699cb7a07                    -> origin/issue-71-213699cb7a07
Detect Changes	Run actions/checkout@v6	2026-06-06T16:54:44.5667919Z  * [new branch]      issue-72-f280d3968ee3                    -> origin/issue-72-f280d3968ee3
Detect Changes	Run actions/checkout@v6	2026-06-06T16:54:44.5669903Z  * [new branch]      issue-73-a48e9ea13ed4                    -> origin/issue-73-a48e9ea13ed4
Detect Changes	Run actions/checkout@v6	2026-06-06T16:54:44.5671881Z  * [new branch]      issue-74-3fccc9cfd1e9                    -> origin/issue-74-3fccc9cfd1e9
Detect Changes	Run actions/checkout@v6	2026-06-06T16:54:44.5673803Z  * [new branch]      issue-87-7cc151ec3bc6                    -> origin/issue-87-7cc151ec3bc6
Detect Changes	Run actions/checkout@v6	2026-06-06T16:54:44.5676031Z  * [new branch]      issue-88-7fdca54b4623                    -> origin/issue-88-7fdca54b4623
Detect Changes	Run actions/checkout@v6	2026-06-06T16:54:44.5678026Z  * [new branch]      issue-89-4d53f5773d5a                    -> origin/issue-89-4d53f5773d5a
Detect Changes	Run actions/checkout@v6	2026-06-06T16:54:44.5679954Z  * [new branch]      issue-9-24bcebd55a5d                     -> origin/issue-9-24bcebd55a5d
Detect Changes	Run actions/checkout@v6	2026-06-06T16:54:44.5681934Z  * [new branch]      issue-90-cabb5d305b6f                    -> origin/issue-90-cabb5d305b6f
Detect Changes	Run actions/checkout@v6	2026-06-06T16:54:44.5684111Z  * [new branch]      issue-91-7228b4557dc6                    -> origin/issue-91-7228b4557dc6
Detect Changes	Run actions/checkout@v6	2026-06-06T16:54:44.5686178Z  * [new branch]      issue-92-561ee90494aa                    -> origin/issue-92-561ee90494aa
Detect Changes	Run actions/checkout@v6	2026-06-06T16:54:44.5688144Z  * [new branch]      issue-93-81850df7e6ef                    -> origin/issue-93-81850df7e6ef
Detect Changes	Run actions/checkout@v6	2026-06-06T16:54:44.5690067Z  * [new branch]      issue-94-61bb8b947c61                    -> origin/issue-94-61bb8b947c61
Detect Changes	Run actions/checkout@v6	2026-06-06T16:54:44.5692005Z  * [new branch]      issue-96-baaac01fda6b                    -> origin/issue-96-baaac01fda6b
Detect Changes	Run actions/checkout@v6	2026-06-06T16:54:44.5693715Z  * [new branch]      main                                     -> origin/main
Detect Changes	Run actions/checkout@v6	2026-06-06T16:54:44.5695204Z  * [new tag]         v0.10.0                                  -> v0.10.0
Detect Changes	Run actions/checkout@v6	2026-06-06T16:54:44.5696820Z  * [new tag]         v0.11.0                                  -> v0.11.0
Detect Changes	Run actions/checkout@v6	2026-06-06T16:54:44.5698221Z  * [new tag]         v0.12.0                                  -> v0.12.0
Detect Changes	Run actions/checkout@v6	2026-06-06T16:54:44.5704062Z  * [new tag]         v0.12.1                                  -> v0.12.1
Detect Changes	Run actions/checkout@v6	2026-06-06T16:54:44.5705574Z  * [new tag]         v0.12.2                                  -> v0.12.2
Detect Changes	Run actions/checkout@v6	2026-06-06T16:54:44.5707090Z  * [new ref]         2043423afc70e9d9a2821db1bffacc3eda300627 -> pull/135/merge
Detect Changes	Run actions/checkout@v6	2026-06-06T16:54:44.5747515Z ##[endgroup]
Detect Changes	Run actions/checkout@v6	2026-06-06T16:54:44.5748804Z ##[group]Determining the checkout info
Detect Changes	Run actions/checkout@v6	2026-06-06T16:54:44.5750209Z ##[endgroup]
Detect Changes	Run actions/checkout@v6	2026-06-06T16:54:44.5751008Z [command]/usr/bin/git sparse-checkout disable
Detect Changes	Run actions/checkout@v6	2026-06-06T16:54:44.5781017Z [command]/usr/bin/git config --local --unset-all extensions.worktreeConfig
Detect Changes	Run actions/checkout@v6	2026-06-06T16:54:44.5801759Z ##[group]Checking out the ref
Detect Changes	Run actions/checkout@v6	2026-06-06T16:54:44.5811050Z [command]/usr/bin/git checkout --progress --force refs/remotes/pull/135/merge
Detect Changes	Run actions/checkout@v6	2026-06-06T16:54:44.7662118Z Note: switching to 'refs/remotes/pull/135/merge'.
Detect Changes	Run actions/checkout@v6	2026-06-06T16:54:44.7663076Z
Detect Changes	Run actions/checkout@v6	2026-06-06T16:54:44.7663738Z You are in 'detached HEAD' state. You can look around, make experimental
Detect Changes	Run actions/checkout@v6	2026-06-06T16:54:44.7665668Z changes and commit them, and you can discard any commits you make in this
Detect Changes	Run actions/checkout@v6	2026-06-06T16:54:44.7667230Z state without impacting any branches by switching back to a branch.
Detect Changes	Run actions/checkout@v6	2026-06-06T16:54:44.7668245Z
Detect Changes	Run actions/checkout@v6	2026-06-06T16:54:44.7668920Z If you want to create a new branch to retain commits you create, you may
Detect Changes	Run actions/checkout@v6	2026-06-06T16:54:44.7670566Z do so (now or later) by using -c with the switch command. Example:
Detect Changes	Run actions/checkout@v6	2026-06-06T16:54:44.7671599Z
Detect Changes	Run actions/checkout@v6	2026-06-06T16:54:44.7671947Z   git switch -c <new-branch-name>
Detect Changes	Run actions/checkout@v6	2026-06-06T16:54:44.7672953Z
Detect Changes	Run actions/checkout@v6	2026-06-06T16:54:44.7673294Z Or undo this operation with:
Detect Changes	Run actions/checkout@v6	2026-06-06T16:54:44.7673895Z
Detect Changes	Run actions/checkout@v6	2026-06-06T16:54:44.7674188Z   git switch -
Detect Changes	Run actions/checkout@v6	2026-06-06T16:54:44.7674603Z
Detect Changes	Run actions/checkout@v6	2026-06-06T16:54:44.7675554Z Turn off this advice by setting config variable advice.detachedHead to false
Detect Changes	Run actions/checkout@v6	2026-06-06T16:54:44.7676833Z
Detect Changes	Run actions/checkout@v6	2026-06-06T16:54:44.7678253Z HEAD is now at 2043423 Merge 0e5b0e111a65db7055372f89da66b7aac5852f36 into f821e7a6b44a5386b0e3b329f70ec30a8606e5e5
Detect Changes	Run actions/checkout@v6	2026-06-06T16:54:44.7687956Z ##[endgroup]
Detect Changes	Run actions/checkout@v6	2026-06-06T16:54:44.7735847Z [command]/usr/bin/git log -1 --format=%H
Detect Changes	Run actions/checkout@v6	2026-06-06T16:54:44.7762787Z 2043423afc70e9d9a2821db1bffacc3eda300627
Detect Changes	Detect changes	﻿2026-06-06T16:54:44.7989874Z ##[group]Run node scripts/detect-code-changes.mjs
Detect Changes	Detect changes	2026-06-06T16:54:44.7991053Z ^[[36;1mnode scripts/detect-code-changes.mjs^[[0m
Detect Changes	Detect changes	2026-06-06T16:54:44.8023174Z shell: /usr/bin/bash -e {0}
Detect Changes	Detect changes	2026-06-06T16:54:44.8023883Z ##[endgroup]
Detect Changes	Detect changes	2026-06-06T16:54:44.9746315Z Detecting file changes for CI/CD...
Detect Changes	Detect changes	2026-06-06T16:54:44.9747399Z
Detect Changes	Detect changes	2026-06-06T16:54:44.9804430Z Merge commit detected (pull_request event)
Detect Changes	Detect changes	2026-06-06T16:54:44.9805976Z Comparing HEAD^2^ to HEAD^2 (per-commit diff of PR head)
Detect Changes	Detect changes	2026-06-06T16:54:44.9842949Z Changed files:
Detect Changes	Detect changes	2026-06-06T16:54:44.9843866Z   .gitkeep
Detect Changes	Detect changes	2026-06-06T16:54:44.9844258Z
Detect Changes	Detect changes	2026-06-06T16:54:44.9845241Z mjs-changed=false
Detect Changes	Detect changes	2026-06-06T16:54:44.9847434Z js-changed=false
Detect Changes	Detect changes	2026-06-06T16:54:44.9848538Z rust-changed=false
Detect Changes	Detect changes	2026-06-06T16:54:44.9852583Z package-changed=false
Detect Changes	Detect changes	2026-06-06T16:54:44.9853575Z docs-changed=false
Detect Changes	Detect changes	2026-06-06T16:54:44.9854866Z workflow-changed=false
Detect Changes	Detect changes	2026-06-06T16:54:44.9855668Z
Detect Changes	Detect changes	2026-06-06T16:54:44.9855978Z Files considered as code changes:
Detect Changes	Detect changes	2026-06-06T16:54:44.9856711Z   .gitkeep
Detect Changes	Detect changes	2026-06-06T16:54:44.9940062Z
Detect Changes	Detect changes	2026-06-06T16:54:44.9940735Z any-code-changed=false
Detect Changes	Detect changes	2026-06-06T16:54:44.9941408Z
Detect Changes	Detect changes	2026-06-06T16:54:44.9941787Z Change detection completed.
Detect Changes	Post Run actions/checkout@v6	﻿2026-06-06T16:54:45.0139308Z Post job cleanup.
Detect Changes	Post Run actions/checkout@v6	2026-06-06T16:54:45.0988112Z [command]/usr/bin/git version
Detect Changes	Post Run actions/checkout@v6	2026-06-06T16:54:45.1056492Z git version 2.54.0
Detect Changes	Post Run actions/checkout@v6	2026-06-06T16:54:45.1093973Z Temporarily overriding HOME='/home/runner/work/_temp/a902893a-00a1-40bb-9599-433d39b341f1' before making global git config changes
Detect Changes	Post Run actions/checkout@v6	2026-06-06T16:54:45.1098873Z Adding repository directory to the temporary git global config as a safe directory
Detect Changes	Post Run actions/checkout@v6	2026-06-06T16:54:45.1101333Z [command]/usr/bin/git config --global --add safe.directory /home/runner/work/meta-expression/meta-expression
Detect Changes	Post Run actions/checkout@v6	2026-06-06T16:54:45.1129794Z Removing SSH command configuration
Detect Changes	Post Run actions/checkout@v6	2026-06-06T16:54:45.1136490Z [command]/usr/bin/git config --local --name-only --get-regexp core\.sshCommand
Detect Changes	Post Run actions/checkout@v6	2026-06-06T16:54:45.1173671Z [command]/usr/bin/git submodule foreach --recursive sh -c "git config --local --name-only --get-regexp 'core\.sshCommand' && git config --local --unset-all 'core.sshCommand' || :"
Detect Changes	Post Run actions/checkout@v6	2026-06-06T16:54:45.1407665Z Removing HTTP extra header
Detect Changes	Post Run actions/checkout@v6	2026-06-06T16:54:45.1413008Z [command]/usr/bin/git config --local --name-only --get-regexp http\.https\:\/\/github\.com\/\.extraheader
Detect Changes	Post Run actions/checkout@v6	2026-06-06T16:54:45.1448132Z [command]/usr/bin/git submodule foreach --recursive sh -c "git config --local --name-only --get-regexp 'http\.https\:\/\/github\.com\/\.extraheader' && git config --local --unset-all 'http.https://github.com/.extraheader' || :"
Detect Changes	Post Run actions/checkout@v6	2026-06-06T16:54:45.1677626Z Removing includeIf entries pointing to credentials config files
Detect Changes	Post Run actions/checkout@v6	2026-06-06T16:54:45.1683763Z [command]/usr/bin/git config --local --name-only --get-regexp ^includeIf\.gitdir:
Detect Changes	Post Run actions/checkout@v6	2026-06-06T16:54:45.1712811Z includeif.gitdir:/home/runner/work/meta-expression/meta-expression/.git.path
Detect Changes	Post Run actions/checkout@v6	2026-06-06T16:54:45.1714828Z includeif.gitdir:/home/runner/work/meta-expression/meta-expression/.git/worktrees/*.path
Detect Changes	Post Run actions/checkout@v6	2026-06-06T16:54:45.1716735Z includeif.gitdir:/github/workspace/.git.path
Detect Changes	Post Run actions/checkout@v6	2026-06-06T16:54:45.1717741Z includeif.gitdir:/github/workspace/.git/worktrees/*.path
Detect Changes	Post Run actions/checkout@v6	2026-06-06T16:54:45.1722079Z [command]/usr/bin/git config --local --get-all includeif.gitdir:/home/runner/work/meta-expression/meta-expression/.git.path
Detect Changes	Post Run actions/checkout@v6	2026-06-06T16:54:45.1747747Z /home/runner/work/_temp/git-credentials-b69b4cab-b66c-4d9d-9a0b-f7a65fbb8dcc.config
Detect Changes	Post Run actions/checkout@v6	2026-06-06T16:54:45.1758878Z [command]/usr/bin/git config --local --unset includeif.gitdir:/home/runner/work/meta-expression/meta-expression/.git.path /home/runner/work/_temp/git-credentials-b69b4cab-b66c-4d9d-9a0b-f7a65fbb8dcc.config
Detect Changes	Post Run actions/checkout@v6	2026-06-06T16:54:45.1794571Z [command]/usr/bin/git config --local --get-all includeif.gitdir:/home/runner/work/meta-expression/meta-expression/.git/worktrees/*.path
Detect Changes	Post Run actions/checkout@v6	2026-06-06T16:54:45.1817381Z /home/runner/work/_temp/git-credentials-b69b4cab-b66c-4d9d-9a0b-f7a65fbb8dcc.config
Detect Changes	Post Run actions/checkout@v6	2026-06-06T16:54:45.1829044Z [command]/usr/bin/git config --local --unset includeif.gitdir:/home/runner/work/meta-expression/meta-expression/.git/worktrees/*.path /home/runner/work/_temp/git-credentials-b69b4cab-b66c-4d9d-9a0b-f7a65fbb8dcc.config
Detect Changes	Post Run actions/checkout@v6	2026-06-06T16:54:45.1865926Z [command]/usr/bin/git config --local --get-all includeif.gitdir:/github/workspace/.git.path
Detect Changes	Post Run actions/checkout@v6	2026-06-06T16:54:45.1890547Z /github/runner_temp/git-credentials-b69b4cab-b66c-4d9d-9a0b-f7a65fbb8dcc.config
Detect Changes	Post Run actions/checkout@v6	2026-06-06T16:54:45.1910243Z [command]/usr/bin/git config --local --unset includeif.gitdir:/github/workspace/.git.path /github/runner_temp/git-credentials-b69b4cab-b66c-4d9d-9a0b-f7a65fbb8dcc.config
Detect Changes	Post Run actions/checkout@v6	2026-06-06T16:54:45.1938708Z [command]/usr/bin/git config --local --get-all includeif.gitdir:/github/workspace/.git/worktrees/*.path
Detect Changes	Post Run actions/checkout@v6	2026-06-06T16:54:45.1971137Z /github/runner_temp/git-credentials-b69b4cab-b66c-4d9d-9a0b-f7a65fbb8dcc.config
Detect Changes	Post Run actions/checkout@v6	2026-06-06T16:54:45.1980349Z [command]/usr/bin/git config --local --unset includeif.gitdir:/github/workspace/.git/worktrees/*.path /github/runner_temp/git-credentials-b69b4cab-b66c-4d9d-9a0b-f7a65fbb8dcc.config
Detect Changes	Post Run actions/checkout@v6	2026-06-06T16:54:45.2016896Z [command]/usr/bin/git submodule foreach --recursive git config --local --show-origin --name-only --get-regexp remote.origin.url
Detect Changes	Post Run actions/checkout@v6	2026-06-06T16:54:45.2280070Z Removing credentials config '/home/runner/work/_temp/git-credentials-b69b4cab-b66c-4d9d-9a0b-f7a65fbb8dcc.config'
Detect Changes	Complete job	﻿2026-06-06T16:54:45.2440527Z Evaluate and set job outputs
Detect Changes	Complete job	2026-06-06T16:54:45.2452664Z Set output 'mjs-changed'
Detect Changes	Complete job	2026-06-06T16:54:45.2455853Z Set output 'js-changed'
Detect Changes	Complete job	2026-06-06T16:54:45.2457990Z Set output 'rust-changed'
Detect Changes	Complete job	2026-06-06T16:54:45.2459903Z Set output 'package-changed'
Detect Changes	Complete job	2026-06-06T16:54:45.2462040Z Set output 'docs-changed'
Detect Changes	Complete job	2026-06-06T16:54:45.2464464Z Set output 'workflow-changed'
Detect Changes	Complete job	2026-06-06T16:54:45.2467238Z Set output 'any-code-changed'
Detect Changes	Complete job	2026-06-06T16:54:45.2470204Z Cleaning up orphan processes
Check JS/Rust Parity	UNKNOWN STEP	﻿2026-06-06T16:54:43.0821861Z Current runner version: '2.334.0'
Check JS/Rust Parity	UNKNOWN STEP	2026-06-06T16:54:43.0849238Z ##[group]Runner Image Provisioner
Check JS/Rust Parity	UNKNOWN STEP	2026-06-06T16:54:43.0850106Z Hosted Compute Agent
Check JS/Rust Parity	UNKNOWN STEP	2026-06-06T16:54:43.0850692Z Version: 20260520.533
Check JS/Rust Parity	UNKNOWN STEP	2026-06-06T16:54:43.0851464Z Commit: 189110e25284a9812c124fd27b339e2fb4f2f9db
Check JS/Rust Parity	UNKNOWN STEP	2026-06-06T16:54:43.0852235Z Build Date: 2026-05-20T17:44:04Z
Check JS/Rust Parity	UNKNOWN STEP	2026-06-06T16:54:43.0853061Z Worker ID: {704c2580-ef5d-41fa-be6a-f8d97585c53a}
Check JS/Rust Parity	UNKNOWN STEP	2026-06-06T16:54:43.0853836Z Azure Region: northcentralus
Check JS/Rust Parity	UNKNOWN STEP	2026-06-06T16:54:43.0854449Z ##[endgroup]
Check JS/Rust Parity	UNKNOWN STEP	2026-06-06T16:54:43.0856036Z ##[group]Operating System
Check JS/Rust Parity	UNKNOWN STEP	2026-06-06T16:54:43.0856683Z Ubuntu
Check JS/Rust Parity	UNKNOWN STEP	2026-06-06T16:54:43.0857266Z 24.04.4
Check JS/Rust Parity	UNKNOWN STEP	2026-06-06T16:54:43.0858149Z LTS
Check JS/Rust Parity	UNKNOWN STEP	2026-06-06T16:54:43.0858742Z ##[endgroup]
Check JS/Rust Parity	UNKNOWN STEP	2026-06-06T16:54:43.0859404Z ##[group]Runner Image
Check JS/Rust Parity	UNKNOWN STEP	2026-06-06T16:54:43.0860033Z Image: ubuntu-24.04
Check JS/Rust Parity	UNKNOWN STEP	2026-06-06T16:54:43.0860603Z Version: 20260525.161.1
Check JS/Rust Parity	UNKNOWN STEP	2026-06-06T16:54:43.0861952Z Included Software: https://github.com/actions/runner-images/blob/ubuntu24/20260525.161/images/ubuntu/Ubuntu2404-Readme.md
Check JS/Rust Parity	UNKNOWN STEP	2026-06-06T16:54:43.0863591Z Image Release: https://github.com/actions/runner-images/releases/tag/ubuntu24%2F20260525.161
Check JS/Rust Parity	UNKNOWN STEP	2026-06-06T16:54:43.0864597Z ##[endgroup]
Check JS/Rust Parity	UNKNOWN STEP	2026-06-06T16:54:43.0867531Z ##[group]GITHUB_TOKEN Permissions
Check JS/Rust Parity	UNKNOWN STEP	2026-06-06T16:54:43.0870195Z Actions: write
Check JS/Rust Parity	UNKNOWN STEP	2026-06-06T16:54:43.0870940Z ArtifactMetadata: write
Check JS/Rust Parity	UNKNOWN STEP	2026-06-06T16:54:43.0871574Z Attestations: write
Check JS/Rust Parity	UNKNOWN STEP	2026-06-06T16:54:43.0872132Z Checks: write
Check JS/Rust Parity	UNKNOWN STEP	2026-06-06T16:54:43.0872762Z CodeQuality: write
Check JS/Rust Parity	UNKNOWN STEP	2026-06-06T16:54:43.0873339Z Contents: write
Check JS/Rust Parity	UNKNOWN STEP	2026-06-06T16:54:43.0874050Z Deployments: write
Check JS/Rust Parity	UNKNOWN STEP	2026-06-06T16:54:43.0874612Z Discussions: write
Check JS/Rust Parity	UNKNOWN STEP	2026-06-06T16:54:43.0875774Z Issues: write
Check JS/Rust Parity	UNKNOWN STEP	2026-06-06T16:54:43.0876509Z Metadata: read
Check JS/Rust Parity	UNKNOWN STEP	2026-06-06T16:54:43.0877067Z Models: read
Check JS/Rust Parity	UNKNOWN STEP	2026-06-06T16:54:43.0877681Z Packages: write
Check JS/Rust Parity	UNKNOWN STEP	2026-06-06T16:54:43.0878882Z Pages: write
Check JS/Rust Parity	UNKNOWN STEP	2026-06-06T16:54:43.0879447Z PullRequests: write
Check JS/Rust Parity	UNKNOWN STEP	2026-06-06T16:54:43.0880138Z RepositoryProjects: write
Check JS/Rust Parity	UNKNOWN STEP	2026-06-06T16:54:43.0880767Z SecurityEvents: write
Check JS/Rust Parity	UNKNOWN STEP	2026-06-06T16:54:43.0881444Z Statuses: write
Check JS/Rust Parity	UNKNOWN STEP	2026-06-06T16:54:43.0882046Z VulnerabilityAlerts: read
Check JS/Rust Parity	UNKNOWN STEP	2026-06-06T16:54:43.0882655Z ##[endgroup]
Check JS/Rust Parity	UNKNOWN STEP	2026-06-06T16:54:43.0885010Z Secret source: Actions
Check JS/Rust Parity	UNKNOWN STEP	2026-06-06T16:54:43.0885801Z Prepare workflow directory
Check JS/Rust Parity	UNKNOWN STEP	2026-06-06T16:54:43.1487187Z Prepare all required actions
Check JS/Rust Parity	UNKNOWN STEP	2026-06-06T16:54:43.1548819Z Getting action download info
Check JS/Rust Parity	UNKNOWN STEP	2026-06-06T16:54:43.5509725Z Download action repository 'actions/checkout@v6' (SHA:df4cb1c069e1874edd31b4311f1884172cec0e10)
Check JS/Rust Parity	UNKNOWN STEP	2026-06-06T16:54:43.9045271Z Download action repository 'actions/setup-node@v6' (SHA:48b55a011bda9f5d6aeb4c2d9c7362e8dae4041e)
Check JS/Rust Parity	UNKNOWN STEP	2026-06-06T16:54:44.0873971Z Complete job name: Check JS/Rust Parity
Check JS/Rust Parity	UNKNOWN STEP	2026-06-06T16:54:44.1723285Z ##[group]Run actions/checkout@v6
Check JS/Rust Parity	UNKNOWN STEP	2026-06-06T16:54:44.1724308Z with:
Check JS/Rust Parity	UNKNOWN STEP	2026-06-06T16:54:44.1724850Z   ref: 0e5b0e111a65db7055372f89da66b7aac5852f36
Check JS/Rust Parity	UNKNOWN STEP	2026-06-06T16:54:44.1725517Z   fetch-depth: 0
Check JS/Rust Parity	UNKNOWN STEP	2026-06-06T16:54:44.1726079Z   repository: link-assistant/meta-expression
Check JS/Rust Parity	UNKNOWN STEP	2026-06-06T16:54:44.1731799Z   token: ***
Check JS/Rust Parity	UNKNOWN STEP	2026-06-06T16:54:44.1732302Z   ssh-strict: true
Check JS/Rust Parity	UNKNOWN STEP	2026-06-06T16:54:44.1732826Z   ssh-user: git
Check JS/Rust Parity	UNKNOWN STEP	2026-06-06T16:54:44.1733324Z   persist-credentials: true
Check JS/Rust Parity	UNKNOWN STEP	2026-06-06T16:54:44.1733875Z   clean: true
Check JS/Rust Parity	UNKNOWN STEP	2026-06-06T16:54:44.1734378Z   sparse-checkout-cone-mode: true
Check JS/Rust Parity	UNKNOWN STEP	2026-06-06T16:54:44.1734988Z   fetch-tags: false
Check JS/Rust Parity	UNKNOWN STEP	2026-06-06T16:54:44.1735509Z   show-progress: true
Check JS/Rust Parity	UNKNOWN STEP	2026-06-06T16:54:44.1736015Z   lfs: false
Check JS/Rust Parity	UNKNOWN STEP	2026-06-06T16:54:44.1736474Z   submodules: false
Check JS/Rust Parity	UNKNOWN STEP	2026-06-06T16:54:44.1736977Z   set-safe-directory: true
Check JS/Rust Parity	UNKNOWN STEP	2026-06-06T16:54:44.1738112Z ##[endgroup]
Check JS/Rust Parity	UNKNOWN STEP	2026-06-06T16:54:44.2758986Z Syncing repository: link-assistant/meta-expression
Check JS/Rust Parity	UNKNOWN STEP	2026-06-06T16:54:44.2761532Z ##[group]Getting Git version info
Check JS/Rust Parity	UNKNOWN STEP	2026-06-06T16:54:44.2762577Z Working directory is '/home/runner/work/meta-expression/meta-expression'
Check JS/Rust Parity	UNKNOWN STEP	2026-06-06T16:54:44.2763885Z [command]/usr/bin/git version
Check JS/Rust Parity	UNKNOWN STEP	2026-06-06T16:54:44.2820135Z git version 2.54.0
Check JS/Rust Parity	UNKNOWN STEP	2026-06-06T16:54:44.2878983Z ##[endgroup]
Check JS/Rust Parity	UNKNOWN STEP	2026-06-06T16:54:44.2895385Z Temporarily overriding HOME='/home/runner/work/_temp/9c5533cc-8c5f-4558-8d01-5bb129bd13be' before making global git config changes
Check JS/Rust Parity	UNKNOWN STEP	2026-06-06T16:54:44.2898169Z Adding repository directory to the temporary git global config as a safe directory
Check JS/Rust Parity	UNKNOWN STEP	2026-06-06T16:54:44.2901269Z [command]/usr/bin/git config --global --add safe.directory /home/runner/work/meta-expression/meta-expression
Check JS/Rust Parity	UNKNOWN STEP	2026-06-06T16:54:44.2955254Z Deleting the contents of '/home/runner/work/meta-expression/meta-expression'
Check JS/Rust Parity	UNKNOWN STEP	2026-06-06T16:54:44.2960000Z ##[group]Determining repository object format
Check JS/Rust Parity	UNKNOWN STEP	2026-06-06T16:54:44.2962476Z ##[endgroup]
Check JS/Rust Parity	UNKNOWN STEP	2026-06-06T16:54:44.2963944Z ##[group]Initializing the repository
Check JS/Rust Parity	UNKNOWN STEP	2026-06-06T16:54:44.2967978Z [command]/usr/bin/git init /home/runner/work/meta-expression/meta-expression
Check JS/Rust Parity	UNKNOWN STEP	2026-06-06T16:54:44.3078834Z hint: Using 'master' as the name for the initial branch. This default branch name
Check JS/Rust Parity	UNKNOWN STEP	2026-06-06T16:54:44.3080522Z hint: will change to "main" in Git 3.0. To configure the initial branch name
Check JS/Rust Parity	UNKNOWN STEP	2026-06-06T16:54:44.3082058Z hint: to use in all of your new repositories, which will suppress this warning,
Check JS/Rust Parity	UNKNOWN STEP	2026-06-06T16:54:44.3084160Z hint: call:
Check JS/Rust Parity	UNKNOWN STEP	2026-06-06T16:54:44.3084852Z hint:
Check JS/Rust Parity	UNKNOWN STEP	2026-06-06T16:54:44.3085746Z hint: 	git config --global init.defaultBranch <name>
Check JS/Rust Parity	UNKNOWN STEP	2026-06-06T16:54:44.3086776Z hint:
Check JS/Rust Parity	UNKNOWN STEP	2026-06-06T16:54:44.3087732Z hint: Names commonly chosen instead of 'master' are 'main', 'trunk' and
Check JS/Rust Parity	UNKNOWN STEP	2026-06-06T16:54:44.3089912Z hint: 'development'. The just-created branch can be renamed via this command:
Check JS/Rust Parity	UNKNOWN STEP	2026-06-06T16:54:44.3091120Z hint:
Check JS/Rust Parity	UNKNOWN STEP	2026-06-06T16:54:44.3091620Z hint: 	git branch -m <name>
Check JS/Rust Parity	UNKNOWN STEP	2026-06-06T16:54:44.3092174Z hint:
Check JS/Rust Parity	UNKNOWN STEP	2026-06-06T16:54:44.3092910Z hint: Disable this message with "git config set advice.defaultBranchName false"
Check JS/Rust Parity	UNKNOWN STEP	2026-06-06T16:54:44.3094607Z Initialized empty Git repository in /home/runner/work/meta-expression/meta-expression/.git/
Check JS/Rust Parity	UNKNOWN STEP	2026-06-06T16:54:44.3097748Z [command]/usr/bin/git remote add origin https://github.com/link-assistant/meta-expression
Check JS/Rust Parity	UNKNOWN STEP	2026-06-06T16:54:44.3141491Z ##[endgroup]
Check JS/Rust Parity	UNKNOWN STEP	2026-06-06T16:54:44.3142878Z ##[group]Disabling automatic garbage collection
Check JS/Rust Parity	UNKNOWN STEP	2026-06-06T16:54:44.3144838Z [command]/usr/bin/git config --local gc.auto 0
Check JS/Rust Parity	UNKNOWN STEP	2026-06-06T16:54:44.3175656Z ##[endgroup]
Check JS/Rust Parity	UNKNOWN STEP	2026-06-06T16:54:44.3176789Z ##[group]Setting up auth
Check JS/Rust Parity	UNKNOWN STEP	2026-06-06T16:54:44.3177662Z Removing SSH command configuration
Check JS/Rust Parity	UNKNOWN STEP	2026-06-06T16:54:44.3184042Z [command]/usr/bin/git config --local --name-only --get-regexp core\.sshCommand
Check JS/Rust Parity	UNKNOWN STEP	2026-06-06T16:54:44.3221042Z [command]/usr/bin/git submodule foreach --recursive sh -c "git config --local --name-only --get-regexp 'core\.sshCommand' && git config --local --unset-all 'core.sshCommand' || :"
Check JS/Rust Parity	UNKNOWN STEP	2026-06-06T16:54:44.3548889Z Removing HTTP extra header
Check JS/Rust Parity	UNKNOWN STEP	2026-06-06T16:54:44.3555700Z [command]/usr/bin/git config --local --name-only --get-regexp http\.https\:\/\/github\.com\/\.extraheader
Check JS/Rust Parity	UNKNOWN STEP	2026-06-06T16:54:44.3590613Z [command]/usr/bin/git submodule foreach --recursive sh -c "git config --local --name-only --get-regexp 'http\.https\:\/\/github\.com\/\.extraheader' && git config --local --unset-all 'http.https://github.com/.extraheader' || :"
Check JS/Rust Parity	UNKNOWN STEP	2026-06-06T16:54:44.3808795Z Removing includeIf entries pointing to credentials config files
Check JS/Rust Parity	UNKNOWN STEP	2026-06-06T16:54:44.3814262Z [command]/usr/bin/git config --local --name-only --get-regexp ^includeIf\.gitdir:
Check JS/Rust Parity	UNKNOWN STEP	2026-06-06T16:54:44.3846965Z [command]/usr/bin/git submodule foreach --recursive git config --local --show-origin --name-only --get-regexp remote.origin.url
Check JS/Rust Parity	UNKNOWN STEP	2026-06-06T16:54:44.4078373Z [command]/usr/bin/git config --file /home/runner/work/_temp/git-credentials-300c4314-83d5-4602-89bb-a0b2350c31bb.config http.https://github.com/.extraheader AUTHORIZATION: basic ***
Check JS/Rust Parity	UNKNOWN STEP	2026-06-06T16:54:44.4118513Z [command]/usr/bin/git config --local includeIf.gitdir:/home/runner/work/meta-expression/meta-expression/.git.path /home/runner/work/_temp/git-credentials-300c4314-83d5-4602-89bb-a0b2350c31bb.config
Check JS/Rust Parity	UNKNOWN STEP	2026-06-06T16:54:44.4149656Z [command]/usr/bin/git config --local includeIf.gitdir:/home/runner/work/meta-expression/meta-expression/.git/worktrees/*.path /home/runner/work/_temp/git-credentials-300c4314-83d5-4602-89bb-a0b2350c31bb.config
Check JS/Rust Parity	UNKNOWN STEP	2026-06-06T16:54:44.4182341Z [command]/usr/bin/git config --local includeIf.gitdir:/github/workspace/.git.path /github/runner_temp/git-credentials-300c4314-83d5-4602-89bb-a0b2350c31bb.config
Check JS/Rust Parity	UNKNOWN STEP	2026-06-06T16:54:44.4223814Z [command]/usr/bin/git config --local includeIf.gitdir:/github/workspace/.git/worktrees/*.path /github/runner_temp/git-credentials-300c4314-83d5-4602-89bb-a0b2350c31bb.config
Check JS/Rust Parity	UNKNOWN STEP	2026-06-06T16:54:44.4252949Z ##[endgroup]
Check JS/Rust Parity	UNKNOWN STEP	2026-06-06T16:54:44.4254483Z ##[group]Fetching the repository
Check JS/Rust Parity	UNKNOWN STEP	2026-06-06T16:54:44.4263427Z [command]/usr/bin/git -c protocol.version=2 fetch --no-tags --prune --no-recurse-submodules origin +refs/heads/*:refs/remotes/origin/* +refs/tags/*:refs/tags/*
Check JS/Rust Parity	UNKNOWN STEP	2026-06-06T16:54:45.7254753Z From https://github.com/link-assistant/meta-expression
Check JS/Rust Parity	UNKNOWN STEP	2026-06-06T16:54:45.7258661Z  * [new branch]      issue-1-66f2990709b5   -> origin/issue-1-66f2990709b5
Check JS/Rust Parity	UNKNOWN STEP	2026-06-06T16:54:45.7262729Z  * [new branch]      issue-108-9ec72bf0c00d -> origin/issue-108-9ec72bf0c00d
Check JS/Rust Parity	UNKNOWN STEP	2026-06-06T16:54:45.7266611Z  * [new branch]      issue-109-59194c3f9440 -> origin/issue-109-59194c3f9440
Check JS/Rust Parity	UNKNOWN STEP	2026-06-06T16:54:45.7270233Z  * [new branch]      issue-11-9475e456ab10  -> origin/issue-11-9475e456ab10
Check JS/Rust Parity	UNKNOWN STEP	2026-06-06T16:54:45.7273361Z  * [new branch]      issue-110-9276996a2025 -> origin/issue-110-9276996a2025
Check JS/Rust Parity	UNKNOWN STEP	2026-06-06T16:54:45.7275979Z  * [new branch]      issue-111-bbd90b48d3d4 -> origin/issue-111-bbd90b48d3d4
Check JS/Rust Parity	UNKNOWN STEP	2026-06-06T16:54:45.7278532Z  * [new branch]      issue-112-c3cd1e55fea7 -> origin/issue-112-c3cd1e55fea7
Check JS/Rust Parity	UNKNOWN STEP	2026-06-06T16:54:45.7281017Z  * [new branch]      issue-113-ca491d8b7b96 -> origin/issue-113-ca491d8b7b96
Check JS/Rust Parity	UNKNOWN STEP	2026-06-06T16:54:45.7283447Z  * [new branch]      issue-114-d0e88e43d42d -> origin/issue-114-d0e88e43d42d
Check JS/Rust Parity	UNKNOWN STEP	2026-06-06T16:54:45.7286555Z  * [new branch]      issue-115-96ea7e0ff041 -> origin/issue-115-96ea7e0ff041
Check JS/Rust Parity	UNKNOWN STEP	2026-06-06T16:54:45.7289941Z  * [new branch]      issue-116-a642ebf04bb5 -> origin/issue-116-a642ebf04bb5
Check JS/Rust Parity	UNKNOWN STEP	2026-06-06T16:54:45.7293039Z  * [new branch]      issue-126-e1ac50244d41 -> origin/issue-126-e1ac50244d41
Check JS/Rust Parity	UNKNOWN STEP	2026-06-06T16:54:45.7295495Z  * [new branch]      issue-128-41095a0f356d -> origin/issue-128-41095a0f356d
Check JS/Rust Parity	UNKNOWN STEP	2026-06-06T16:54:45.7298632Z  * [new branch]      issue-128-fed1f7a14626 -> origin/issue-128-fed1f7a14626
Check JS/Rust Parity	UNKNOWN STEP	2026-06-06T16:54:45.7300743Z  * [new branch]      issue-13-0a4fc458320f  -> origin/issue-13-0a4fc458320f
Check JS/Rust Parity	UNKNOWN STEP	2026-06-06T16:54:45.7303040Z  * [new branch]      issue-131-84c06d630fcf -> origin/issue-131-84c06d630fcf
Check JS/Rust Parity	UNKNOWN STEP	2026-06-06T16:54:45.7305284Z  * [new branch]      issue-133-36d17cee3887 -> origin/issue-133-36d17cee3887
Check JS/Rust Parity	UNKNOWN STEP	2026-06-06T16:54:45.7307626Z  * [new branch]      issue-133-a2575051275f -> origin/issue-133-a2575051275f
Check JS/Rust Parity	UNKNOWN STEP	2026-06-06T16:54:45.7310653Z  * [new branch]      issue-15-01d48bf15beb  -> origin/issue-15-01d48bf15beb
Check JS/Rust Parity	UNKNOWN STEP	2026-06-06T16:54:45.7312992Z  * [new branch]      issue-16-a4cb3c8415b5  -> origin/issue-16-a4cb3c8415b5
Check JS/Rust Parity	UNKNOWN STEP	2026-06-06T16:54:45.7315398Z  * [new branch]      issue-17-e37119ec7e2e  -> origin/issue-17-e37119ec7e2e
Check JS/Rust Parity	UNKNOWN STEP	2026-06-06T16:54:45.7317692Z  * [new branch]      issue-18-f441191a8b86  -> origin/issue-18-f441191a8b86
Check JS/Rust Parity	UNKNOWN STEP	2026-06-06T16:54:45.7320272Z  * [new branch]      issue-20-5e25c435fda3  -> origin/issue-20-5e25c435fda3
Check JS/Rust Parity	UNKNOWN STEP	2026-06-06T16:54:45.7322606Z  * [new branch]      issue-21-12a11b28b6e5  -> origin/issue-21-12a11b28b6e5
Check JS/Rust Parity	UNKNOWN STEP	2026-06-06T16:54:45.7324863Z  * [new branch]      issue-23-0aed78e996ae  -> origin/issue-23-0aed78e996ae
Check JS/Rust Parity	UNKNOWN STEP	2026-06-06T16:54:45.7327184Z  * [new branch]      issue-26-2cbee1cb1be5  -> origin/issue-26-2cbee1cb1be5
Check JS/Rust Parity	UNKNOWN STEP	2026-06-06T16:54:45.7329740Z  * [new branch]      issue-27-77fbe1d5f177  -> origin/issue-27-77fbe1d5f177
Check JS/Rust Parity	UNKNOWN STEP	2026-06-06T16:54:45.7332050Z  * [new branch]      issue-29-e5195b346fed  -> origin/issue-29-e5195b346fed
Check JS/Rust Parity	UNKNOWN STEP	2026-06-06T16:54:45.7334327Z  * [new branch]      issue-3-130348eb2e36   -> origin/issue-3-130348eb2e36
Check JS/Rust Parity	UNKNOWN STEP	2026-06-06T16:54:45.7336549Z  * [new branch]      issue-35-c9dc0853f1a0  -> origin/issue-35-c9dc0853f1a0
Check JS/Rust Parity	UNKNOWN STEP	2026-06-06T16:54:45.7339056Z  * [new branch]      issue-37-8620cc7da08c  -> origin/issue-37-8620cc7da08c
Check JS/Rust Parity	UNKNOWN STEP	2026-06-06T16:54:45.7341328Z  * [new branch]      issue-39-6eee7e3da635  -> origin/issue-39-6eee7e3da635
Check JS/Rust Parity	UNKNOWN STEP	2026-06-06T16:54:45.7343821Z  * [new branch]      issue-41-89dc6245cc78  -> origin/issue-41-89dc6245cc78
Check JS/Rust Parity	UNKNOWN STEP	2026-06-06T16:54:45.7346039Z  * [new branch]      issue-43-5b7a25fd4491  -> origin/issue-43-5b7a25fd4491
Check JS/Rust Parity	UNKNOWN STEP	2026-06-06T16:54:45.7348541Z  * [new branch]      issue-48-3cc022473812  -> origin/issue-48-3cc022473812
Check JS/Rust Parity	UNKNOWN STEP	2026-06-06T16:54:45.7350824Z  * [new branch]      issue-5-2c7b23a3dfee   -> origin/issue-5-2c7b23a3dfee
Check JS/Rust Parity	UNKNOWN STEP	2026-06-06T16:54:45.7353038Z  * [new branch]      issue-50-125a6780a77b  -> origin/issue-50-125a6780a77b
Check JS/Rust Parity	UNKNOWN STEP	2026-06-06T16:54:45.7355224Z  * [new branch]      issue-52-14d124fa6a47  -> origin/issue-52-14d124fa6a47
Check JS/Rust Parity	UNKNOWN STEP	2026-06-06T16:54:45.7357458Z  * [new branch]      issue-54-d4e0c163ea88  -> origin/issue-54-d4e0c163ea88
Check JS/Rust Parity	UNKNOWN STEP	2026-06-06T16:54:45.7359902Z  * [new branch]      issue-56-7b4471a86c0c  -> origin/issue-56-7b4471a86c0c
Check JS/Rust Parity	UNKNOWN STEP	2026-06-06T16:54:45.7362088Z  * [new branch]      issue-58-4fd21cb80249  -> origin/issue-58-4fd21cb80249
Check JS/Rust Parity	UNKNOWN STEP	2026-06-06T16:54:45.7364270Z  * [new branch]      issue-60-b3b07b32a4f2  -> origin/issue-60-b3b07b32a4f2
Check JS/Rust Parity	UNKNOWN STEP	2026-06-06T16:54:45.7366480Z  * [new branch]      issue-61-f445f6ea7071  -> origin/issue-61-f445f6ea7071
Check JS/Rust Parity	UNKNOWN STEP	2026-06-06T16:54:45.7368884Z  * [new branch]      issue-62-29076fab68e4  -> origin/issue-62-29076fab68e4
Check JS/Rust Parity	UNKNOWN STEP	2026-06-06T16:54:45.7371027Z  * [new branch]      issue-63-3dec45ca24c4  -> origin/issue-63-3dec45ca24c4
Check JS/Rust Parity	UNKNOWN STEP	2026-06-06T16:54:45.7373244Z  * [new branch]      issue-64-e00c5810edcd  -> origin/issue-64-e00c5810edcd
Check JS/Rust Parity	UNKNOWN STEP	2026-06-06T16:54:45.7375344Z  * [new branch]      issue-65-4c2d1e1c1926  -> origin/issue-65-4c2d1e1c1926
Check JS/Rust Parity	UNKNOWN STEP	2026-06-06T16:54:45.7377441Z  * [new branch]      issue-66-efa2706d57bf  -> origin/issue-66-efa2706d57bf
Check JS/Rust Parity	UNKNOWN STEP	2026-06-06T16:54:45.7379806Z  * [new branch]      issue-67-cbc1c5ac4ed2  -> origin/issue-67-cbc1c5ac4ed2
Check JS/Rust Parity	UNKNOWN STEP	2026-06-06T16:54:45.7381908Z  * [new branch]      issue-68-08241e2554cb  -> origin/issue-68-08241e2554cb
Check JS/Rust Parity	UNKNOWN STEP	2026-06-06T16:54:45.7383954Z  * [new branch]      issue-69-420bc440686f  -> origin/issue-69-420bc440686f
Check JS/Rust Parity	UNKNOWN STEP	2026-06-06T16:54:45.7386322Z  * [new branch]      issue-7-c2cf5051240a   -> origin/issue-7-c2cf5051240a
Check JS/Rust Parity	UNKNOWN STEP	2026-06-06T16:54:45.7389860Z  * [new branch]      issue-70-2f41021b3b88  -> origin/issue-70-2f41021b3b88
Check JS/Rust Parity	UNKNOWN STEP	2026-06-06T16:54:45.7392128Z  * [new branch]      issue-71-213699cb7a07  -> origin/issue-71-213699cb7a07
Check JS/Rust Parity	UNKNOWN STEP	2026-06-06T16:54:45.7394535Z  * [new branch]      issue-72-f280d3968ee3  -> origin/issue-72-f280d3968ee3
Check JS/Rust Parity	UNKNOWN STEP	2026-06-06T16:54:45.7397681Z  * [new branch]      issue-73-a48e9ea13ed4  -> origin/issue-73-a48e9ea13ed4
Check JS/Rust Parity	UNKNOWN STEP	2026-06-06T16:54:45.7401084Z  * [new branch]      issue-74-3fccc9cfd1e9  -> origin/issue-74-3fccc9cfd1e9
Check JS/Rust Parity	UNKNOWN STEP	2026-06-06T16:54:45.7404645Z  * [new branch]      issue-87-7cc151ec3bc6  -> origin/issue-87-7cc151ec3bc6
Check JS/Rust Parity	UNKNOWN STEP	2026-06-06T16:54:45.7408157Z  * [new branch]      issue-88-7fdca54b4623  -> origin/issue-88-7fdca54b4623
Check JS/Rust Parity	UNKNOWN STEP	2026-06-06T16:54:45.7411516Z  * [new branch]      issue-89-4d53f5773d5a  -> origin/issue-89-4d53f5773d5a
Check JS/Rust Parity	UNKNOWN STEP	2026-06-06T16:54:45.7414768Z  * [new branch]      issue-9-24bcebd55a5d   -> origin/issue-9-24bcebd55a5d
Check JS/Rust Parity	UNKNOWN STEP	2026-06-06T16:54:45.7418290Z  * [new branch]      issue-90-cabb5d305b6f  -> origin/issue-90-cabb5d305b6f
Check JS/Rust Parity	UNKNOWN STEP	2026-06-06T16:54:45.7421058Z  * [new branch]      issue-91-7228b4557dc6  -> origin/issue-91-7228b4557dc6
Check JS/Rust Parity	UNKNOWN STEP	2026-06-06T16:54:45.7423228Z  * [new branch]      issue-92-561ee90494aa  -> origin/issue-92-561ee90494aa
Check JS/Rust Parity	UNKNOWN STEP	2026-06-06T16:54:45.7425374Z  * [new branch]      issue-93-81850df7e6ef  -> origin/issue-93-81850df7e6ef
Check JS/Rust Parity	UNKNOWN STEP	2026-06-06T16:54:45.7428646Z  * [new branch]      issue-94-61bb8b947c61  -> origin/issue-94-61bb8b947c61
Check JS/Rust Parity	UNKNOWN STEP	2026-06-06T16:54:45.7430942Z  * [new branch]      issue-96-baaac01fda6b  -> origin/issue-96-baaac01fda6b
Check JS/Rust Parity	UNKNOWN STEP	2026-06-06T16:54:45.7432894Z  * [new branch]      main                   -> origin/main
Check JS/Rust Parity	UNKNOWN STEP	2026-06-06T16:54:45.7434454Z  * [new tag]         v0.10.0                -> v0.10.0
Check JS/Rust Parity	UNKNOWN STEP	2026-06-06T16:54:45.7435990Z  * [new tag]         v0.11.0                -> v0.11.0
Check JS/Rust Parity	UNKNOWN STEP	2026-06-06T16:54:45.7437484Z  * [new tag]         v0.12.0                -> v0.12.0
Check JS/Rust Parity	UNKNOWN STEP	2026-06-06T16:54:45.7439344Z  * [new tag]         v0.12.1                -> v0.12.1
Check JS/Rust Parity	UNKNOWN STEP	2026-06-06T16:54:45.7441527Z  * [new tag]         v0.12.2                -> v0.12.2
Check JS/Rust Parity	UNKNOWN STEP	2026-06-06T16:54:45.7448184Z [command]/usr/bin/git rev-parse --verify --quiet 0e5b0e111a65db7055372f89da66b7aac5852f36^{object}
Check JS/Rust Parity	UNKNOWN STEP	2026-06-06T16:54:45.7451742Z 0e5b0e111a65db7055372f89da66b7aac5852f36
Check JS/Rust Parity	UNKNOWN STEP	2026-06-06T16:54:45.7465864Z ##[endgroup]
Check JS/Rust Parity	UNKNOWN STEP	2026-06-06T16:54:45.7468623Z ##[group]Determining the checkout info
Check JS/Rust Parity	UNKNOWN STEP	2026-06-06T16:54:45.7471560Z ##[endgroup]
Check JS/Rust Parity	UNKNOWN STEP	2026-06-06T16:54:45.7475668Z [command]/usr/bin/git sparse-checkout disable
Check JS/Rust Parity	UNKNOWN STEP	2026-06-06T16:54:45.7507228Z [command]/usr/bin/git config --local --unset-all extensions.worktreeConfig
Check JS/Rust Parity	UNKNOWN STEP	2026-06-06T16:54:45.7536193Z ##[group]Checking out the ref
Check JS/Rust Parity	UNKNOWN STEP	2026-06-06T16:54:45.7539590Z [command]/usr/bin/git checkout --progress --force 0e5b0e111a65db7055372f89da66b7aac5852f36
Check JS/Rust Parity	UNKNOWN STEP	2026-06-06T16:54:45.9311948Z Note: switching to '0e5b0e111a65db7055372f89da66b7aac5852f36'.
Check JS/Rust Parity	UNKNOWN STEP	2026-06-06T16:54:45.9313840Z
Check JS/Rust Parity	UNKNOWN STEP	2026-06-06T16:54:45.9315222Z You are in 'detached HEAD' state. You can look around, make experimental
Check JS/Rust Parity	UNKNOWN STEP	2026-06-06T16:54:45.9318974Z changes and commit them, and you can discard any commits you make in this
Check JS/Rust Parity	UNKNOWN STEP	2026-06-06T16:54:45.9322821Z state without impacting any branches by switching back to a branch.
Check JS/Rust Parity	UNKNOWN STEP	2026-06-06T16:54:45.9324758Z
Check JS/Rust Parity	UNKNOWN STEP	2026-06-06T16:54:45.9326643Z If you want to create a new branch to retain commits you create, you may
Check JS/Rust Parity	UNKNOWN STEP	2026-06-06T16:54:45.9329379Z do so (now or later) by using -c with the switch command. Example:
Check JS/Rust Parity	UNKNOWN STEP	2026-06-06T16:54:45.9330532Z
Check JS/Rust Parity	UNKNOWN STEP	2026-06-06T16:54:45.9331005Z   git switch -c <new-branch-name>
Check JS/Rust Parity	UNKNOWN STEP	2026-06-06T16:54:45.9331861Z
Check JS/Rust Parity	UNKNOWN STEP	2026-06-06T16:54:45.9332340Z Or undo this operation with:
Check JS/Rust Parity	UNKNOWN STEP	2026-06-06T16:54:45.9333038Z
Check JS/Rust Parity	UNKNOWN STEP	2026-06-06T16:54:45.9333453Z   git switch -
Check JS/Rust Parity	UNKNOWN STEP	2026-06-06T16:54:45.9333973Z
Check JS/Rust Parity	UNKNOWN STEP	2026-06-06T16:54:45.9335156Z Turn off this advice by setting config variable advice.detachedHead to false
Check JS/Rust Parity	UNKNOWN STEP	2026-06-06T16:54:45.9337243Z
Check JS/Rust Parity	UNKNOWN STEP	2026-06-06T16:54:45.9338437Z HEAD is now at 0e5b0e1 Initial commit with task details
Check JS/Rust Parity	UNKNOWN STEP	2026-06-06T16:54:45.9344053Z ##[endgroup]
Check JS/Rust Parity	UNKNOWN STEP	2026-06-06T16:54:45.9470468Z [command]/usr/bin/git log -1 --format=%H
Check JS/Rust Parity	UNKNOWN STEP	2026-06-06T16:54:45.9473005Z 0e5b0e111a65db7055372f89da66b7aac5852f36
Check JS/Rust Parity	UNKNOWN STEP	2026-06-06T16:54:45.9701248Z ##[group]Run git fetch --no-tags --depth=1 origin "$GITHUB_BASE_SHA"
Check JS/Rust Parity	UNKNOWN STEP	2026-06-06T16:54:45.9703287Z ^[[36;1mgit fetch --no-tags --depth=1 origin "$GITHUB_BASE_SHA"^[[0m
Check JS/Rust Parity	UNKNOWN STEP	2026-06-06T16:54:45.9736774Z shell: /usr/bin/bash -e {0}
Check JS/Rust Parity	UNKNOWN STEP	2026-06-06T16:54:45.9738119Z env:
Check JS/Rust Parity	UNKNOWN STEP	2026-06-06T16:54:45.9739199Z   GITHUB_BASE_SHA: f821e7a6b44a5386b0e3b329f70ec30a8606e5e5
Check JS/Rust Parity	UNKNOWN STEP	2026-06-06T16:54:45.9740653Z ##[endgroup]
Check JS/Rust Parity	UNKNOWN STEP	2026-06-06T16:54:46.1855552Z From https://github.com/link-assistant/meta-expression
Check JS/Rust Parity	UNKNOWN STEP	2026-06-06T16:54:46.1858114Z  * branch            f821e7a6b44a5386b0e3b329f70ec30a8606e5e5 -> FETCH_HEAD
Check JS/Rust Parity	UNKNOWN STEP	2026-06-06T16:54:46.2081610Z ##[group]Run actions/setup-node@v6
Check JS/Rust Parity	UNKNOWN STEP	2026-06-06T16:54:46.2082688Z with:
Check JS/Rust Parity	UNKNOWN STEP	2026-06-06T16:54:46.2083480Z   node-version: 24.x
Check JS/Rust Parity	UNKNOWN STEP	2026-06-06T16:54:46.2084368Z   check-latest: false
Check JS/Rust Parity	UNKNOWN STEP	2026-06-06T16:54:46.2094651Z   token: ***
Check JS/Rust Parity	UNKNOWN STEP	2026-06-06T16:54:46.2095550Z   package-manager-cache: true
Check JS/Rust Parity	UNKNOWN STEP	2026-06-06T16:54:46.2096547Z ##[endgroup]
Check JS/Rust Parity	UNKNOWN STEP	2026-06-06T16:54:46.3734063Z Found in cache @ /opt/hostedtoolcache/node/24.16.0/x64
Check JS/Rust Parity	UNKNOWN STEP	2026-06-06T16:54:46.3750864Z ##[group]Environment details
Check JS/Rust Parity	UNKNOWN STEP	2026-06-06T16:54:46.7916232Z node: v24.16.0
Check JS/Rust Parity	UNKNOWN STEP	2026-06-06T16:54:46.7916829Z npm: 11.13.0
Check JS/Rust Parity	UNKNOWN STEP	2026-06-06T16:54:46.7917256Z yarn: 1.22.22
Check JS/Rust Parity	UNKNOWN STEP	2026-06-06T16:54:46.7918324Z ##[endgroup]
Check JS/Rust Parity	UNKNOWN STEP	2026-06-06T16:54:46.8047589Z ##[group]Run node scripts/check-js-rust-parity.mjs
Check JS/Rust Parity	UNKNOWN STEP	2026-06-06T16:54:46.8048515Z ^[[36;1mnode scripts/check-js-rust-parity.mjs^[[0m
Check JS/Rust Parity	UNKNOWN STEP	2026-06-06T16:54:46.8085091Z shell: /usr/bin/bash -e {0}
Check JS/Rust Parity	UNKNOWN STEP	2026-06-06T16:54:46.8085429Z env:
Check JS/Rust Parity	UNKNOWN STEP	2026-06-06T16:54:46.8085757Z   GITHUB_BASE_SHA: f821e7a6b44a5386b0e3b329f70ec30a8606e5e5
Check JS/Rust Parity	UNKNOWN STEP	2026-06-06T16:54:46.8086229Z   GITHUB_HEAD_SHA: 0e5b0e111a65db7055372f89da66b7aac5852f36
Check JS/Rust Parity	UNKNOWN STEP	2026-06-06T16:54:46.8086620Z ##[endgroup]
Check JS/Rust Parity	UNKNOWN STEP	2026-06-06T16:54:46.8424650Z JS <-> Rust parity: 2 mirrored module pair(s).
Check JS/Rust Parity	UNKNOWN STEP	2026-06-06T16:54:46.8479355Z Changed files (git diff f821e7a6b44a5386b0e3b329f70ec30a8606e5e5..0e5b0e111a65db7055372f89da66b7aac5852f36): 1
Check JS/Rust Parity	UNKNOWN STEP	2026-06-06T16:54:46.8480944Z JS <-> Rust parity holds for all mirrored module pairs.
Check JS/Rust Parity	UNKNOWN STEP	2026-06-06T16:54:46.8595416Z Post job cleanup.
Check JS/Rust Parity	UNKNOWN STEP	2026-06-06T16:54:47.0039956Z Post job cleanup.
Check JS/Rust Parity	UNKNOWN STEP	2026-06-06T16:54:47.0888132Z [command]/usr/bin/git version
Check JS/Rust Parity	UNKNOWN STEP	2026-06-06T16:54:47.0928835Z git version 2.54.0
Check JS/Rust Parity	UNKNOWN STEP	2026-06-06T16:54:47.0972953Z Temporarily overriding HOME='/home/runner/work/_temp/ff8036d1-6215-4c1a-be20-5911e154de58' before making global git config changes
Check JS/Rust Parity	UNKNOWN STEP	2026-06-06T16:54:47.0974423Z Adding repository directory to the temporary git global config as a safe directory
Check JS/Rust Parity	UNKNOWN STEP	2026-06-06T16:54:47.0979426Z [command]/usr/bin/git config --global --add safe.directory /home/runner/work/meta-expression/meta-expression
Check JS/Rust Parity	UNKNOWN STEP	2026-06-06T16:54:47.1013907Z Removing SSH command configuration
Check JS/Rust Parity	UNKNOWN STEP	2026-06-06T16:54:47.1021605Z [command]/usr/bin/git config --local --name-only --get-regexp core\.sshCommand
Check JS/Rust Parity	UNKNOWN STEP	2026-06-06T16:54:47.1059590Z [command]/usr/bin/git submodule foreach --recursive sh -c "git config --local --name-only --get-regexp 'core\.sshCommand' && git config --local --unset-all 'core.sshCommand' || :"
Check JS/Rust Parity	UNKNOWN STEP	2026-06-06T16:54:47.1288226Z Removing HTTP extra header
Check JS/Rust Parity	UNKNOWN STEP	2026-06-06T16:54:47.1294084Z [command]/usr/bin/git config --local --name-only --get-regexp http\.https\:\/\/github\.com\/\.extraheader
Check JS/Rust Parity	UNKNOWN STEP	2026-06-06T16:54:47.1331527Z [command]/usr/bin/git submodule foreach --recursive sh -c "git config --local --name-only --get-regexp 'http\.https\:\/\/github\.com\/\.extraheader' && git config --local --unset-all 'http.https://github.com/.extraheader' || :"
Check JS/Rust Parity	UNKNOWN STEP	2026-06-06T16:54:47.1560827Z Removing includeIf entries pointing to credentials config files
Check JS/Rust Parity	UNKNOWN STEP	2026-06-06T16:54:47.1569696Z [command]/usr/bin/git config --local --name-only --get-regexp ^includeIf\.gitdir:
Check JS/Rust Parity	UNKNOWN STEP	2026-06-06T16:54:47.1600474Z includeif.gitdir:/home/runner/work/meta-expression/meta-expression/.git.path
Check JS/Rust Parity	UNKNOWN STEP	2026-06-06T16:54:47.1602465Z includeif.gitdir:/home/runner/work/meta-expression/meta-expression/.git/worktrees/*.path
Check JS/Rust Parity	UNKNOWN STEP	2026-06-06T16:54:47.1603953Z includeif.gitdir:/github/workspace/.git.path
Check JS/Rust Parity	UNKNOWN STEP	2026-06-06T16:54:47.1605278Z includeif.gitdir:/github/workspace/.git/worktrees/*.path
Check JS/Rust Parity	UNKNOWN STEP	2026-06-06T16:54:47.1611582Z [command]/usr/bin/git config --local --get-all includeif.gitdir:/home/runner/work/meta-expression/meta-expression/.git.path
Check JS/Rust Parity	UNKNOWN STEP	2026-06-06T16:54:47.1636106Z /home/runner/work/_temp/git-credentials-300c4314-83d5-4602-89bb-a0b2350c31bb.config
Check JS/Rust Parity	UNKNOWN STEP	2026-06-06T16:54:47.1649392Z [command]/usr/bin/git config --local --unset includeif.gitdir:/home/runner/work/meta-expression/meta-expression/.git.path /home/runner/work/_temp/git-credentials-300c4314-83d5-4602-89bb-a0b2350c31bb.config
Check JS/Rust Parity	UNKNOWN STEP	2026-06-06T16:54:47.1684791Z [command]/usr/bin/git config --local --get-all includeif.gitdir:/home/runner/work/meta-expression/meta-expression/.git/worktrees/*.path
Check JS/Rust Parity	UNKNOWN STEP	2026-06-06T16:54:47.1708134Z /home/runner/work/_temp/git-credentials-300c4314-83d5-4602-89bb-a0b2350c31bb.config
Check JS/Rust Parity	UNKNOWN STEP	2026-06-06T16:54:47.1720001Z [command]/usr/bin/git config --local --unset includeif.gitdir:/home/runner/work/meta-expression/meta-expression/.git/worktrees/*.path /home/runner/work/_temp/git-credentials-300c4314-83d5-4602-89bb-a0b2350c31bb.config
Check JS/Rust Parity	UNKNOWN STEP	2026-06-06T16:54:47.1752769Z [command]/usr/bin/git config --local --get-all includeif.gitdir:/github/workspace/.git.path
Check JS/Rust Parity	UNKNOWN STEP	2026-06-06T16:54:47.1775757Z /github/runner_temp/git-credentials-300c4314-83d5-4602-89bb-a0b2350c31bb.config
Check JS/Rust Parity	UNKNOWN STEP	2026-06-06T16:54:47.1785011Z [command]/usr/bin/git config --local --unset includeif.gitdir:/github/workspace/.git.path /github/runner_temp/git-credentials-300c4314-83d5-4602-89bb-a0b2350c31bb.config
Check JS/Rust Parity	UNKNOWN STEP	2026-06-06T16:54:47.1815898Z [command]/usr/bin/git config --local --get-all includeif.gitdir:/github/workspace/.git/worktrees/*.path
Check JS/Rust Parity	UNKNOWN STEP	2026-06-06T16:54:47.1838228Z /github/runner_temp/git-credentials-300c4314-83d5-4602-89bb-a0b2350c31bb.config
Check JS/Rust Parity	UNKNOWN STEP	2026-06-06T16:54:47.1849337Z [command]/usr/bin/git config --local --unset includeif.gitdir:/github/workspace/.git/worktrees/*.path /github/runner_temp/git-credentials-300c4314-83d5-4602-89bb-a0b2350c31bb.config
Check JS/Rust Parity	UNKNOWN STEP	2026-06-06T16:54:47.1884084Z [command]/usr/bin/git submodule foreach --recursive git config --local --show-origin --name-only --get-regexp remote.origin.url
Check JS/Rust Parity	UNKNOWN STEP	2026-06-06T16:54:47.2200671Z Removing credentials config '/home/runner/work/_temp/git-credentials-300c4314-83d5-4602-89bb-a0b2350c31bb.config'
Check JS/Rust Parity	UNKNOWN STEP	2026-06-06T16:54:47.2387015Z Cleaning up orphan processes
Check for Manual Version Changes	Set up job	﻿2026-06-06T16:54:42.6464737Z Current runner version: '2.334.0'
Check for Manual Version Changes	Set up job	2026-06-06T16:54:42.6493208Z ##[group]Runner Image Provisioner
Check for Manual Version Changes	Set up job	2026-06-06T16:54:42.6494478Z Hosted Compute Agent
Check for Manual Version Changes	Set up job	2026-06-06T16:54:42.6495523Z Version: 20260520.533
Check for Manual Version Changes	Set up job	2026-06-06T16:54:42.6496482Z Commit: 189110e25284a9812c124fd27b339e2fb4f2f9db
Check for Manual Version Changes	Set up job	2026-06-06T16:54:42.6497741Z Build Date: 2026-05-20T17:44:04Z
Check for Manual Version Changes	Set up job	2026-06-06T16:54:42.6499002Z Worker ID: {317c612e-f35e-4fab-b3b5-0b9ca00ee1bc}
Check for Manual Version Changes	Set up job	2026-06-06T16:54:42.6500428Z Azure Region: eastus
Check for Manual Version Changes	Set up job	2026-06-06T16:54:42.6501426Z ##[endgroup]
Check for Manual Version Changes	Set up job	2026-06-06T16:54:42.6503337Z ##[group]Operating System
Check for Manual Version Changes	Set up job	2026-06-06T16:54:42.6504375Z Ubuntu
Check for Manual Version Changes	Set up job	2026-06-06T16:54:42.6505337Z 24.04.4
Check for Manual Version Changes	Set up job	2026-06-06T16:54:42.6506172Z LTS
Check for Manual Version Changes	Set up job	2026-06-06T16:54:42.6506926Z ##[endgroup]
Check for Manual Version Changes	Set up job	2026-06-06T16:54:42.6507932Z ##[group]Runner Image
Check for Manual Version Changes	Set up job	2026-06-06T16:54:42.6508935Z Image: ubuntu-24.04
Check for Manual Version Changes	Set up job	2026-06-06T16:54:42.6510313Z Version: 20260525.161.1
Check for Manual Version Changes	Set up job	2026-06-06T16:54:42.6512243Z Included Software: https://github.com/actions/runner-images/blob/ubuntu24/20260525.161/images/ubuntu/Ubuntu2404-Readme.md
Check for Manual Version Changes	Set up job	2026-06-06T16:54:42.6515148Z Image Release: https://github.com/actions/runner-images/releases/tag/ubuntu24%2F20260525.161
Check for Manual Version Changes	Set up job	2026-06-06T16:54:42.6516851Z ##[endgroup]
Check for Manual Version Changes	Set up job	2026-06-06T16:54:42.6521826Z ##[group]GITHUB_TOKEN Permissions
Check for Manual Version Changes	Set up job	2026-06-06T16:54:42.6524935Z Actions: write
Check for Manual Version Changes	Set up job	2026-06-06T16:54:42.6526020Z ArtifactMetadata: write
Check for Manual Version Changes	Set up job	2026-06-06T16:54:42.6526955Z Attestations: write
Check for Manual Version Changes	Set up job	2026-06-06T16:54:42.6527875Z Checks: write
Check for Manual Version Changes	Set up job	2026-06-06T16:54:42.6528850Z CodeQuality: write
Check for Manual Version Changes	Set up job	2026-06-06T16:54:42.6529954Z Contents: write
Check for Manual Version Changes	Set up job	2026-06-06T16:54:42.6530987Z Deployments: write
Check for Manual Version Changes	Set up job	2026-06-06T16:54:42.6531902Z Discussions: write
Check for Manual Version Changes	Set up job	2026-06-06T16:54:42.6532872Z Issues: write
Check for Manual Version Changes	Set up job	2026-06-06T16:54:42.6533818Z Metadata: read
Check for Manual Version Changes	Set up job	2026-06-06T16:54:42.6534652Z Models: read
Check for Manual Version Changes	Set up job	2026-06-06T16:54:42.6535649Z Packages: write
Check for Manual Version Changes	Set up job	2026-06-06T16:54:42.6536661Z Pages: write
Check for Manual Version Changes	Set up job	2026-06-06T16:54:42.6537636Z PullRequests: write
Check for Manual Version Changes	Set up job	2026-06-06T16:54:42.6538656Z RepositoryProjects: write
Check for Manual Version Changes	Set up job	2026-06-06T16:54:42.6539862Z SecurityEvents: write
Check for Manual Version Changes	Set up job	2026-06-06T16:54:42.6540784Z Statuses: write
Check for Manual Version Changes	Set up job	2026-06-06T16:54:42.6541877Z VulnerabilityAlerts: read
Check for Manual Version Changes	Set up job	2026-06-06T16:54:42.6542876Z ##[endgroup]
Check for Manual Version Changes	Set up job	2026-06-06T16:54:42.6545562Z Secret source: Actions
Check for Manual Version Changes	Set up job	2026-06-06T16:54:42.6547168Z Prepare workflow directory
Check for Manual Version Changes	Set up job	2026-06-06T16:54:42.6994189Z Prepare all required actions
Check for Manual Version Changes	Set up job	2026-06-06T16:54:42.7046047Z Getting action download info
Check for Manual Version Changes	Set up job	2026-06-06T16:54:43.0158816Z Download action repository 'actions/checkout@v6' (SHA:df4cb1c069e1874edd31b4311f1884172cec0e10)
Check for Manual Version Changes	Set up job	2026-06-06T16:54:43.2955170Z Complete job name: Check for Manual Version Changes
Check for Manual Version Changes	Run actions/checkout@v6	﻿2026-06-06T16:54:43.3648455Z ##[group]Run actions/checkout@v6
Check for Manual Version Changes	Run actions/checkout@v6	2026-06-06T16:54:43.3649282Z with:
Check for Manual Version Changes	Run actions/checkout@v6	2026-06-06T16:54:43.3649902Z   fetch-depth: 0
Check for Manual Version Changes	Run actions/checkout@v6	2026-06-06T16:54:43.3650394Z   repository: link-assistant/meta-expression
Check for Manual Version Changes	Run actions/checkout@v6	2026-06-06T16:54:43.3655084Z   token: ***
Check for Manual Version Changes	Run actions/checkout@v6	2026-06-06T16:54:43.3655522Z   ssh-strict: true
Check for Manual Version Changes	Run actions/checkout@v6	2026-06-06T16:54:43.3655963Z   ssh-user: git
Check for Manual Version Changes	Run actions/checkout@v6	2026-06-06T16:54:43.3656405Z   persist-credentials: true
Check for Manual Version Changes	Run actions/checkout@v6	2026-06-06T16:54:43.3656888Z   clean: true
Check for Manual Version Changes	Run actions/checkout@v6	2026-06-06T16:54:43.3657323Z   sparse-checkout-cone-mode: true
Check for Manual Version Changes	Run actions/checkout@v6	2026-06-06T16:54:43.3657860Z   fetch-tags: false
Check for Manual Version Changes	Run actions/checkout@v6	2026-06-06T16:54:43.3658299Z   show-progress: true
Check for Manual Version Changes	Run actions/checkout@v6	2026-06-06T16:54:43.3658738Z   lfs: false
Check for Manual Version Changes	Run actions/checkout@v6	2026-06-06T16:54:43.3659149Z   submodules: false
Check for Manual Version Changes	Run actions/checkout@v6	2026-06-06T16:54:43.3659690Z   set-safe-directory: true
Check for Manual Version Changes	Run actions/checkout@v6	2026-06-06T16:54:43.3660365Z ##[endgroup]
Check for Manual Version Changes	Run actions/checkout@v6	2026-06-06T16:54:43.4668490Z Syncing repository: link-assistant/meta-expression
Check for Manual Version Changes	Run actions/checkout@v6	2026-06-06T16:54:43.4670944Z ##[group]Getting Git version info
Check for Manual Version Changes	Run actions/checkout@v6	2026-06-06T16:54:43.4671820Z Working directory is '/home/runner/work/meta-expression/meta-expression'
Check for Manual Version Changes	Run actions/checkout@v6	2026-06-06T16:54:43.4673169Z [command]/usr/bin/git version
Check for Manual Version Changes	Run actions/checkout@v6	2026-06-06T16:54:43.4695336Z git version 2.54.0
Check for Manual Version Changes	Run actions/checkout@v6	2026-06-06T16:54:43.4716129Z ##[endgroup]
Check for Manual Version Changes	Run actions/checkout@v6	2026-06-06T16:54:43.4729168Z Temporarily overriding HOME='/home/runner/work/_temp/26b2770d-02fb-4ab8-8175-357d1a548379' before making global git config changes
Check for Manual Version Changes	Run actions/checkout@v6	2026-06-06T16:54:43.4734122Z Adding repository directory to the temporary git global config as a safe directory
Check for Manual Version Changes	Run actions/checkout@v6	2026-06-06T16:54:43.4735690Z [command]/usr/bin/git config --global --add safe.directory /home/runner/work/meta-expression/meta-expression
Check for Manual Version Changes	Run actions/checkout@v6	2026-06-06T16:54:43.4774925Z Deleting the contents of '/home/runner/work/meta-expression/meta-expression'
Check for Manual Version Changes	Run actions/checkout@v6	2026-06-06T16:54:43.4779120Z ##[group]Determining repository object format
Check for Manual Version Changes	Run actions/checkout@v6	2026-06-06T16:54:43.4781701Z ##[endgroup]
Check for Manual Version Changes	Run actions/checkout@v6	2026-06-06T16:54:43.4782439Z ##[group]Initializing the repository
Check for Manual Version Changes	Run actions/checkout@v6	2026-06-06T16:54:43.4786710Z [command]/usr/bin/git init /home/runner/work/meta-expression/meta-expression
Check for Manual Version Changes	Run actions/checkout@v6	2026-06-06T16:54:43.4857209Z hint: Using 'master' as the name for the initial branch. This default branch name
Check for Manual Version Changes	Run actions/checkout@v6	2026-06-06T16:54:43.4858835Z hint: will change to "main" in Git 3.0. To configure the initial branch name
Check for Manual Version Changes	Run actions/checkout@v6	2026-06-06T16:54:43.4861644Z hint: to use in all of your new repositories, which will suppress this warning,
Check for Manual Version Changes	Run actions/checkout@v6	2026-06-06T16:54:43.4862543Z hint: call:
Check for Manual Version Changes	Run actions/checkout@v6	2026-06-06T16:54:43.4862954Z hint:
Check for Manual Version Changes	Run actions/checkout@v6	2026-06-06T16:54:43.4863468Z hint: 	git config --global init.defaultBranch <name>
Check for Manual Version Changes	Run actions/checkout@v6	2026-06-06T16:54:43.4864101Z hint:
Check for Manual Version Changes	Run actions/checkout@v6	2026-06-06T16:54:43.4864681Z hint: Names commonly chosen instead of 'master' are 'main', 'trunk' and
Check for Manual Version Changes	Run actions/checkout@v6	2026-06-06T16:54:43.4865618Z hint: 'development'. The just-created branch can be renamed via this command:
Check for Manual Version Changes	Run actions/checkout@v6	2026-06-06T16:54:43.4866634Z hint:
Check for Manual Version Changes	Run actions/checkout@v6	2026-06-06T16:54:43.4867226Z hint: 	git branch -m <name>
Check for Manual Version Changes	Run actions/checkout@v6	2026-06-06T16:54:43.4867714Z hint:
Check for Manual Version Changes	Run actions/checkout@v6	2026-06-06T16:54:43.4868340Z hint: Disable this message with "git config set advice.defaultBranchName false"
Check for Manual Version Changes	Run actions/checkout@v6	2026-06-06T16:54:43.4869477Z Initialized empty Git repository in /home/runner/work/meta-expression/meta-expression/.git/
Check for Manual Version Changes	Run actions/checkout@v6	2026-06-06T16:54:43.4872205Z [command]/usr/bin/git remote add origin https://github.com/link-assistant/meta-expression
Check for Manual Version Changes	Run actions/checkout@v6	2026-06-06T16:54:43.4943131Z ##[endgroup]
Check for Manual Version Changes	Run actions/checkout@v6	2026-06-06T16:54:43.4944353Z ##[group]Disabling automatic garbage collection
Check for Manual Version Changes	Run actions/checkout@v6	2026-06-06T16:54:43.4947601Z [command]/usr/bin/git config --local gc.auto 0
Check for Manual Version Changes	Run actions/checkout@v6	2026-06-06T16:54:43.4977510Z ##[endgroup]
Check for Manual Version Changes	Run actions/checkout@v6	2026-06-06T16:54:43.4978682Z ##[group]Setting up auth
Check for Manual Version Changes	Run actions/checkout@v6	2026-06-06T16:54:43.4979809Z Removing SSH command configuration
Check for Manual Version Changes	Run actions/checkout@v6	2026-06-06T16:54:43.4985393Z [command]/usr/bin/git config --local --name-only --get-regexp core\.sshCommand
Check for Manual Version Changes	Run actions/checkout@v6	2026-06-06T16:54:43.5018699Z [command]/usr/bin/git submodule foreach --recursive sh -c "git config --local --name-only --get-regexp 'core\.sshCommand' && git config --local --unset-all 'core.sshCommand' || :"
Check for Manual Version Changes	Run actions/checkout@v6	2026-06-06T16:54:43.5314624Z Removing HTTP extra header
Check for Manual Version Changes	Run actions/checkout@v6	2026-06-06T16:54:43.5320363Z [command]/usr/bin/git config --local --name-only --get-regexp http\.https\:\/\/github\.com\/\.extraheader
Check for Manual Version Changes	Run actions/checkout@v6	2026-06-06T16:54:43.5350825Z [command]/usr/bin/git submodule foreach --recursive sh -c "git config --local --name-only --get-regexp 'http\.https\:\/\/github\.com\/\.extraheader' && git config --local --unset-all 'http.https://github.com/.extraheader' || :"
Check for Manual Version Changes	Run actions/checkout@v6	2026-06-06T16:54:43.5573746Z Removing includeIf entries pointing to credentials config files
Check for Manual Version Changes	Run actions/checkout@v6	2026-06-06T16:54:43.5579131Z [command]/usr/bin/git config --local --name-only --get-regexp ^includeIf\.gitdir:
Check for Manual Version Changes	Run actions/checkout@v6	2026-06-06T16:54:43.5610313Z [command]/usr/bin/git submodule foreach --recursive git config --local --show-origin --name-only --get-regexp remote.origin.url
Check for Manual Version Changes	Run actions/checkout@v6	2026-06-06T16:54:43.5840074Z [command]/usr/bin/git config --file /home/runner/work/_temp/git-credentials-44db4fb1-ff73-49ca-972d-c2c742107821.config http.https://github.com/.extraheader AUTHORIZATION: basic ***
Check for Manual Version Changes	Run actions/checkout@v6	2026-06-06T16:54:43.5877087Z [command]/usr/bin/git config --local includeIf.gitdir:/home/runner/work/meta-expression/meta-expression/.git.path /home/runner/work/_temp/git-credentials-44db4fb1-ff73-49ca-972d-c2c742107821.config
Check for Manual Version Changes	Run actions/checkout@v6	2026-06-06T16:54:43.5906030Z [command]/usr/bin/git config --local includeIf.gitdir:/home/runner/work/meta-expression/meta-expression/.git/worktrees/*.path /home/runner/work/_temp/git-credentials-44db4fb1-ff73-49ca-972d-c2c742107821.config
Check for Manual Version Changes	Run actions/checkout@v6	2026-06-06T16:54:43.5938848Z [command]/usr/bin/git config --local includeIf.gitdir:/github/workspace/.git.path /github/runner_temp/git-credentials-44db4fb1-ff73-49ca-972d-c2c742107821.config
Check for Manual Version Changes	Run actions/checkout@v6	2026-06-06T16:54:43.5970319Z [command]/usr/bin/git config --local includeIf.gitdir:/github/workspace/.git/worktrees/*.path /github/runner_temp/git-credentials-44db4fb1-ff73-49ca-972d-c2c742107821.config
Check for Manual Version Changes	Run actions/checkout@v6	2026-06-06T16:54:43.5996454Z ##[endgroup]
Check for Manual Version Changes	Run actions/checkout@v6	2026-06-06T16:54:43.5997526Z ##[group]Fetching the repository
Check for Manual Version Changes	Run actions/checkout@v6	2026-06-06T16:54:43.6005075Z [command]/usr/bin/git -c protocol.version=2 fetch --no-tags --prune --no-recurse-submodules origin +refs/heads/*:refs/remotes/origin/* +refs/tags/*:refs/tags/* +2043423afc70e9d9a2821db1bffacc3eda300627:refs/remotes/pull/135/merge
Check for Manual Version Changes	Run actions/checkout@v6	2026-06-06T16:54:44.4447154Z From https://github.com/link-assistant/meta-expression
Check for Manual Version Changes	Run actions/checkout@v6	2026-06-06T16:54:44.4449032Z  * [new branch]      issue-1-66f2990709b5                     -> origin/issue-1-66f2990709b5
Check for Manual Version Changes	Run actions/checkout@v6	2026-06-06T16:54:44.4450925Z  * [new branch]      issue-108-9ec72bf0c00d                   -> origin/issue-108-9ec72bf0c00d
Check for Manual Version Changes	Run actions/checkout@v6	2026-06-06T16:54:44.4452488Z  * [new branch]      issue-109-59194c3f9440                   -> origin/issue-109-59194c3f9440
Check for Manual Version Changes	Run actions/checkout@v6	2026-06-06T16:54:44.4453980Z  * [new branch]      issue-11-9475e456ab10                    -> origin/issue-11-9475e456ab10
Check for Manual Version Changes	Run actions/checkout@v6	2026-06-06T16:54:44.4455680Z  * [new branch]      issue-110-9276996a2025                   -> origin/issue-110-9276996a2025
Check for Manual Version Changes	Run actions/checkout@v6	2026-06-06T16:54:44.4457527Z  * [new branch]      issue-111-bbd90b48d3d4                   -> origin/issue-111-bbd90b48d3d4
Check for Manual Version Changes	Run actions/checkout@v6	2026-06-06T16:54:44.4460150Z  * [new branch]      issue-112-c3cd1e55fea7                   -> origin/issue-112-c3cd1e55fea7
Check for Manual Version Changes	Run actions/checkout@v6	2026-06-06T16:54:44.4462336Z  * [new branch]      issue-113-ca491d8b7b96                   -> origin/issue-113-ca491d8b7b96
Check for Manual Version Changes	Run actions/checkout@v6	2026-06-06T16:54:44.4464242Z  * [new branch]      issue-114-d0e88e43d42d                   -> origin/issue-114-d0e88e43d42d
Check for Manual Version Changes	Run actions/checkout@v6	2026-06-06T16:54:44.4466166Z  * [new branch]      issue-115-96ea7e0ff041                   -> origin/issue-115-96ea7e0ff041
Check for Manual Version Changes	Run actions/checkout@v6	2026-06-06T16:54:44.4468381Z  * [new branch]      issue-116-a642ebf04bb5                   -> origin/issue-116-a642ebf04bb5
Check for Manual Version Changes	Run actions/checkout@v6	2026-06-06T16:54:44.4470789Z  * [new branch]      issue-126-e1ac50244d41                   -> origin/issue-126-e1ac50244d41
Check for Manual Version Changes	Run actions/checkout@v6	2026-06-06T16:54:44.4473140Z  * [new branch]      issue-128-41095a0f356d                   -> origin/issue-128-41095a0f356d
Check for Manual Version Changes	Run actions/checkout@v6	2026-06-06T16:54:44.4475600Z  * [new branch]      issue-128-fed1f7a14626                   -> origin/issue-128-fed1f7a14626
Check for Manual Version Changes	Run actions/checkout@v6	2026-06-06T16:54:44.4478331Z  * [new branch]      issue-13-0a4fc458320f                    -> origin/issue-13-0a4fc458320f
Check for Manual Version Changes	Run actions/checkout@v6	2026-06-06T16:54:44.4481144Z  * [new branch]      issue-131-84c06d630fcf                   -> origin/issue-131-84c06d630fcf
Check for Manual Version Changes	Run actions/checkout@v6	2026-06-06T16:54:44.4483865Z  * [new branch]      issue-133-36d17cee3887                   -> origin/issue-133-36d17cee3887
Check for Manual Version Changes	Run actions/checkout@v6	2026-06-06T16:54:44.4486913Z  * [new branch]      issue-133-a2575051275f                   -> origin/issue-133-a2575051275f
Check for Manual Version Changes	Run actions/checkout@v6	2026-06-06T16:54:44.4489671Z  * [new branch]      issue-15-01d48bf15beb                    -> origin/issue-15-01d48bf15beb
Check for Manual Version Changes	Run actions/checkout@v6	2026-06-06T16:54:44.4492266Z  * [new branch]      issue-16-a4cb3c8415b5                    -> origin/issue-16-a4cb3c8415b5
Check for Manual Version Changes	Run actions/checkout@v6	2026-06-06T16:54:44.4494839Z  * [new branch]      issue-17-e37119ec7e2e                    -> origin/issue-17-e37119ec7e2e
Check for Manual Version Changes	Run actions/checkout@v6	2026-06-06T16:54:44.4497723Z  * [new branch]      issue-18-f441191a8b86                    -> origin/issue-18-f441191a8b86
Check for Manual Version Changes	Run actions/checkout@v6	2026-06-06T16:54:44.4500723Z  * [new branch]      issue-20-5e25c435fda3                    -> origin/issue-20-5e25c435fda3
Check for Manual Version Changes	Run actions/checkout@v6	2026-06-06T16:54:44.4503598Z  * [new branch]      issue-21-12a11b28b6e5                    -> origin/issue-21-12a11b28b6e5
Check for Manual Version Changes	Run actions/checkout@v6	2026-06-06T16:54:44.4506463Z  * [new branch]      issue-23-0aed78e996ae                    -> origin/issue-23-0aed78e996ae
Check for Manual Version Changes	Run actions/checkout@v6	2026-06-06T16:54:44.4509362Z  * [new branch]      issue-26-2cbee1cb1be5                    -> origin/issue-26-2cbee1cb1be5
Check for Manual Version Changes	Run actions/checkout@v6	2026-06-06T16:54:44.4512320Z  * [new branch]      issue-27-77fbe1d5f177                    -> origin/issue-27-77fbe1d5f177
Check for Manual Version Changes	Run actions/checkout@v6	2026-06-06T16:54:44.4515199Z  * [new branch]      issue-29-e5195b346fed                    -> origin/issue-29-e5195b346fed
Check for Manual Version Changes	Run actions/checkout@v6	2026-06-06T16:54:44.4518027Z  * [new branch]      issue-3-130348eb2e36                     -> origin/issue-3-130348eb2e36
Check for Manual Version Changes	Run actions/checkout@v6	2026-06-06T16:54:44.4521338Z  * [new branch]      issue-35-c9dc0853f1a0                    -> origin/issue-35-c9dc0853f1a0
Check for Manual Version Changes	Run actions/checkout@v6	2026-06-06T16:54:44.4524146Z  * [new branch]      issue-37-8620cc7da08c                    -> origin/issue-37-8620cc7da08c
Check for Manual Version Changes	Run actions/checkout@v6	2026-06-06T16:54:44.4526956Z  * [new branch]      issue-39-6eee7e3da635                    -> origin/issue-39-6eee7e3da635
Check for Manual Version Changes	Run actions/checkout@v6	2026-06-06T16:54:44.4529920Z  * [new branch]      issue-41-89dc6245cc78                    -> origin/issue-41-89dc6245cc78
Check for Manual Version Changes	Run actions/checkout@v6	2026-06-06T16:54:44.4532800Z  * [new branch]      issue-43-5b7a25fd4491                    -> origin/issue-43-5b7a25fd4491
Check for Manual Version Changes	Run actions/checkout@v6	2026-06-06T16:54:44.4535606Z  * [new branch]      issue-48-3cc022473812                    -> origin/issue-48-3cc022473812
Check for Manual Version Changes	Run actions/checkout@v6	2026-06-06T16:54:44.4538440Z  * [new branch]      issue-5-2c7b23a3dfee                     -> origin/issue-5-2c7b23a3dfee
Check for Manual Version Changes	Run actions/checkout@v6	2026-06-06T16:54:44.4541337Z  * [new branch]      issue-50-125a6780a77b                    -> origin/issue-50-125a6780a77b
Check for Manual Version Changes	Run actions/checkout@v6	2026-06-06T16:54:44.4544197Z  * [new branch]      issue-52-14d124fa6a47                    -> origin/issue-52-14d124fa6a47
Check for Manual Version Changes	Run actions/checkout@v6	2026-06-06T16:54:44.4547059Z  * [new branch]      issue-54-d4e0c163ea88                    -> origin/issue-54-d4e0c163ea88
Check for Manual Version Changes	Run actions/checkout@v6	2026-06-06T16:54:44.4549984Z  * [new branch]      issue-56-7b4471a86c0c                    -> origin/issue-56-7b4471a86c0c
Check for Manual Version Changes	Run actions/checkout@v6	2026-06-06T16:54:44.4552863Z  * [new branch]      issue-58-4fd21cb80249                    -> origin/issue-58-4fd21cb80249
Check for Manual Version Changes	Run actions/checkout@v6	2026-06-06T16:54:44.4555673Z  * [new branch]      issue-60-b3b07b32a4f2                    -> origin/issue-60-b3b07b32a4f2
Check for Manual Version Changes	Run actions/checkout@v6	2026-06-06T16:54:44.4558421Z  * [new branch]      issue-61-f445f6ea7071                    -> origin/issue-61-f445f6ea7071
Check for Manual Version Changes	Run actions/checkout@v6	2026-06-06T16:54:44.4561345Z  * [new branch]      issue-62-29076fab68e4                    -> origin/issue-62-29076fab68e4
Check for Manual Version Changes	Run actions/checkout@v6	2026-06-06T16:54:44.4564024Z  * [new branch]      issue-63-3dec45ca24c4                    -> origin/issue-63-3dec45ca24c4
Check for Manual Version Changes	Run actions/checkout@v6	2026-06-06T16:54:44.4566687Z  * [new branch]      issue-64-e00c5810edcd                    -> origin/issue-64-e00c5810edcd
Check for Manual Version Changes	Run actions/checkout@v6	2026-06-06T16:54:44.4569377Z  * [new branch]      issue-65-4c2d1e1c1926                    -> origin/issue-65-4c2d1e1c1926
Check for Manual Version Changes	Run actions/checkout@v6	2026-06-06T16:54:44.4572230Z  * [new branch]      issue-66-efa2706d57bf                    -> origin/issue-66-efa2706d57bf
Check for Manual Version Changes	Run actions/checkout@v6	2026-06-06T16:54:44.4575009Z  * [new branch]      issue-67-cbc1c5ac4ed2                    -> origin/issue-67-cbc1c5ac4ed2
Check for Manual Version Changes	Run actions/checkout@v6	2026-06-06T16:54:44.4577714Z  * [new branch]      issue-68-08241e2554cb                    -> origin/issue-68-08241e2554cb
Check for Manual Version Changes	Run actions/checkout@v6	2026-06-06T16:54:44.4580654Z  * [new branch]      issue-69-420bc440686f                    -> origin/issue-69-420bc440686f
Check for Manual Version Changes	Run actions/checkout@v6	2026-06-06T16:54:44.4583342Z  * [new branch]      issue-7-c2cf5051240a                     -> origin/issue-7-c2cf5051240a
Check for Manual Version Changes	Run actions/checkout@v6	2026-06-06T16:54:44.4586010Z  * [new branch]      issue-70-2f41021b3b88                    -> origin/issue-70-2f41021b3b88
Check for Manual Version Changes	Run actions/checkout@v6	2026-06-06T16:54:44.4588678Z  * [new branch]      issue-71-213699cb7a07                    -> origin/issue-71-213699cb7a07
Check for Manual Version Changes	Run actions/checkout@v6	2026-06-06T16:54:44.4591467Z  * [new branch]      issue-72-f280d3968ee3                    -> origin/issue-72-f280d3968ee3
Check for Manual Version Changes	Run actions/checkout@v6	2026-06-06T16:54:44.4594147Z  * [new branch]      issue-73-a48e9ea13ed4                    -> origin/issue-73-a48e9ea13ed4
Check for Manual Version Changes	Run actions/checkout@v6	2026-06-06T16:54:44.4596807Z  * [new branch]      issue-74-3fccc9cfd1e9                    -> origin/issue-74-3fccc9cfd1e9
Check for Manual Version Changes	Run actions/checkout@v6	2026-06-06T16:54:44.4599432Z  * [new branch]      issue-87-7cc151ec3bc6                    -> origin/issue-87-7cc151ec3bc6
Check for Manual Version Changes	Run actions/checkout@v6	2026-06-06T16:54:44.4602360Z  * [new branch]      issue-88-7fdca54b4623                    -> origin/issue-88-7fdca54b4623
Check for Manual Version Changes	Run actions/checkout@v6	2026-06-06T16:54:44.4604997Z  * [new branch]      issue-89-4d53f5773d5a                    -> origin/issue-89-4d53f5773d5a
Check for Manual Version Changes	Run actions/checkout@v6	2026-06-06T16:54:44.4607601Z  * [new branch]      issue-9-24bcebd55a5d                     -> origin/issue-9-24bcebd55a5d
Check for Manual Version Changes	Run actions/checkout@v6	2026-06-06T16:54:44.4610299Z  * [new branch]      issue-90-cabb5d305b6f                    -> origin/issue-90-cabb5d305b6f
Check for Manual Version Changes	Run actions/checkout@v6	2026-06-06T16:54:44.4613111Z  * [new branch]      issue-91-7228b4557dc6                    -> origin/issue-91-7228b4557dc6
Check for Manual Version Changes	Run actions/checkout@v6	2026-06-06T16:54:44.4615710Z  * [new branch]      issue-92-561ee90494aa                    -> origin/issue-92-561ee90494aa
Check for Manual Version Changes	Run actions/checkout@v6	2026-06-06T16:54:44.4618337Z  * [new branch]      issue-93-81850df7e6ef                    -> origin/issue-93-81850df7e6ef
Check for Manual Version Changes	Run actions/checkout@v6	2026-06-06T16:54:44.4621037Z  * [new branch]      issue-94-61bb8b947c61                    -> origin/issue-94-61bb8b947c61
Check for Manual Version Changes	Run actions/checkout@v6	2026-06-06T16:54:44.4623641Z  * [new branch]      issue-96-baaac01fda6b                    -> origin/issue-96-baaac01fda6b
Check for Manual Version Changes	Run actions/checkout@v6	2026-06-06T16:54:44.4625959Z  * [new branch]      main                                     -> origin/main
Check for Manual Version Changes	Run actions/checkout@v6	2026-06-06T16:54:44.4627901Z  * [new tag]         v0.10.0                                  -> v0.10.0
Check for Manual Version Changes	Run actions/checkout@v6	2026-06-06T16:54:44.4629864Z  * [new tag]         v0.11.0                                  -> v0.11.0
Check for Manual Version Changes	Run actions/checkout@v6	2026-06-06T16:54:44.4631726Z  * [new tag]         v0.12.0                                  -> v0.12.0
Check for Manual Version Changes	Run actions/checkout@v6	2026-06-06T16:54:44.4633593Z  * [new tag]         v0.12.1                                  -> v0.12.1
Check for Manual Version Changes	Run actions/checkout@v6	2026-06-06T16:54:44.4635440Z  * [new tag]         v0.12.2                                  -> v0.12.2
Check for Manual Version Changes	Run actions/checkout@v6	2026-06-06T16:54:44.4637837Z  * [new ref]         2043423afc70e9d9a2821db1bffacc3eda300627 -> pull/135/merge
Check for Manual Version Changes	Run actions/checkout@v6	2026-06-06T16:54:44.4651994Z ##[endgroup]
Check for Manual Version Changes	Run actions/checkout@v6	2026-06-06T16:54:44.4655033Z ##[group]Determining the checkout info
Check for Manual Version Changes	Run actions/checkout@v6	2026-06-06T16:54:44.4658346Z ##[endgroup]
Check for Manual Version Changes	Run actions/checkout@v6	2026-06-06T16:54:44.4660660Z [command]/usr/bin/git sparse-checkout disable
Check for Manual Version Changes	Run actions/checkout@v6	2026-06-06T16:54:44.4705216Z [command]/usr/bin/git config --local --unset-all extensions.worktreeConfig
Check for Manual Version Changes	Run actions/checkout@v6	2026-06-06T16:54:44.4736292Z ##[group]Checking out the ref
Check for Manual Version Changes	Run actions/checkout@v6	2026-06-06T16:54:44.4738332Z [command]/usr/bin/git checkout --progress --force refs/remotes/pull/135/merge
Check for Manual Version Changes	Run actions/checkout@v6	2026-06-06T16:54:44.6588539Z Note: switching to 'refs/remotes/pull/135/merge'.
Check for Manual Version Changes	Run actions/checkout@v6	2026-06-06T16:54:44.6589106Z
Check for Manual Version Changes	Run actions/checkout@v6	2026-06-06T16:54:44.6589409Z You are in 'detached HEAD' state. You can look around, make experimental
Check for Manual Version Changes	Run actions/checkout@v6	2026-06-06T16:54:44.6590250Z changes and commit them, and you can discard any commits you make in this
Check for Manual Version Changes	Run actions/checkout@v6	2026-06-06T16:54:44.6590796Z state without impacting any branches by switching back to a branch.
Check for Manual Version Changes	Run actions/checkout@v6	2026-06-06T16:54:44.6591103Z
Check for Manual Version Changes	Run actions/checkout@v6	2026-06-06T16:54:44.6591317Z If you want to create a new branch to retain commits you create, you may
Check for Manual Version Changes	Run actions/checkout@v6	2026-06-06T16:54:44.6591806Z do so (now or later) by using -c with the switch command. Example:
Check for Manual Version Changes	Run actions/checkout@v6	2026-06-06T16:54:44.6592101Z
Check for Manual Version Changes	Run actions/checkout@v6	2026-06-06T16:54:44.6592243Z   git switch -c <new-branch-name>
Check for Manual Version Changes	Run actions/checkout@v6	2026-06-06T16:54:44.6592717Z
Check for Manual Version Changes	Run actions/checkout@v6	2026-06-06T16:54:44.6592856Z Or undo this operation with:
Check for Manual Version Changes	Run actions/checkout@v6	2026-06-06T16:54:44.6593042Z
Check for Manual Version Changes	Run actions/checkout@v6	2026-06-06T16:54:44.6593163Z   git switch -
Check for Manual Version Changes	Run actions/checkout@v6	2026-06-06T16:54:44.6593326Z
Check for Manual Version Changes	Run actions/checkout@v6	2026-06-06T16:54:44.6593571Z Turn off this advice by setting config variable advice.detachedHead to false
Check for Manual Version Changes	Run actions/checkout@v6	2026-06-06T16:54:44.6593913Z
Check for Manual Version Changes	Run actions/checkout@v6	2026-06-06T16:54:44.6594276Z HEAD is now at 2043423 Merge 0e5b0e111a65db7055372f89da66b7aac5852f36 into f821e7a6b44a5386b0e3b329f70ec30a8606e5e5
Check for Manual Version Changes	Run actions/checkout@v6	2026-06-06T16:54:44.6610224Z ##[endgroup]
Check for Manual Version Changes	Run actions/checkout@v6	2026-06-06T16:54:44.6657375Z [command]/usr/bin/git log -1 --format=%H
Check for Manual Version Changes	Run actions/checkout@v6	2026-06-06T16:54:44.6684485Z 2043423afc70e9d9a2821db1bffacc3eda300627
Check for Manual Version Changes	Check for version changes in package.json	﻿2026-06-06T16:54:44.6896369Z ##[group]Run node scripts/check-version.mjs
Check for Manual Version Changes	Check for version changes in package.json	2026-06-06T16:54:44.6896864Z ^[[36;1mnode scripts/check-version.mjs^[[0m
Check for Manual Version Changes	Check for version changes in package.json	2026-06-06T16:54:44.6928675Z shell: /usr/bin/bash -e {0}
Check for Manual Version Changes	Check for version changes in package.json	2026-06-06T16:54:44.6929033Z env:
Check for Manual Version Changes	Check for version changes in package.json	2026-06-06T16:54:44.6929305Z   GITHUB_HEAD_REF: issue-133-36d17cee3887
Check for Manual Version Changes	Check for version changes in package.json	2026-06-06T16:54:44.6929822Z   GITHUB_BASE_REF: main
Check for Manual Version Changes	Check for version changes in package.json	2026-06-06T16:54:44.6930095Z ##[endgroup]
Check for Manual Version Changes	Check for version changes in package.json	2026-06-06T16:54:44.8192312Z Checking for manual version changes in package.json...
Check for Manual Version Changes	Check for version changes in package.json	2026-06-06T16:54:44.8192830Z
Check for Manual Version Changes	Check for version changes in package.json	2026-06-06T16:54:44.8248858Z No manual version changes detected - check passed
Check for Manual Version Changes	Post Run actions/checkout@v6	﻿2026-06-06T16:54:44.8465170Z Post job cleanup.
Check for Manual Version Changes	Post Run actions/checkout@v6	2026-06-06T16:54:44.9314955Z [command]/usr/bin/git version
Check for Manual Version Changes	Post Run actions/checkout@v6	2026-06-06T16:54:44.9383886Z git version 2.54.0
Check for Manual Version Changes	Post Run actions/checkout@v6	2026-06-06T16:54:44.9420429Z Temporarily overriding HOME='/home/runner/work/_temp/744b5390-d1d5-4d98-9c91-50e4249ce2be' before making global git config changes
Check for Manual Version Changes	Post Run actions/checkout@v6	2026-06-06T16:54:44.9421606Z Adding repository directory to the temporary git global config as a safe directory
Check for Manual Version Changes	Post Run actions/checkout@v6	2026-06-06T16:54:44.9426063Z [command]/usr/bin/git config --global --add safe.directory /home/runner/work/meta-expression/meta-expression
Check for Manual Version Changes	Post Run actions/checkout@v6	2026-06-06T16:54:44.9456962Z Removing SSH command configuration
Check for Manual Version Changes	Post Run actions/checkout@v6	2026-06-06T16:54:44.9462793Z [command]/usr/bin/git config --local --name-only --get-regexp core\.sshCommand
Check for Manual Version Changes	Post Run actions/checkout@v6	2026-06-06T16:54:44.9496667Z [command]/usr/bin/git submodule foreach --recursive sh -c "git config --local --name-only --get-regexp 'core\.sshCommand' && git config --local --unset-all 'core.sshCommand' || :"
Check for Manual Version Changes	Post Run actions/checkout@v6	2026-06-06T16:54:44.9728865Z Removing HTTP extra header
Check for Manual Version Changes	Post Run actions/checkout@v6	2026-06-06T16:54:44.9734418Z [command]/usr/bin/git config --local --name-only --get-regexp http\.https\:\/\/github\.com\/\.extraheader
Check for Manual Version Changes	Post Run actions/checkout@v6	2026-06-06T16:54:44.9768279Z [command]/usr/bin/git submodule foreach --recursive sh -c "git config --local --name-only --get-regexp 'http\.https\:\/\/github\.com\/\.extraheader' && git config --local --unset-all 'http.https://github.com/.extraheader' || :"
Check for Manual Version Changes	Post Run actions/checkout@v6	2026-06-06T16:54:44.9995888Z Removing includeIf entries pointing to credentials config files
Check for Manual Version Changes	Post Run actions/checkout@v6	2026-06-06T16:54:45.0001788Z [command]/usr/bin/git config --local --name-only --get-regexp ^includeIf\.gitdir:
Check for Manual Version Changes	Post Run actions/checkout@v6	2026-06-06T16:54:45.0028303Z includeif.gitdir:/home/runner/work/meta-expression/meta-expression/.git.path
Check for Manual Version Changes	Post Run actions/checkout@v6	2026-06-06T16:54:45.0029849Z includeif.gitdir:/home/runner/work/meta-expression/meta-expression/.git/worktrees/*.path
Check for Manual Version Changes	Post Run actions/checkout@v6	2026-06-06T16:54:45.0031004Z includeif.gitdir:/github/workspace/.git.path
Check for Manual Version Changes	Post Run actions/checkout@v6	2026-06-06T16:54:45.0031844Z includeif.gitdir:/github/workspace/.git/worktrees/*.path
Check for Manual Version Changes	Post Run actions/checkout@v6	2026-06-06T16:54:45.0039120Z [command]/usr/bin/git config --local --get-all includeif.gitdir:/home/runner/work/meta-expression/meta-expression/.git.path
Check for Manual Version Changes	Post Run actions/checkout@v6	2026-06-06T16:54:45.0063795Z /home/runner/work/_temp/git-credentials-44db4fb1-ff73-49ca-972d-c2c742107821.config
Check for Manual Version Changes	Post Run actions/checkout@v6	2026-06-06T16:54:45.0074205Z [command]/usr/bin/git config --local --unset includeif.gitdir:/home/runner/work/meta-expression/meta-expression/.git.path /home/runner/work/_temp/git-credentials-44db4fb1-ff73-49ca-972d-c2c742107821.config
Check for Manual Version Changes	Post Run actions/checkout@v6	2026-06-06T16:54:45.0109736Z [command]/usr/bin/git config --local --get-all includeif.gitdir:/home/runner/work/meta-expression/meta-expression/.git/worktrees/*.path
Check for Manual Version Changes	Post Run actions/checkout@v6	2026-06-06T16:54:45.0132227Z /home/runner/work/_temp/git-credentials-44db4fb1-ff73-49ca-972d-c2c742107821.config
Check for Manual Version Changes	Post Run actions/checkout@v6	2026-06-06T16:54:45.0141249Z [command]/usr/bin/git config --local --unset includeif.gitdir:/home/runner/work/meta-expression/meta-expression/.git/worktrees/*.path /home/runner/work/_temp/git-credentials-44db4fb1-ff73-49ca-972d-c2c742107821.config
Check for Manual Version Changes	Post Run actions/checkout@v6	2026-06-06T16:54:45.0172973Z [command]/usr/bin/git config --local --get-all includeif.gitdir:/github/workspace/.git.path
Check for Manual Version Changes	Post Run actions/checkout@v6	2026-06-06T16:54:45.0195083Z /github/runner_temp/git-credentials-44db4fb1-ff73-49ca-972d-c2c742107821.config
Check for Manual Version Changes	Post Run actions/checkout@v6	2026-06-06T16:54:45.0202732Z [command]/usr/bin/git config --local --unset includeif.gitdir:/github/workspace/.git.path /github/runner_temp/git-credentials-44db4fb1-ff73-49ca-972d-c2c742107821.config
Check for Manual Version Changes	Post Run actions/checkout@v6	2026-06-06T16:54:45.0233674Z [command]/usr/bin/git config --local --get-all includeif.gitdir:/github/workspace/.git/worktrees/*.path
Check for Manual Version Changes	Post Run actions/checkout@v6	2026-06-06T16:54:45.0255395Z /github/runner_temp/git-credentials-44db4fb1-ff73-49ca-972d-c2c742107821.config
Check for Manual Version Changes	Post Run actions/checkout@v6	2026-06-06T16:54:45.0264442Z [command]/usr/bin/git config --local --unset includeif.gitdir:/github/workspace/.git/worktrees/*.path /github/runner_temp/git-credentials-44db4fb1-ff73-49ca-972d-c2c742107821.config
Check for Manual Version Changes	Post Run actions/checkout@v6	2026-06-06T16:54:45.0296777Z [command]/usr/bin/git submodule foreach --recursive git config --local --show-origin --name-only --get-regexp remote.origin.url
Check for Manual Version Changes	Post Run actions/checkout@v6	2026-06-06T16:54:45.0527659Z Removing credentials config '/home/runner/work/_temp/git-credentials-44db4fb1-ff73-49ca-972d-c2c742107821.config'
Check for Manual Version Changes	Complete job	﻿2026-06-06T16:54:45.0674492Z Cleaning up orphan processes
Test (bun on ubuntu-latest)	Set up job	﻿2026-06-06T16:54:49.5414966Z Current runner version: '2.334.0'
Test (bun on ubuntu-latest)	Set up job	2026-06-06T16:54:49.5442623Z ##[group]Runner Image Provisioner
Test (bun on ubuntu-latest)	Set up job	2026-06-06T16:54:49.5443570Z Hosted Compute Agent
Test (bun on ubuntu-latest)	Set up job	2026-06-06T16:54:49.5444267Z Version: 20260520.533
Test (bun on ubuntu-latest)	Set up job	2026-06-06T16:54:49.5444934Z Commit: 189110e25284a9812c124fd27b339e2fb4f2f9db
Test (bun on ubuntu-latest)	Set up job	2026-06-06T16:54:49.5445671Z Build Date: 2026-05-20T17:44:04Z
Test (bun on ubuntu-latest)	Set up job	2026-06-06T16:54:49.5446430Z Worker ID: {965f608b-4835-4df5-bead-c9f6eaa9250c}
Test (bun on ubuntu-latest)	Set up job	2026-06-06T16:54:49.5447195Z Azure Region: eastus
Test (bun on ubuntu-latest)	Set up job	2026-06-06T16:54:49.5447780Z ##[endgroup]
Test (bun on ubuntu-latest)	Set up job	2026-06-06T16:54:49.5449518Z ##[group]Operating System
Test (bun on ubuntu-latest)	Set up job	2026-06-06T16:54:49.5450184Z Ubuntu
Test (bun on ubuntu-latest)	Set up job	2026-06-06T16:54:49.5450821Z 24.04.4
Test (bun on ubuntu-latest)	Set up job	2026-06-06T16:54:49.5451662Z LTS
Test (bun on ubuntu-latest)	Set up job	2026-06-06T16:54:49.5452181Z ##[endgroup]
Test (bun on ubuntu-latest)	Set up job	2026-06-06T16:54:49.5452830Z ##[group]Runner Image
Test (bun on ubuntu-latest)	Set up job	2026-06-06T16:54:49.5453446Z Image: ubuntu-24.04
Test (bun on ubuntu-latest)	Set up job	2026-06-06T16:54:49.5454074Z Version: 20260525.161.1
Test (bun on ubuntu-latest)	Set up job	2026-06-06T16:54:49.5455210Z Included Software: https://github.com/actions/runner-images/blob/ubuntu24/20260525.161/images/ubuntu/Ubuntu2404-Readme.md
Test (bun on ubuntu-latest)	Set up job	2026-06-06T16:54:49.5457044Z Image Release: https://github.com/actions/runner-images/releases/tag/ubuntu24%2F20260525.161
Test (bun on ubuntu-latest)	Set up job	2026-06-06T16:54:49.5458027Z ##[endgroup]
Test (bun on ubuntu-latest)	Set up job	2026-06-06T16:54:49.5460943Z ##[group]GITHUB_TOKEN Permissions
Test (bun on ubuntu-latest)	Set up job	2026-06-06T16:54:49.5463974Z Actions: write
Test (bun on ubuntu-latest)	Set up job	2026-06-06T16:54:49.5464751Z ArtifactMetadata: write
Test (bun on ubuntu-latest)	Set up job	2026-06-06T16:54:49.5465418Z Attestations: write
Test (bun on ubuntu-latest)	Set up job	2026-06-06T16:54:49.5466010Z Checks: write
Test (bun on ubuntu-latest)	Set up job	2026-06-06T16:54:49.5466637Z CodeQuality: write
Test (bun on ubuntu-latest)	Set up job	2026-06-06T16:54:49.5467314Z Contents: write
Test (bun on ubuntu-latest)	Set up job	2026-06-06T16:54:49.5467918Z Deployments: write
Test (bun on ubuntu-latest)	Set up job	2026-06-06T16:54:49.5468516Z Discussions: write
Test (bun on ubuntu-latest)	Set up job	2026-06-06T16:54:49.5469096Z Issues: write
Test (bun on ubuntu-latest)	Set up job	2026-06-06T16:54:49.5469728Z Metadata: read
Test (bun on ubuntu-latest)	Set up job	2026-06-06T16:54:49.5470298Z Models: read
Test (bun on ubuntu-latest)	Set up job	2026-06-06T16:54:49.5470878Z Packages: write
Test (bun on ubuntu-latest)	Set up job	2026-06-06T16:54:49.5471929Z Pages: write
Test (bun on ubuntu-latest)	Set up job	2026-06-06T16:54:49.5472648Z PullRequests: write
Test (bun on ubuntu-latest)	Set up job	2026-06-06T16:54:49.5473315Z RepositoryProjects: write
Test (bun on ubuntu-latest)	Set up job	2026-06-06T16:54:49.5473994Z SecurityEvents: write
Test (bun on ubuntu-latest)	Set up job	2026-06-06T16:54:49.5474586Z Statuses: write
Test (bun on ubuntu-latest)	Set up job	2026-06-06T16:54:49.5475253Z VulnerabilityAlerts: read
Test (bun on ubuntu-latest)	Set up job	2026-06-06T16:54:49.5475909Z ##[endgroup]
Test (bun on ubuntu-latest)	Set up job	2026-06-06T16:54:49.5478677Z Secret source: Actions
Test (bun on ubuntu-latest)	Set up job	2026-06-06T16:54:49.5479757Z Prepare workflow directory
Test (bun on ubuntu-latest)	Set up job	2026-06-06T16:54:49.5830421Z Prepare all required actions
Test (bun on ubuntu-latest)	Set up job	2026-06-06T16:54:49.5870028Z Getting action download info
Test (bun on ubuntu-latest)	Set up job	2026-06-06T16:54:49.8967757Z Download action repository 'actions/checkout@v6' (SHA:df4cb1c069e1874edd31b4311f1884172cec0e10)
Test (bun on ubuntu-latest)	Set up job	2026-06-06T16:54:50.0879948Z Download action repository 'oven-sh/setup-bun@v2' (SHA:0c5077e51419868618aeaa5fe8019c62421857d6)
Test (bun on ubuntu-latest)	Set up job	2026-06-06T16:54:50.3113020Z Complete job name: Test (bun on ubuntu-latest)
Test (bun on ubuntu-latest)	Run actions/checkout@v6	﻿2026-06-06T16:54:50.3878573Z ##[group]Run actions/checkout@v6
Test (bun on ubuntu-latest)	Run actions/checkout@v6	2026-06-06T16:54:50.3879502Z with:
Test (bun on ubuntu-latest)	Run actions/checkout@v6	2026-06-06T16:54:50.3879961Z   fetch-depth: 0
Test (bun on ubuntu-latest)	Run actions/checkout@v6	2026-06-06T16:54:50.3880486Z   repository: link-assistant/meta-expression
Test (bun on ubuntu-latest)	Run actions/checkout@v6	2026-06-06T16:54:50.3885721Z   token: ***
Test (bun on ubuntu-latest)	Run actions/checkout@v6	2026-06-06T16:54:50.3886191Z   ssh-strict: true
Test (bun on ubuntu-latest)	Run actions/checkout@v6	2026-06-06T16:54:50.3886677Z   ssh-user: git
Test (bun on ubuntu-latest)	Run actions/checkout@v6	2026-06-06T16:54:50.3887156Z   persist-credentials: true
Test (bun on ubuntu-latest)	Run actions/checkout@v6	2026-06-06T16:54:50.3887742Z   clean: true
Test (bun on ubuntu-latest)	Run actions/checkout@v6	2026-06-06T16:54:50.3888223Z   sparse-checkout-cone-mode: true
Test (bun on ubuntu-latest)	Run actions/checkout@v6	2026-06-06T16:54:50.3888808Z   fetch-tags: false
Test (bun on ubuntu-latest)	Run actions/checkout@v6	2026-06-06T16:54:50.3889285Z   show-progress: true
Test (bun on ubuntu-latest)	Run actions/checkout@v6	2026-06-06T16:54:50.3889786Z   lfs: false
Test (bun on ubuntu-latest)	Run actions/checkout@v6	2026-06-06T16:54:50.3890234Z   submodules: false
Test (bun on ubuntu-latest)	Run actions/checkout@v6	2026-06-06T16:54:50.3890725Z   set-safe-directory: true
Test (bun on ubuntu-latest)	Run actions/checkout@v6	2026-06-06T16:54:50.3891585Z ##[endgroup]
Test (bun on ubuntu-latest)	Run actions/checkout@v6	2026-06-06T16:54:50.4876191Z Syncing repository: link-assistant/meta-expression
Test (bun on ubuntu-latest)	Run actions/checkout@v6	2026-06-06T16:54:50.4878654Z ##[group]Getting Git version info
Test (bun on ubuntu-latest)	Run actions/checkout@v6	2026-06-06T16:54:50.4879524Z Working directory is '/home/runner/work/meta-expression/meta-expression'
Test (bun on ubuntu-latest)	Run actions/checkout@v6	2026-06-06T16:54:50.4881199Z [command]/usr/bin/git version
Test (bun on ubuntu-latest)	Run actions/checkout@v6	2026-06-06T16:54:50.4914127Z git version 2.54.0
Test (bun on ubuntu-latest)	Run actions/checkout@v6	2026-06-06T16:54:50.4936488Z ##[endgroup]
Test (bun on ubuntu-latest)	Run actions/checkout@v6	2026-06-06T16:54:50.4951307Z Temporarily overriding HOME='/home/runner/work/_temp/2965c101-f90e-4236-ba71-c9e6045c3ce4' before making global git config changes
Test (bun on ubuntu-latest)	Run actions/checkout@v6	2026-06-06T16:54:50.4953399Z Adding repository directory to the temporary git global config as a safe directory
Test (bun on ubuntu-latest)	Run actions/checkout@v6	2026-06-06T16:54:50.4956848Z [command]/usr/bin/git config --global --add safe.directory /home/runner/work/meta-expression/meta-expression
Test (bun on ubuntu-latest)	Run actions/checkout@v6	2026-06-06T16:54:50.5000572Z Deleting the contents of '/home/runner/work/meta-expression/meta-expression'
Test (bun on ubuntu-latest)	Run actions/checkout@v6	2026-06-06T16:54:50.5004785Z ##[group]Determining repository object format
Test (bun on ubuntu-latest)	Run actions/checkout@v6	2026-06-06T16:54:50.5007224Z ##[endgroup]
Test (bun on ubuntu-latest)	Run actions/checkout@v6	2026-06-06T16:54:50.5008024Z ##[group]Initializing the repository
Test (bun on ubuntu-latest)	Run actions/checkout@v6	2026-06-06T16:54:50.5012790Z [command]/usr/bin/git init /home/runner/work/meta-expression/meta-expression
Test (bun on ubuntu-latest)	Run actions/checkout@v6	2026-06-06T16:54:50.5086184Z hint: Using 'master' as the name for the initial branch. This default branch name
Test (bun on ubuntu-latest)	Run actions/checkout@v6	2026-06-06T16:54:50.5088186Z hint: will change to "main" in Git 3.0. To configure the initial branch name
Test (bun on ubuntu-latest)	Run actions/checkout@v6	2026-06-06T16:54:50.5089841Z hint: to use in all of your new repositories, which will suppress this warning,
Test (bun on ubuntu-latest)	Run actions/checkout@v6	2026-06-06T16:54:50.5091339Z hint: call:
Test (bun on ubuntu-latest)	Run actions/checkout@v6	2026-06-06T16:54:50.5092053Z hint:
Test (bun on ubuntu-latest)	Run actions/checkout@v6	2026-06-06T16:54:50.5092869Z hint: 	git config --global init.defaultBranch <name>
Test (bun on ubuntu-latest)	Run actions/checkout@v6	2026-06-06T16:54:50.5093879Z hint:
Test (bun on ubuntu-latest)	Run actions/checkout@v6	2026-06-06T16:54:50.5094904Z hint: Names commonly chosen instead of 'master' are 'main', 'trunk' and
Test (bun on ubuntu-latest)	Run actions/checkout@v6	2026-06-06T16:54:50.5096573Z hint: 'development'. The just-created branch can be renamed via this command:
Test (bun on ubuntu-latest)	Run actions/checkout@v6	2026-06-06T16:54:50.5097900Z hint:
Test (bun on ubuntu-latest)	Run actions/checkout@v6	2026-06-06T16:54:50.5098634Z hint: 	git branch -m <name>
Test (bun on ubuntu-latest)	Run actions/checkout@v6	2026-06-06T16:54:50.5099499Z hint:
Test (bun on ubuntu-latest)	Run actions/checkout@v6	2026-06-06T16:54:50.5100632Z hint: Disable this message with "git config set advice.defaultBranchName false"
Test (bun on ubuntu-latest)	Run actions/checkout@v6	2026-06-06T16:54:50.5102990Z Initialized empty Git repository in /home/runner/work/meta-expression/meta-expression/.git/
Test (bun on ubuntu-latest)	Run actions/checkout@v6	2026-06-06T16:54:50.5106420Z [command]/usr/bin/git remote add origin https://github.com/link-assistant/meta-expression
Test (bun on ubuntu-latest)	Run actions/checkout@v6	2026-06-06T16:54:50.5146018Z ##[endgroup]
Test (bun on ubuntu-latest)	Run actions/checkout@v6	2026-06-06T16:54:50.5146888Z ##[group]Disabling automatic garbage collection
Test (bun on ubuntu-latest)	Run actions/checkout@v6	2026-06-06T16:54:50.5151909Z [command]/usr/bin/git config --local gc.auto 0
Test (bun on ubuntu-latest)	Run actions/checkout@v6	2026-06-06T16:54:50.5188557Z ##[endgroup]
Test (bun on ubuntu-latest)	Run actions/checkout@v6	2026-06-06T16:54:50.5190770Z ##[group]Setting up auth
Test (bun on ubuntu-latest)	Run actions/checkout@v6	2026-06-06T16:54:50.5191631Z Removing SSH command configuration
Test (bun on ubuntu-latest)	Run actions/checkout@v6	2026-06-06T16:54:50.5199236Z [command]/usr/bin/git config --local --name-only --get-regexp core\.sshCommand
Test (bun on ubuntu-latest)	Run actions/checkout@v6	2026-06-06T16:54:50.5239011Z [command]/usr/bin/git submodule foreach --recursive sh -c "git config --local --name-only --get-regexp 'core\.sshCommand' && git config --local --unset-all 'core.sshCommand' || :"
Test (bun on ubuntu-latest)	Run actions/checkout@v6	2026-06-06T16:54:50.5589369Z Removing HTTP extra header
Test (bun on ubuntu-latest)	Run actions/checkout@v6	2026-06-06T16:54:50.5596975Z [command]/usr/bin/git config --local --name-only --get-regexp http\.https\:\/\/github\.com\/\.extraheader
Test (bun on ubuntu-latest)	Run actions/checkout@v6	2026-06-06T16:54:50.5636106Z [command]/usr/bin/git submodule foreach --recursive sh -c "git config --local --name-only --get-regexp 'http\.https\:\/\/github\.com\/\.extraheader' && git config --local --unset-all 'http.https://github.com/.extraheader' || :"
Test (bun on ubuntu-latest)	Run actions/checkout@v6	2026-06-06T16:54:50.5898273Z Removing includeIf entries pointing to credentials config files
Test (bun on ubuntu-latest)	Run actions/checkout@v6	2026-06-06T16:54:50.5906097Z [command]/usr/bin/git config --local --name-only --get-regexp ^includeIf\.gitdir:
Test (bun on ubuntu-latest)	Run actions/checkout@v6	2026-06-06T16:54:50.5942244Z [command]/usr/bin/git submodule foreach --recursive git config --local --show-origin --name-only --get-regexp remote.origin.url
Test (bun on ubuntu-latest)	Run actions/checkout@v6	2026-06-06T16:54:50.6219809Z [command]/usr/bin/git config --file /home/runner/work/_temp/git-credentials-48781514-d742-40b4-884b-ce2e01b2283f.config http.https://github.com/.extraheader AUTHORIZATION: basic ***
Test (bun on ubuntu-latest)	Run actions/checkout@v6	2026-06-06T16:54:50.6260304Z [command]/usr/bin/git config --local includeIf.gitdir:/home/runner/work/meta-expression/meta-expression/.git.path /home/runner/work/_temp/git-credentials-48781514-d742-40b4-884b-ce2e01b2283f.config
Test (bun on ubuntu-latest)	Run actions/checkout@v6	2026-06-06T16:54:50.6291950Z [command]/usr/bin/git config --local includeIf.gitdir:/home/runner/work/meta-expression/meta-expression/.git/worktrees/*.path /home/runner/work/_temp/git-credentials-48781514-d742-40b4-884b-ce2e01b2283f.config
Test (bun on ubuntu-latest)	Run actions/checkout@v6	2026-06-06T16:54:50.6327385Z [command]/usr/bin/git config --local includeIf.gitdir:/github/workspace/.git.path /github/runner_temp/git-credentials-48781514-d742-40b4-884b-ce2e01b2283f.config
Test (bun on ubuntu-latest)	Run actions/checkout@v6	2026-06-06T16:54:50.6365159Z [command]/usr/bin/git config --local includeIf.gitdir:/github/workspace/.git/worktrees/*.path /github/runner_temp/git-credentials-48781514-d742-40b4-884b-ce2e01b2283f.config
Test (bun on ubuntu-latest)	Run actions/checkout@v6	2026-06-06T16:54:50.6408438Z ##[endgroup]
Test (bun on ubuntu-latest)	Run actions/checkout@v6	2026-06-06T16:54:50.6409866Z ##[group]Fetching the repository
Test (bun on ubuntu-latest)	Run actions/checkout@v6	2026-06-06T16:54:51.4662492Z [command]/usr/bin/git -c protocol.version=2 fetch --no-tags --prune --no-recurse-submodules origin +refs/heads/*:refs/remotes/origin/* +refs/tags/*:refs/tags/* +2043423afc70e9d9a2821db1bffacc3eda300627:refs/remotes/pull/135/merge
Test (bun on ubuntu-latest)	Run actions/checkout@v6	2026-06-06T16:54:51.4667315Z From https://github.com/link-assistant/meta-expression
Test (bun on ubuntu-latest)	Run actions/checkout@v6	2026-06-06T16:54:51.4670438Z  * [new branch]      issue-1-66f2990709b5                     -> origin/issue-1-66f2990709b5
Test (bun on ubuntu-latest)	Run actions/checkout@v6	2026-06-06T16:54:51.4674066Z  * [new branch]      issue-108-9ec72bf0c00d                   -> origin/issue-108-9ec72bf0c00d
Test (bun on ubuntu-latest)	Run actions/checkout@v6	2026-06-06T16:54:51.4677009Z  * [new branch]      issue-109-59194c3f9440                   -> origin/issue-109-59194c3f9440
Test (bun on ubuntu-latest)	Run actions/checkout@v6	2026-06-06T16:54:51.4679458Z  * [new branch]      issue-11-9475e456ab10                    -> origin/issue-11-9475e456ab10
Test (bun on ubuntu-latest)	Run actions/checkout@v6	2026-06-06T16:54:51.4682296Z  * [new branch]      issue-110-9276996a2025                   -> origin/issue-110-9276996a2025
Test (bun on ubuntu-latest)	Run actions/checkout@v6	2026-06-06T16:54:51.4684833Z  * [new branch]      issue-111-bbd90b48d3d4                   -> origin/issue-111-bbd90b48d3d4
Test (bun on ubuntu-latest)	Run actions/checkout@v6	2026-06-06T16:54:51.4687849Z  * [new branch]      issue-112-c3cd1e55fea7                   -> origin/issue-112-c3cd1e55fea7
Test (bun on ubuntu-latest)	Run actions/checkout@v6	2026-06-06T16:54:51.4690830Z  * [new branch]      issue-113-ca491d8b7b96                   -> origin/issue-113-ca491d8b7b96
Test (bun on ubuntu-latest)	Run actions/checkout@v6	2026-06-06T16:54:51.4694096Z  * [new branch]      issue-114-d0e88e43d42d                   -> origin/issue-114-d0e88e43d42d
Test (bun on ubuntu-latest)	Run actions/checkout@v6	2026-06-06T16:54:51.4697064Z  * [new branch]      issue-115-96ea7e0ff041                   -> origin/issue-115-96ea7e0ff041
Test (bun on ubuntu-latest)	Run actions/checkout@v6	2026-06-06T16:54:51.4699763Z  * [new branch]      issue-116-a642ebf04bb5                   -> origin/issue-116-a642ebf04bb5
Test (bun on ubuntu-latest)	Run actions/checkout@v6	2026-06-06T16:54:51.4702765Z  * [new branch]      issue-126-e1ac50244d41                   -> origin/issue-126-e1ac50244d41
Test (bun on ubuntu-latest)	Run actions/checkout@v6	2026-06-06T16:54:51.4705388Z  * [new branch]      issue-128-41095a0f356d                   -> origin/issue-128-41095a0f356d
Test (bun on ubuntu-latest)	Run actions/checkout@v6	2026-06-06T16:54:51.4708107Z  * [new branch]      issue-128-fed1f7a14626                   -> origin/issue-128-fed1f7a14626
Test (bun on ubuntu-latest)	Run actions/checkout@v6	2026-06-06T16:54:51.4710662Z  * [new branch]      issue-13-0a4fc458320f                    -> origin/issue-13-0a4fc458320f
Test (bun on ubuntu-latest)	Run actions/checkout@v6	2026-06-06T16:54:51.4713535Z  * [new branch]      issue-131-84c06d630fcf                   -> origin/issue-131-84c06d630fcf
Test (bun on ubuntu-latest)	Run actions/checkout@v6	2026-06-06T16:54:51.4716051Z  * [new branch]      issue-133-36d17cee3887                   -> origin/issue-133-36d17cee3887
Test (bun on ubuntu-latest)	Run actions/checkout@v6	2026-06-06T16:54:51.4718903Z  * [new branch]      issue-133-a2575051275f                   -> origin/issue-133-a2575051275f
Test (bun on ubuntu-latest)	Run actions/checkout@v6	2026-06-06T16:54:51.4721579Z  * [new branch]      issue-15-01d48bf15beb                    -> origin/issue-15-01d48bf15beb
Test (bun on ubuntu-latest)	Run actions/checkout@v6	2026-06-06T16:54:51.4724062Z  * [new branch]      issue-16-a4cb3c8415b5                    -> origin/issue-16-a4cb3c8415b5
Test (bun on ubuntu-latest)	Run actions/checkout@v6	2026-06-06T16:54:51.4726806Z  * [new branch]      issue-17-e37119ec7e2e                    -> origin/issue-17-e37119ec7e2e
Test (bun on ubuntu-latest)	Run actions/checkout@v6	2026-06-06T16:54:51.4729504Z  * [new branch]      issue-18-f441191a8b86                    -> origin/issue-18-f441191a8b86
Test (bun on ubuntu-latest)	Run actions/checkout@v6	2026-06-06T16:54:51.4732333Z  * [new branch]      issue-20-5e25c435fda3                    -> origin/issue-20-5e25c435fda3
Test (bun on ubuntu-latest)	Run actions/checkout@v6	2026-06-06T16:54:51.4735044Z  * [new branch]      issue-21-12a11b28b6e5                    -> origin/issue-21-12a11b28b6e5
Test (bun on ubuntu-latest)	Run actions/checkout@v6	2026-06-06T16:54:51.4737716Z  * [new branch]      issue-23-0aed78e996ae                    -> origin/issue-23-0aed78e996ae
Test (bun on ubuntu-latest)	Run actions/checkout@v6	2026-06-06T16:54:51.4740380Z  * [new branch]      issue-26-2cbee1cb1be5                    -> origin/issue-26-2cbee1cb1be5
Test (bun on ubuntu-latest)	Run actions/checkout@v6	2026-06-06T16:54:51.4743286Z  * [new branch]      issue-27-77fbe1d5f177                    -> origin/issue-27-77fbe1d5f177
Test (bun on ubuntu-latest)	Run actions/checkout@v6	2026-06-06T16:54:51.4746004Z  * [new branch]      issue-29-e5195b346fed                    -> origin/issue-29-e5195b346fed
Test (bun on ubuntu-latest)	Run actions/checkout@v6	2026-06-06T16:54:51.4748952Z  * [new branch]      issue-3-130348eb2e36                     -> origin/issue-3-130348eb2e36
Test (bun on ubuntu-latest)	Run actions/checkout@v6	2026-06-06T16:54:51.4751802Z  * [new branch]      issue-35-c9dc0853f1a0                    -> origin/issue-35-c9dc0853f1a0
Test (bun on ubuntu-latest)	Run actions/checkout@v6	2026-06-06T16:54:51.4754516Z  * [new branch]      issue-37-8620cc7da08c                    -> origin/issue-37-8620cc7da08c
Test (bun on ubuntu-latest)	Run actions/checkout@v6	2026-06-06T16:54:51.4757196Z  * [new branch]      issue-39-6eee7e3da635                    -> origin/issue-39-6eee7e3da635
Test (bun on ubuntu-latest)	Run actions/checkout@v6	2026-06-06T16:54:51.4759855Z  * [new branch]      issue-41-89dc6245cc78                    -> origin/issue-41-89dc6245cc78
Test (bun on ubuntu-latest)	Run actions/checkout@v6	2026-06-06T16:54:51.4762730Z  * [new branch]      issue-43-5b7a25fd4491                    -> origin/issue-43-5b7a25fd4491
Test (bun on ubuntu-latest)	Run actions/checkout@v6	2026-06-06T16:54:51.4765417Z  * [new branch]      issue-48-3cc022473812                    -> origin/issue-48-3cc022473812
Test (bun on ubuntu-latest)	Run actions/checkout@v6	2026-06-06T16:54:51.4768069Z  * [new branch]      issue-5-2c7b23a3dfee                     -> origin/issue-5-2c7b23a3dfee
Test (bun on ubuntu-latest)	Run actions/checkout@v6	2026-06-06T16:54:51.4770688Z  * [new branch]      issue-50-125a6780a77b                    -> origin/issue-50-125a6780a77b
Test (bun on ubuntu-latest)	Run actions/checkout@v6	2026-06-06T16:54:51.4773471Z  * [new branch]      issue-52-14d124fa6a47                    -> origin/issue-52-14d124fa6a47
Test (bun on ubuntu-latest)	Run actions/checkout@v6	2026-06-06T16:54:51.4776094Z  * [new branch]      issue-54-d4e0c163ea88                    -> origin/issue-54-d4e0c163ea88
Test (bun on ubuntu-latest)	Run actions/checkout@v6	2026-06-06T16:54:51.4778708Z  * [new branch]      issue-56-7b4471a86c0c                    -> origin/issue-56-7b4471a86c0c
Test (bun on ubuntu-latest)	Run actions/checkout@v6	2026-06-06T16:54:51.4781455Z  * [new branch]      issue-58-4fd21cb80249                    -> origin/issue-58-4fd21cb80249
Test (bun on ubuntu-latest)	Run actions/checkout@v6	2026-06-06T16:54:51.4784076Z  * [new branch]      issue-60-b3b07b32a4f2                    -> origin/issue-60-b3b07b32a4f2
Test (bun on ubuntu-latest)	Run actions/checkout@v6	2026-06-06T16:54:51.4786722Z  * [new branch]      issue-61-f445f6ea7071                    -> origin/issue-61-f445f6ea7071
Test (bun on ubuntu-latest)	Run actions/checkout@v6	2026-06-06T16:54:51.4789757Z  * [new branch]      issue-62-29076fab68e4                    -> origin/issue-62-29076fab68e4
Test (bun on ubuntu-latest)	Run actions/checkout@v6	2026-06-06T16:54:51.4793572Z  * [new branch]      issue-63-3dec45ca24c4                    -> origin/issue-63-3dec45ca24c4
Test (bun on ubuntu-latest)	Run actions/checkout@v6	2026-06-06T16:54:51.4796316Z  * [new branch]      issue-64-e00c5810edcd                    -> origin/issue-64-e00c5810edcd
Test (bun on ubuntu-latest)	Run actions/checkout@v6	2026-06-06T16:54:51.4799598Z  * [new branch]      issue-65-4c2d1e1c1926                    -> origin/issue-65-4c2d1e1c1926
Test (bun on ubuntu-latest)	Run actions/checkout@v6	2026-06-06T16:54:51.4803326Z  * [new branch]      issue-66-efa2706d57bf                    -> origin/issue-66-efa2706d57bf
Test (bun on ubuntu-latest)	Run actions/checkout@v6	2026-06-06T16:54:51.4807131Z  * [new branch]      issue-67-cbc1c5ac4ed2                    -> origin/issue-67-cbc1c5ac4ed2
Test (bun on ubuntu-latest)	Run actions/checkout@v6	2026-06-06T16:54:51.4810865Z  * [new branch]      issue-68-08241e2554cb                    -> origin/issue-68-08241e2554cb
Test (bun on ubuntu-latest)	Run actions/checkout@v6	2026-06-06T16:54:51.4815030Z  * [new branch]      issue-69-420bc440686f                    -> origin/issue-69-420bc440686f
Test (bun on ubuntu-latest)	Run actions/checkout@v6	2026-06-06T16:54:51.4818699Z  * [new branch]      issue-7-c2cf5051240a                     -> origin/issue-7-c2cf5051240a
Test (bun on ubuntu-latest)	Run actions/checkout@v6	2026-06-06T16:54:51.4822698Z  * [new branch]      issue-70-2f41021b3b88                    -> origin/issue-70-2f41021b3b88
Test (bun on ubuntu-latest)	Run actions/checkout@v6	2026-06-06T16:54:51.4825342Z  * [new branch]      issue-71-213699cb7a07                    -> origin/issue-71-213699cb7a07
Test (bun on ubuntu-latest)	Run actions/checkout@v6	2026-06-06T16:54:51.4827841Z  * [new branch]      issue-72-f280d3968ee3                    -> origin/issue-72-f280d3968ee3
Test (bun on ubuntu-latest)	Run actions/checkout@v6	2026-06-06T16:54:51.4830571Z  * [new branch]      issue-73-a48e9ea13ed4                    -> origin/issue-73-a48e9ea13ed4
Test (bun on ubuntu-latest)	Run actions/checkout@v6	2026-06-06T16:54:51.4833956Z  * [new branch]      issue-74-3fccc9cfd1e9                    -> origin/issue-74-3fccc9cfd1e9
Test (bun on ubuntu-latest)	Run actions/checkout@v6	2026-06-06T16:54:51.4836532Z  * [new branch]      issue-87-7cc151ec3bc6                    -> origin/issue-87-7cc151ec3bc6
Test (bun on ubuntu-latest)	Run actions/checkout@v6	2026-06-06T16:54:51.4839160Z  * [new branch]      issue-88-7fdca54b4623                    -> origin/issue-88-7fdca54b4623
Test (bun on ubuntu-latest)	Run actions/checkout@v6	2026-06-06T16:54:51.4841964Z  * [new branch]      issue-89-4d53f5773d5a                    -> origin/issue-89-4d53f5773d5a
Test (bun on ubuntu-latest)	Run actions/checkout@v6	2026-06-06T16:54:51.4844514Z  * [new branch]      issue-9-24bcebd55a5d                     -> origin/issue-9-24bcebd55a5d
Test (bun on ubuntu-latest)	Run actions/checkout@v6	2026-06-06T16:54:51.4847513Z  * [new branch]      issue-90-cabb5d305b6f                    -> origin/issue-90-cabb5d305b6f
Test (bun on ubuntu-latest)	Run actions/checkout@v6	2026-06-06T16:54:51.4850050Z  * [new branch]      issue-91-7228b4557dc6                    -> origin/issue-91-7228b4557dc6
Test (bun on ubuntu-latest)	Run actions/checkout@v6	2026-06-06T16:54:51.4852893Z  * [new branch]      issue-92-561ee90494aa                    -> origin/issue-92-561ee90494aa
Test (bun on ubuntu-latest)	Run actions/checkout@v6	2026-06-06T16:54:51.4855442Z  * [new branch]      issue-93-81850df7e6ef                    -> origin/issue-93-81850df7e6ef
Test (bun on ubuntu-latest)	Run actions/checkout@v6	2026-06-06T16:54:51.4858049Z  * [new branch]      issue-94-61bb8b947c61                    -> origin/issue-94-61bb8b947c61
Test (bun on ubuntu-latest)	Run actions/checkout@v6	2026-06-06T16:54:51.4860693Z  * [new branch]      issue-96-baaac01fda6b                    -> origin/issue-96-baaac01fda6b
Test (bun on ubuntu-latest)	Run actions/checkout@v6	2026-06-06T16:54:51.4864054Z  * [new branch]      main                                     -> origin/main
Test (bun on ubuntu-latest)	Run actions/checkout@v6	2026-06-06T16:54:51.4866727Z  * [new tag]         v0.10.0                                  -> v0.10.0
Test (bun on ubuntu-latest)	Run actions/checkout@v6	2026-06-06T16:54:51.4869395Z  * [new tag]         v0.11.0                                  -> v0.11.0
Test (bun on ubuntu-latest)	Run actions/checkout@v6	2026-06-06T16:54:51.4872198Z  * [new tag]         v0.12.0                                  -> v0.12.0
Test (bun on ubuntu-latest)	Run actions/checkout@v6	2026-06-06T16:54:51.4874926Z  * [new tag]         v0.12.1                                  -> v0.12.1
Test (bun on ubuntu-latest)	Run actions/checkout@v6	2026-06-06T16:54:51.4877485Z  * [new tag]         v0.12.2                                  -> v0.12.2
Test (bun on ubuntu-latest)	Run actions/checkout@v6	2026-06-06T16:54:51.4880535Z  * [new ref]         2043423afc70e9d9a2821db1bffacc3eda300627 -> pull/135/merge
Test (bun on ubuntu-latest)	Run actions/checkout@v6	2026-06-06T16:54:51.4885721Z ##[endgroup]
Test (bun on ubuntu-latest)	Run actions/checkout@v6	2026-06-06T16:54:51.4887702Z ##[group]Determining the checkout info
Test (bun on ubuntu-latest)	Run actions/checkout@v6	2026-06-06T16:54:51.4890108Z ##[endgroup]
Test (bun on ubuntu-latest)	Run actions/checkout@v6	2026-06-06T16:54:51.4891479Z [command]/usr/bin/git sparse-checkout disable
Test (bun on ubuntu-latest)	Run actions/checkout@v6	2026-06-06T16:54:51.4894668Z [command]/usr/bin/git config --local --unset-all extensions.worktreeConfig
Test (bun on ubuntu-latest)	Run actions/checkout@v6	2026-06-06T16:54:51.4907151Z ##[group]Checking out the ref
Test (bun on ubuntu-latest)	Run actions/checkout@v6	2026-06-06T16:54:51.4910093Z [command]/usr/bin/git checkout --progress --force refs/remotes/pull/135/merge
Test (bun on ubuntu-latest)	Run actions/checkout@v6	2026-06-06T16:54:51.6819220Z Note: switching to 'refs/remotes/pull/135/merge'.
Test (bun on ubuntu-latest)	Run actions/checkout@v6	2026-06-06T16:54:51.6897215Z
Test (bun on ubuntu-latest)	Run actions/checkout@v6	2026-06-06T16:54:51.6903018Z You are in 'detached HEAD' state. You can look around, make experimental
Test (bun on ubuntu-latest)	Run actions/checkout@v6	2026-06-06T16:54:51.6918017Z changes and commit them, and you can discard any commits you make in this
Test (bun on ubuntu-latest)	Run actions/checkout@v6	2026-06-06T16:54:51.6920960Z state without impacting any branches by switching back to a branch.
Test (bun on ubuntu-latest)	Run actions/checkout@v6	2026-06-06T16:54:51.6922796Z
Test (bun on ubuntu-latest)	Run actions/checkout@v6	2026-06-06T16:54:51.6923919Z If you want to create a new branch to retain commits you create, you may
Test (bun on ubuntu-latest)	Run actions/checkout@v6	2026-06-06T16:54:51.6926590Z do so (now or later) by using -c with the switch command. Example:
Test (bun on ubuntu-latest)	Run actions/checkout@v6	2026-06-06T16:54:51.6928114Z
Test (bun on ubuntu-latest)	Run actions/checkout@v6	2026-06-06T16:54:51.6928758Z   git switch -c <new-branch-name>
Test (bun on ubuntu-latest)	Run actions/checkout@v6	2026-06-06T16:54:51.6929878Z
Test (bun on ubuntu-latest)	Run actions/checkout@v6	2026-06-06T16:54:51.6930338Z Or undo this operation with:
Test (bun on ubuntu-latest)	Run actions/checkout@v6	2026-06-06T16:54:51.6931228Z
Test (bun on ubuntu-latest)	Run actions/checkout@v6	2026-06-06T16:54:51.6931644Z   git switch -
Test (bun on ubuntu-latest)	Run actions/checkout@v6	2026-06-06T16:54:51.6932148Z
Test (bun on ubuntu-latest)	Run actions/checkout@v6	2026-06-06T16:54:51.6933406Z Turn off this advice by setting config variable advice.detachedHead to false
Test (bun on ubuntu-latest)	Run actions/checkout@v6	2026-06-06T16:54:51.6934854Z
Test (bun on ubuntu-latest)	Run actions/checkout@v6	2026-06-06T16:54:51.6936681Z HEAD is now at 2043423 Merge 0e5b0e111a65db7055372f89da66b7aac5852f36 into f821e7a6b44a5386b0e3b329f70ec30a8606e5e5
Test (bun on ubuntu-latest)	Run actions/checkout@v6	2026-06-06T16:54:51.6941249Z ##[endgroup]
Test (bun on ubuntu-latest)	Run actions/checkout@v6	2026-06-06T16:54:51.6943486Z [command]/usr/bin/git log -1 --format=%H
Test (bun on ubuntu-latest)	Run actions/checkout@v6	2026-06-06T16:54:51.6944886Z 2043423afc70e9d9a2821db1bffacc3eda300627
Test (bun on ubuntu-latest)	Simulate fresh merge with base branch (PR only)	﻿2026-06-06T16:54:51.7192629Z ##[group]Run bash scripts/simulate-fresh-merge.sh
Test (bun on ubuntu-latest)	Simulate fresh merge with base branch (PR only)	2026-06-06T16:54:51.7194193Z ^[[36;1mbash scripts/simulate-fresh-merge.sh^[[0m
Test (bun on ubuntu-latest)	Simulate fresh merge with base branch (PR only)	2026-06-06T16:54:51.7229923Z shell: /usr/bin/bash --noprofile --norc -e -o pipefail {0}
Test (bun on ubuntu-latest)	Simulate fresh merge with base branch (PR only)	2026-06-06T16:54:51.7231511Z env:
Test (bun on ubuntu-latest)	Simulate fresh merge with base branch (PR only)	2026-06-06T16:54:51.7232317Z   BASE_REF: main
Test (bun on ubuntu-latest)	Simulate fresh merge with base branch (PR only)	2026-06-06T16:54:51.7233198Z ##[endgroup]
Test (bun on ubuntu-latest)	Simulate fresh merge with base branch (PR only)	2026-06-06T16:54:51.7330738Z === Synchronizing PR with latest main ===
Test (bun on ubuntu-latest)	Simulate fresh merge with base branch (PR only)	2026-06-06T16:54:51.7333196Z This prevents stale merge preview issues (see docs/case-studies/issue-23)
Test (bun on ubuntu-latest)	Simulate fresh merge with base branch (PR only)	2026-06-06T16:54:51.7335049Z
Test (bun on ubuntu-latest)	Simulate fresh merge with base branch (PR only)	2026-06-06T16:54:51.7366817Z Fetching latest main...
Test (bun on ubuntu-latest)	Simulate fresh merge with base branch (PR only)	2026-06-06T16:54:51.8719269Z From https://github.com/link-assistant/meta-expression
Test (bun on ubuntu-latest)	Simulate fresh merge with base branch (PR only)	2026-06-06T16:54:51.8721367Z  * branch            main       -> FETCH_HEAD
Test (bun on ubuntu-latest)	Simulate fresh merge with base branch (PR only)	2026-06-06T16:54:51.8810694Z Current checkout (merge preview): 2043423afc70e9d9a2821db1bffacc3eda300627
Test (bun on ubuntu-latest)	Simulate fresh merge with base branch (PR only)	2026-06-06T16:54:51.8813044Z Latest base branch (main): f821e7a6b44a5386b0e3b329f70ec30a8606e5e5
Test (bun on ubuntu-latest)	Simulate fresh merge with base branch (PR only)	2026-06-06T16:54:51.8814164Z
Test (bun on ubuntu-latest)	Simulate fresh merge with base branch (PR only)	2026-06-06T16:54:51.8834431Z Merge preview is up-to-date with main. No simulation needed.
Test (bun on ubuntu-latest)	Simulate fresh merge with base branch (PR only)	2026-06-06T16:54:51.8836070Z
Test (bun on ubuntu-latest)	Setup Bun	﻿2026-06-06T16:54:51.9014522Z ##[group]Run oven-sh/setup-bun@v2
Test (bun on ubuntu-latest)	Setup Bun	2026-06-06T16:54:51.9015609Z with:
Test (bun on ubuntu-latest)	Setup Bun	2026-06-06T16:54:51.9016421Z   bun-version: latest
Test (bun on ubuntu-latest)	Setup Bun	2026-06-06T16:54:51.9017343Z   no-cache: false
Test (bun on ubuntu-latest)	Setup Bun	2026-06-06T16:54:51.9027699Z   token: ***
Test (bun on ubuntu-latest)	Setup Bun	2026-06-06T16:54:51.9028541Z ##[endgroup]
Test (bun on ubuntu-latest)	Setup Bun	2026-06-06T16:54:52.3369879Z Downloading a new version of Bun: https://github.com/oven-sh/bun/releases/download/bun-v1.3.14/bun-linux-x64.zip
Test (bun on ubuntu-latest)	Setup Bun	2026-06-06T16:54:52.5663058Z [command]/usr/bin/unzip -o -q /home/runner/work/_temp/528fc3cf-7d06-4d9c-bff0-ce4c2fe94547.zip
Test (bun on ubuntu-latest)	Setup Bun	2026-06-06T16:54:53.3208485Z [command]/home/runner/.bun/bin/bun --revision
Test (bun on ubuntu-latest)	Setup Bun	2026-06-06T16:54:53.3253558Z 1.3.14+0d9b296af
Test (bun on ubuntu-latest)	Install dependencies (Bun)	﻿2026-06-06T16:54:53.3394587Z ##[group]Run bun install
Test (bun on ubuntu-latest)	Install dependencies (Bun)	2026-06-06T16:54:53.3394922Z ^[[36;1mbun install^[[0m
Test (bun on ubuntu-latest)	Install dependencies (Bun)	2026-06-06T16:54:53.3425749Z shell: /usr/bin/bash -e {0}
Test (bun on ubuntu-latest)	Install dependencies (Bun)	2026-06-06T16:54:53.3426071Z ##[endgroup]
Test (bun on ubuntu-latest)	Install dependencies (Bun)	2026-06-06T16:54:53.3502464Z bun install v1.3.14 (0d9b296a)
Test (bun on ubuntu-latest)	Install dependencies (Bun)	2026-06-06T16:54:53.3540711Z [3.66ms] migrated lockfile from package-lock.json
Test (bun on ubuntu-latest)	Install dependencies (Bun)	2026-06-06T16:54:53.7529929Z Saved lockfile
Test (bun on ubuntu-latest)	Install dependencies (Bun)	2026-06-06T16:54:53.7530520Z
Test (bun on ubuntu-latest)	Install dependencies (Bun)	2026-06-06T16:54:53.7534185Z $ husky || true
Test (bun on ubuntu-latest)	Install dependencies (Bun)	2026-06-06T16:54:53.8902556Z
Test (bun on ubuntu-latest)	Install dependencies (Bun)	2026-06-06T16:54:53.8903407Z + doublets-web@0.1.3
Test (bun on ubuntu-latest)	Install dependencies (Bun)	2026-06-06T16:54:53.8904135Z + links-notation@0.13.0
Test (bun on ubuntu-latest)	Install dependencies (Bun)	2026-06-06T16:54:53.8904645Z + lino-arguments@0.3.0
Test (bun on ubuntu-latest)	Install dependencies (Bun)	2026-06-06T16:54:53.8905011Z + @changesets/cli@2.29.8
Test (bun on ubuntu-latest)	Install dependencies (Bun)	2026-06-06T16:54:53.8905397Z + eslint@9.39.2
Test (bun on ubuntu-latest)	Install dependencies (Bun)	2026-06-06T16:54:53.8905740Z + eslint-config-prettier@10.1.8
Test (bun on ubuntu-latest)	Install dependencies (Bun)	2026-06-06T16:54:53.8906155Z + eslint-plugin-prettier@5.5.4
Test (bun on ubuntu-latest)	Install dependencies (Bun)	2026-06-06T16:54:53.8906526Z + husky@9.1.7
Test (bun on ubuntu-latest)	Install dependencies (Bun)	2026-06-06T16:54:53.8906881Z + jscpd@4.0.5
Test (bun on ubuntu-latest)	Install dependencies (Bun)	2026-06-06T16:54:53.8907240Z + lint-staged@16.2.7
Test (bun on ubuntu-latest)	Install dependencies (Bun)	2026-06-06T16:54:53.8907568Z + playwright@1.60.0
Test (bun on ubuntu-latest)	Install dependencies (Bun)	2026-06-06T16:54:53.8907977Z + prettier@3.7.4
Test (bun on ubuntu-latest)	Install dependencies (Bun)	2026-06-06T16:54:53.8908314Z + test-anywhere@0.8.48
Test (bun on ubuntu-latest)	Install dependencies (Bun)	2026-06-06T16:54:53.8908669Z + wasm-pack@0.15.0
Test (bun on ubuntu-latest)	Install dependencies (Bun)	2026-06-06T16:54:53.8908860Z
Test (bun on ubuntu-latest)	Install dependencies (Bun)	2026-06-06T16:54:53.8909021Z 350 packages installed [541.00ms]
Test (bun on ubuntu-latest)	Install dependencies (Bun)	2026-06-06T16:54:53.8909356Z
Test (bun on ubuntu-latest)	Install dependencies (Bun)	2026-06-06T16:54:53.8909626Z Blocked 1 postinstall. Run `bun pm untrusted` for details.
Test (bun on ubuntu-latest)	Run no-regression acceptance gate (Bun)	﻿2026-06-06T16:54:53.8993276Z ##[group]Run bun test --timeout 30000 js/tests/integration/issue-74-acceptance-gate.test.js js/tests/integration/issue-26-comparable-fixtures.test.js js/tests/integration/issue-114-competitor-quality-gates.test.js js/tests/integration/issue-54-formal-ai-corpus.test.js js/tests/integration/issue-72-parity.test.js
Test (bun on ubuntu-latest)	Run no-regression acceptance gate (Bun)	2026-06-06T16:54:53.8995556Z ^[[36;1mbun test --timeout 30000 js/tests/integration/issue-74-acceptance-gate.test.js js/tests/integration/issue-26-comparable-fixtures.test.js js/tests/integration/issue-114-competitor-quality-gates.test.js js/tests/integration/issue-54-formal-ai-corpus.test.js js/tests/integration/issue-72-parity.test.js^[[0m
Test (bun on ubuntu-latest)	Run no-regression acceptance gate (Bun)	2026-06-06T16:54:53.9024470Z shell: /usr/bin/bash -e {0}
Test (bun on ubuntu-latest)	Run no-regression acceptance gate (Bun)	2026-06-06T16:54:53.9024808Z ##[endgroup]
Test (bun on ubuntu-latest)	Run no-regression acceptance gate (Bun)	2026-06-06T16:54:53.9091231Z bun test v1.3.14 (0d9b296a)
Test (bun on ubuntu-latest)	Run no-regression acceptance gate (Bun)	2026-06-06T16:54:53.9197315Z
Test (bun on ubuntu-latest)	Run no-regression acceptance gate (Bun)	2026-06-06T16:54:53.9198124Z ##[group]js/tests/integration/issue-26-comparable-fixtures.test.js:
Test (bun on ubuntu-latest)	Run no-regression acceptance gate (Bun)	2026-06-06T16:54:53.9668927Z (pass) issue 26 — A. arithmetic kernel (deterministic) > reports correctness=1 and signedConfidence=+1 for "1 + 1 = 2" (matches Wolfram Alpha / Z3 sat / Lean rfl) [3.44ms]
Test (bun on ubuntu-latest)	Run no-regression acceptance gate (Bun)	2026-06-06T16:54:53.9675380Z (pass) issue 26 — A. arithmetic kernel (deterministic) > reports correctness=1 and signedConfidence=+1 for "2 + 2 = 4" (matches Wolfram Alpha / Z3 sat / Lean rfl) [0.61ms]
Test (bun on ubuntu-latest)	Run no-regression acceptance gate (Bun)	2026-06-06T16:54:53.9678513Z (pass) issue 26 — A. arithmetic kernel (deterministic) > reports correctness=1 and signedConfidence=+1 for "2 * 3 = 6" (matches Wolfram Alpha / Z3 sat / Lean rfl) [0.32ms]
Test (bun on ubuntu-latest)	Run no-regression acceptance gate (Bun)	2026-06-06T16:54:53.9700517Z (pass) issue 26 — A. arithmetic kernel (deterministic) > reports correctness=1 and signedConfidence=+1 for "10 - 4 = 6" (matches Wolfram Alpha / Z3 sat / Lean rfl) [0.22ms]
Test (bun on ubuntu-latest)	Run no-regression acceptance gate (Bun)	2026-06-06T16:54:53.9703950Z (pass) issue 26 — A. arithmetic kernel (deterministic) > reports correctness=0 and signedConfidence=-1 for "1 + 1 = 1" (matches Wolfram Alpha False / Z3 unsat) [0.38ms]
Test (bun on ubuntu-latest)	Run no-regression acceptance gate (Bun)	2026-06-06T16:54:53.9706257Z (pass) issue 26 — A. arithmetic kernel (deterministic) > reports correctness=0 and signedConfidence=-1 for "2 + 2 = 5" (matches Wolfram Alpha False / Z3 unsat) [0.30ms]
Test (bun on ubuntu-latest)	Run no-regression acceptance gate (Bun)	2026-06-06T16:54:53.9708607Z (pass) issue 26 — A. arithmetic kernel (deterministic) > reports correctness=0 and signedConfidence=-1 for "2 * 3 = 7" (matches Wolfram Alpha False / Z3 unsat) [0.24ms]
Test (bun on ubuntu-latest)	Run no-regression acceptance gate (Bun)	2026-06-06T16:54:53.9710962Z (pass) issue 26 — A. arithmetic kernel (deterministic) > reports correctness=0 and signedConfidence=-1 for "10 - 4 = 5" (matches Wolfram Alpha False / Z3 unsat) [0.28ms]
Test (bun on ubuntu-latest)	Run no-regression acceptance gate (Bun)	2026-06-06T16:54:53.9713458Z (pass) issue 26 — A. arithmetic kernel (deterministic) > returns the question-shaped value for "1 + 1" (Wolfram Alpha "Result" pod = 2) [0.64ms]
Test (bun on ubuntu-latest)	Run no-regression acceptance gate (Bun)	2026-06-06T16:54:53.9715515Z (pass) issue 26 — A. arithmetic kernel (deterministic) > returns the question-shaped value for "1 - 1" (Wolfram Alpha "Result" pod = 0) [0.30ms]
Test (bun on ubuntu-latest)	Run no-regression acceptance gate (Bun)	2026-06-06T16:54:53.9753077Z (pass) issue 26 — B. Wikidata-structured public facts > keeps "Earth orbits the Sun" within the (0.5, 1) support band (Wikidata Q2 P398 Q525) [5.13ms]
Test (bun on ubuntu-latest)	Run no-regression acceptance gate (Bun)	2026-06-06T16:54:53.9762821Z (pass) issue 26 — B. Wikidata-structured public facts > keeps real-world confidence bounded below 1 to leave room for refutation [0.62ms]
Test (bun on ubuntu-latest)	Run no-regression acceptance gate (Bun)	2026-06-06T16:54:53.9768456Z (pass) issue 26 — B. Wikidata-structured public facts > still resolves "Moon orbits the Sun" as supported via the parent-body chain Moon → Earth → Sun [0.96ms]
Test (bun on ubuntu-latest)	Run no-regression acceptance gate (Bun)	2026-06-06T16:54:53.9783478Z (pass) issue 26 — B. Wikidata-structured public facts > resolves "Moon orbits Earth" as supported by Wikidata Q405 P397 Q2 [0.64ms]
Test (bun on ubuntu-latest)	Run no-regression acceptance gate (Bun)	2026-06-06T16:54:53.9812556Z (pass) issue 26 — B. Wikidata-structured public facts > resolves "Paris is the capital of France" as supported by Wikidata Q142 P36 Q90 [1.20ms]
Test (bun on ubuntu-latest)	Run no-regression acceptance gate (Bun)	2026-06-06T16:54:53.9827517Z (pass) issue 26 — B. Wikidata-structured public facts > resolves "Berlin is the capital of Germany" as supported by Wikidata Q183 P36 Q64 [0.64ms]
Test (bun on ubuntu-latest)	Run no-regression acceptance gate (Bun)	2026-06-06T16:54:53.9842969Z (pass) issue 26 — B. Wikidata-structured public facts > refutes "Berlin is the capital of France" from the France capital fixture [0.82ms]
Test (bun on ubuntu-latest)	Run no-regression acceptance gate (Bun)	2026-06-06T16:54:53.9862792Z (pass) issue 26 — B. Wikidata-structured public facts > refuses to claim binary certainty for negated facts (e.g. "Earth does not orbit the Sun") [0.85ms]
Test (bun on ubuntu-latest)	Run no-regression acceptance gate (Bun)	2026-06-06T16:54:53.9868853Z (pass) issue 26 — C. Wikidata P570 liveness templates > keeps "Elon Musk is alive" within the (0.5, 1) support band (Wikidata Q317521 has no P570) [0.98ms]
Test (bun on ubuntu-latest)	Run no-regression acceptance gate (Bun)	2026-06-06T16:54:53.9870789Z (pass) issue 26 — C. Wikidata P570 liveness templates > keeps bounded confidence (<1) for the liveness fixture so refutation remains representable [0.77ms]
Test (bun on ubuntu-latest)	Run no-regression acceptance gate (Bun)	2026-06-06T16:54:53.9872905Z (pass) issue 26 — C. Wikidata P570 liveness templates > handles the negated liveness fixture without crashing or claiming binary certainty [0.81ms]
Test (bun on ubuntu-latest)	Run no-regression acceptance gate (Bun)	2026-06-06T16:54:53.9874607Z (pass) issue 26 — C. Wikidata P570 liveness templates > resolves "Ada Lovelace is dead" from the recorded P570 value [0.57ms]
Test (bun on ubuntu-latest)	Run no-regression acceptance gate (Bun)	2026-06-06T16:54:53.9876148Z (pass) issue 26 — C. Wikidata P570 liveness templates > refutes "Ada Lovelace is alive" from the recorded P570 value [0.74ms]
Test (bun on ubuntu-latest)	Run no-regression acceptance gate (Bun)	2026-06-06T16:54:53.9877835Z (pass) issue 26 — D. self-reference / Liar paradox > returns neutral metrics for "this statement is false" (Tarski/Kripke undetermined) [0.39ms]
Test (bun on ubuntu-latest)	Run no-regression acceptance gate (Bun)	2026-06-06T16:54:53.9879423Z (pass) issue 26 — D. self-reference / Liar paradox > never assigns a binary verdict to a self-referential claim [0.32ms]
Test (bun on ubuntu-latest)	Run no-regression acceptance gate (Bun)	2026-06-06T16:54:53.9880967Z (pass) issue 26 — D. self-reference / Liar paradox > returns neutral metrics for the positive Liar variant "this statement is true" [0.23ms]
Test (bun on ubuntu-latest)	Run no-regression acceptance gate (Bun)	2026-06-06T16:54:53.9883307Z (pass) issue 26 — D. self-reference / Liar paradox > records Russell-style set self-reference as unknown instead of inventing a binary verdict [0.73ms]
Test (bun on ubuntu-latest)	Run no-regression acceptance gate (Bun)	2026-06-06T16:54:53.9885515Z (skip) issue 26 — E. NL → logic / triple extraction (roadmap Phase 8) > extracts (Barack Obama; was born in; Hawaii) triple — Stanford OpenIE canonical
Test (bun on ubuntu-latest)	Run no-regression acceptance gate (Bun)	2026-06-06T16:54:53.9887208Z (skip) issue 26 — E. NL → logic / triple extraction (roadmap Phase 8) > extracts SRL roles for "Mary gave John a book" — AllenNLP canonical
Test (bun on ubuntu-latest)	Run no-regression acceptance gate (Bun)	2026-06-06T16:54:53.9888921Z (skip) issue 26 — E. NL → logic / triple extraction (roadmap Phase 8) > exposes scope-ambiguous FOL for "Every man loves a woman" — Boxer/Montague
Test (bun on ubuntu-latest)	Run no-regression acceptance gate (Bun)	2026-06-06T16:54:53.9890641Z (skip) issue 26 — E. NL → logic / triple extraction (roadmap Phase 8) > emits AMR-style CST for "The boy wants to go" — AMR canonical
Test (bun on ubuntu-latest)	Run no-regression acceptance gate (Bun)	2026-06-06T16:54:53.9892550Z (skip) issue 26 — F. disputed-truth corpora (band-only, Phase 10) > keeps `0 < correctness < 1` for ClaimReview "5G causes coronavirus" — Google Fact Check
Test (bun on ubuntu-latest)	Run no-regression acceptance gate (Bun)	2026-06-06T16:54:53.9894374Z (skip) issue 26 — F. disputed-truth corpora (band-only, Phase 10) > keeps `0 < correctness < 1` for Snopes "Einstein failed math in school"
Test (bun on ubuntu-latest)	Run no-regression acceptance gate (Bun)	2026-06-06T16:54:53.9896052Z (skip) issue 26 — F. disputed-truth corpora (band-only, Phase 10) > keeps `0 < correctness < 1` for Politifact "Barack Obama was born in Kenya"
Test (bun on ubuntu-latest)	Run no-regression acceptance gate (Bun)	2026-06-06T16:54:53.9897731Z (skip) issue 26 — F. disputed-truth corpora (band-only, Phase 10) > keeps `0 < correctness < 1` for Politifact "Crime is at an all-time high"
Test (bun on ubuntu-latest)	Run no-regression acceptance gate (Bun)	2026-06-06T16:54:53.9899285Z (skip) issue 26 — G. uniqueness / paraphrase > detects paraphrase similarity for SBERT STS-B canonical pair
Test (bun on ubuntu-latest)	Run no-regression acceptance gate (Bun)	2026-06-06T16:54:53.9918683Z (pass) issue 26 — G. uniqueness / paraphrase > returns at least one source match for the iThenticate-style published text sample [5.19ms]
Test (bun on ubuntu-latest)	Run no-regression acceptance gate (Bun)	2026-06-06T16:54:53.9921748Z (pass) issue 26 — H. knowledge representation round-trip > persists the LinksPlatform Doublets single-link self-loop fixture [0.33ms]
Test (bun on ubuntu-latest)	Run no-regression acceptance gate (Bun)	2026-06-06T16:54:53.9923505Z (skip) issue 26 — H. knowledge representation round-trip > round-trips ClaimReview JSON-LD for "Earth orbits the Sun" — Phase 10 evidence interchange
Test (bun on ubuntu-latest)	Run no-regression acceptance gate (Bun)	2026-06-06T16:54:53.9925458Z (pass) issue 26 — documentation sanity > publishes the concept comparison doc with the documented legend symbols [0.19ms]
Test (bun on ubuntu-latest)	Run no-regression acceptance gate (Bun)	2026-06-06T16:54:53.9927119Z (pass) issue 26 — documentation sanity > publishes the feature comparison matrix with the four legend symbols [0.15ms]
Test (bun on ubuntu-latest)	Run no-regression acceptance gate (Bun)	2026-06-06T16:54:53.9928617Z (pass) issue 26 — documentation sanity > publishes the case-study README and test-case catalogue [0.09ms]
Test (bun on ubuntu-latest)	Run no-regression acceptance gate (Bun)	2026-06-06T16:54:53.9929785Z
Test (bun on ubuntu-latest)	Run no-regression acceptance gate (Bun)	2026-06-06T16:54:53.9930638Z ##[endgroup]
Test (bun on ubuntu-latest)	Run no-regression acceptance gate (Bun)	2026-06-06T16:54:53.9930862Z
Test (bun on ubuntu-latest)	Run no-regression acceptance gate (Bun)	2026-06-06T16:54:53.9931601Z ##[group]js/tests/integration/issue-72-parity.test.js:
Test (bun on ubuntu-latest)	Run no-regression acceptance gate (Bun)	2026-06-06T16:54:54.0000193Z (pass) issue 72 - formal-ai upstream corpus parity gate > pins the current upstream release instead of the stale 706-case release [0.10ms]
Test (bun on ubuntu-latest)	Run no-regression acceptance gate (Bun)	2026-06-06T16:54:54.0022392Z (pass) issue 72 - formal-ai upstream corpus parity gate > assigns every upstream test case either a local assertion or an explicit skip reason [1.31ms]
Test (bun on ubuntu-latest)	Run no-regression acceptance gate (Bun)	2026-06-06T16:54:54.0850650Z (pass) issue 72 - formal-ai upstream corpus parity gate > executes the currently shipped Formal AI translation parity assertions [83.60ms]
Test (bun on ubuntu-latest)	Run no-regression acceptance gate (Bun)	2026-06-06T16:54:54.0851917Z
Test (bun on ubuntu-latest)	Run no-regression acceptance gate (Bun)	2026-06-06T16:54:54.0853302Z ##[endgroup]
Test (bun on ubuntu-latest)	Run no-regression acceptance gate (Bun)	2026-06-06T16:54:54.0853780Z
Test (bun on ubuntu-latest)	Run no-regression acceptance gate (Bun)	2026-06-06T16:54:54.0854590Z ##[group]js/tests/integration/issue-54-formal-ai-corpus.test.js:
Test (bun on ubuntu-latest)	Run no-regression acceptance gate (Bun)	2026-06-06T16:54:54.0906333Z (pass) issue 54 - exact formal-ai upstream test corpus index > indexes every formal-ai test case from the pinned upstream commit [1.10ms]
Test (bun on ubuntu-latest)	Run no-regression acceptance gate (Bun)	2026-06-06T16:54:54.0909547Z (pass) issue 54 - formal-ai prompt parsing > parses formal-ai translation prompt variants without configuration [0.13ms]
Test (bun on ubuntu-latest)	Run no-regression acceptance gate (Bun)	2026-06-06T16:54:54.1065232Z (pass) issue 54 - formal-ai prompt translation corpus > answers formal-ai translation-via-links corpus prompts [15.72ms]
Test (bun on ubuntu-latest)	Run no-regression acceptance gate (Bun)	2026-06-06T16:54:54.1118335Z (pass) issue 54 - formal-ai prompt translation corpus > covers formal-ai common-noun translation prompts in both directions [5.33ms]
Test (bun on ubuntu-latest)	Run no-regression acceptance gate (Bun)	2026-06-06T16:54:54.1162049Z (pass) issue 54 - formal-ai prompt translation corpus > reports formal-ai translation gaps without language placeholders [3.17ms]
Test (bun on ubuntu-latest)	Run no-regression acceptance gate (Bun)	2026-06-06T16:54:54.1167264Z
Test (bun on ubuntu-latest)	Run no-regression acceptance gate (Bun)	2026-06-06T16:54:54.1168260Z ##[endgroup]
Test (bun on ubuntu-latest)	Run no-regression acceptance gate (Bun)	2026-06-06T16:54:54.1168651Z
Test (bun on ubuntu-latest)	Run no-regression acceptance gate (Bun)	2026-06-06T16:54:54.1169589Z ##[group]js/tests/integration/issue-74-acceptance-gate.test.js:
Test (bun on ubuntu-latest)	Run no-regression acceptance gate (Bun)	2026-06-06T16:54:54.1192986Z (pass) issue 74 - no-regression acceptance gate > covers every concrete acceptance example listed in the requirements [0.45ms]
Test (bun on ubuntu-latest)	Run no-regression acceptance gate (Bun)	2026-06-06T16:54:54.1240863Z (pass) issue 74 - no-regression acceptance gate > keeps the current behavior for non-translation acceptance examples [4.78ms]
Test (bun on ubuntu-latest)	Run no-regression acceptance gate (Bun)	2026-06-06T16:54:54.1323696Z (pass) issue 74 - no-regression acceptance gate > keeps the current behavior for translation acceptance examples [8.26ms]
Test (bun on ubuntu-latest)	Run no-regression acceptance gate (Bun)	2026-06-06T16:54:54.1324955Z (pass) issue 74 - no-regression acceptance gate > wires competitor and formal-ai corpora into the same local gate [0.17ms]
Test (bun on ubuntu-latest)	Run no-regression acceptance gate (Bun)	2026-06-06T16:54:54.1326257Z (pass) issue 74 - no-regression acceptance gate > runs the same no-regression gate in CI [0.13ms]
Test (bun on ubuntu-latest)	Run no-regression acceptance gate (Bun)	2026-06-06T16:54:54.1326627Z
Test (bun on ubuntu-latest)	Run no-regression acceptance gate (Bun)	2026-06-06T16:54:54.1327150Z ##[endgroup]
Test (bun on ubuntu-latest)	Run no-regression acceptance gate (Bun)	2026-06-06T16:54:54.1327290Z
Test (bun on ubuntu-latest)	Run no-regression acceptance gate (Bun)	2026-06-06T16:54:54.1327698Z ##[group]js/tests/integration/issue-114-competitor-quality-gates.test.js:
Test (bun on ubuntu-latest)	Run no-regression acceptance gate (Bun)	2026-06-06T16:54:54.1359813Z (pass) issue 114 - competitor dataset quality gates > tracks measured pass rates for every harvested competitor dataset [0.45ms]
Test (bun on ubuntu-latest)	Run no-regression acceptance gate (Bun)	2026-06-06T16:54:54.1444485Z (pass) issue 114 - competitor dataset quality gates > executes every enabled competitor dataset case as a recurring gate [8.47ms]
Test (bun on ubuntu-latest)	Run no-regression acceptance gate (Bun)	2026-06-06T16:54:54.1446148Z (pass) issue 114 - competitor dataset quality gates > keeps the competitor gate wired into local acceptance and CI [0.21ms]
Test (bun on ubuntu-latest)	Run no-regression acceptance gate (Bun)	2026-06-06T16:54:54.1451808Z (pass) issue 114 - competitor dataset quality gates > publishes the measured scores in both comparison documents [0.44ms]
Test (bun on ubuntu-latest)	Run no-regression acceptance gate (Bun)	2026-06-06T16:54:54.1452505Z
Test (bun on ubuntu-latest)	Run no-regression acceptance gate (Bun)	2026-06-06T16:54:54.1452976Z ##[endgroup]
Test (bun on ubuntu-latest)	Run no-regression acceptance gate (Bun)	2026-06-06T16:54:54.1453133Z
Test (bun on ubuntu-latest)	Run no-regression acceptance gate (Bun)	2026-06-06T16:54:54.1453236Z 10 tests skipped:
Test (bun on ubuntu-latest)	Run no-regression acceptance gate (Bun)	2026-06-06T16:54:54.1454149Z (skip) issue 26 — E. NL → logic / triple extraction (roadmap Phase 8) > extracts (Barack Obama; was born in; Hawaii) triple — Stanford OpenIE canonical
Test (bun on ubuntu-latest)	Run no-regression acceptance gate (Bun)	2026-06-06T16:54:54.1455198Z (skip) issue 26 — E. NL → logic / triple extraction (roadmap Phase 8) > extracts SRL roles for "Mary gave John a book" — AllenNLP canonical
Test (bun on ubuntu-latest)	Run no-regression acceptance gate (Bun)	2026-06-06T16:54:54.1456225Z (skip) issue 26 — E. NL → logic / triple extraction (roadmap Phase 8) > exposes scope-ambiguous FOL for "Every man loves a woman" — Boxer/Montague
Test (bun on ubuntu-latest)	Run no-regression acceptance gate (Bun)	2026-06-06T16:54:54.1457531Z (skip) issue 26 — E. NL → logic / triple extraction (roadmap Phase 8) > emits AMR-style CST for "The boy wants to go" — AMR canonical
Test (bun on ubuntu-latest)	Run no-regression acceptance gate (Bun)	2026-06-06T16:54:54.1458502Z (skip) issue 26 — F. disputed-truth corpora (band-only, Phase 10) > keeps `0 < correctness < 1` for ClaimReview "5G causes coronavirus" — Google Fact Check
Test (bun on ubuntu-latest)	Run no-regression acceptance gate (Bun)	2026-06-06T16:54:54.1459467Z (skip) issue 26 — F. disputed-truth corpora (band-only, Phase 10) > keeps `0 < correctness < 1` for Snopes "Einstein failed math in school"
Test (bun on ubuntu-latest)	Run no-regression acceptance gate (Bun)	2026-06-06T16:54:54.1460410Z (skip) issue 26 — F. disputed-truth corpora (band-only, Phase 10) > keeps `0 < correctness < 1` for Politifact "Barack Obama was born in Kenya"
Test (bun on ubuntu-latest)	Run no-regression acceptance gate (Bun)	2026-06-06T16:54:54.1461548Z (skip) issue 26 — F. disputed-truth corpora (band-only, Phase 10) > keeps `0 < correctness < 1` for Politifact "Crime is at an all-time high"
Test (bun on ubuntu-latest)	Run no-regression acceptance gate (Bun)	2026-06-06T16:54:54.1462409Z (skip) issue 26 — G. uniqueness / paraphrase > detects paraphrase similarity for SBERT STS-B canonical pair
Test (bun on ubuntu-latest)	Run no-regression acceptance gate (Bun)	2026-06-06T16:54:54.1463347Z (skip) issue 26 — H. knowledge representation round-trip > round-trips ClaimReview JSON-LD for "Earth orbits the Sun" — Phase 10 evidence interchange
Test (bun on ubuntu-latest)	Run no-regression acceptance gate (Bun)	2026-06-06T16:54:54.1463869Z
Test (bun on ubuntu-latest)	Run no-regression acceptance gate (Bun)	2026-06-06T16:54:54.1463957Z  49 pass
Test (bun on ubuntu-latest)	Run no-regression acceptance gate (Bun)	2026-06-06T16:54:54.1464151Z  10 skip
Test (bun on ubuntu-latest)	Run no-regression acceptance gate (Bun)	2026-06-06T16:54:54.1464341Z  0 fail
Test (bun on ubuntu-latest)	Run no-regression acceptance gate (Bun)	2026-06-06T16:54:54.1464552Z Ran 59 tests across 5 files. [236.00ms]
Test (bun on ubuntu-latest)	Run tests (Bun)	﻿2026-06-06T16:54:54.1538973Z ##[group]Run bun test --timeout 30000
Test (bun on ubuntu-latest)	Run tests (Bun)	2026-06-06T16:54:54.1539515Z ^[[36;1mbun test --timeout 30000^[[0m
Test (bun on ubuntu-latest)	Run tests (Bun)	2026-06-06T16:54:54.1566750Z shell: /usr/bin/bash -e {0}
Test (bun on ubuntu-latest)	Run tests (Bun)	2026-06-06T16:54:54.1567033Z ##[endgroup]
Test (bun on ubuntu-latest)	Run tests (Bun)	2026-06-06T16:54:54.1633314Z bun test v1.3.14 (0d9b296a)
Test (bun on ubuntu-latest)	Run tests (Bun)	2026-06-06T16:54:54.1738177Z
Test (bun on ubuntu-latest)	Run tests (Bun)	2026-06-06T16:54:54.1739102Z ##[group]js/tests/integration/issue-90-originality-report.test.js:
Test (bun on ubuntu-latest)	Run tests (Bun)	2026-06-06T16:54:54.2200952Z (pass) issue 90 - document-level originality report > returns source spans, strengths, exclusions, and document source groups [6.99ms]
Test (bun on ubuntu-latest)	Run tests (Bun)	2026-06-06T16:54:54.2201733Z
Test (bun on ubuntu-latest)	Run tests (Bun)	2026-06-06T16:54:54.2202257Z ##[endgroup]
Test (bun on ubuntu-latest)	Run tests (Bun)	2026-06-06T16:54:54.2202392Z
Test (bun on ubuntu-latest)	Run tests (Bun)	2026-06-06T16:54:54.2202696Z ##[group]js/tests/integration/issue-9.test.js:
Test (bun on ubuntu-latest)	Run tests (Bun)	2026-06-06T16:54:54.2217282Z (pass) issue 9 - prepared examples and opposites > exposes opposites for every prepared example [0.20ms]
Test (bun on ubuntu-latest)	Run tests (Bun)	2026-06-06T16:54:54.2218992Z (pass) issue 9 - prepared examples and opposites > keeps opposites symmetric for negation pairs [0.23ms]
Test (bun on ubuntu-latest)	Run tests (Bun)	2026-06-06T16:54:54.2224238Z (pass) issue 9 - prepared examples and opposites > returns 4 random examples by default with deterministic seed [0.46ms]
Test (bun on ubuntu-latest)	Run tests (Bun)	2026-06-06T16:54:54.2230510Z (pass) issue 9 - prepared examples and opposites > finds opposites for known examples [0.62ms]
Test (bun on ubuntu-latest)	Run tests (Bun)	2026-06-06T16:54:54.2235192Z (pass) issue 9 - disambiguation longest-match > matches Elon Musk as a single Wikidata Q id [0.47ms]
Test (bun on ubuntu-latest)	Run tests (Bun)	2026-06-06T16:54:54.2236414Z (pass) issue 9 - disambiguation longest-match > exposes sub-phrase candidates as additional interpretations [0.12ms]
Test (bun on ubuntu-latest)	Run tests (Bun)	2026-06-06T16:54:54.2237598Z (pass) issue 9 - disambiguation longest-match > describes phrase mappings for downstream consumers [0.13ms]
Test (bun on ubuntu-latest)	Run tests (Bun)	2026-06-06T16:54:54.2238450Z (pass) issue 9 - reasoning strategies > defaults to disambiguation-first [0.02ms]
Test (bun on ubuntu-latest)	Run tests (Bun)	2026-06-06T16:54:54.2239405Z (pass) issue 9 - reasoning strategies > lists multiple strategies for meta-strategy composition [0.11ms]
Test (bun on ubuntu-latest)	Run tests (Bun)	2026-06-06T16:54:54.2242815Z (pass) issue 9 - reasoning strategies > orders steps according to the selected strategy [0.35ms]
Test (bun on ubuntu-latest)	Run tests (Bun)	2026-06-06T16:54:54.2243737Z (pass) issue 9 - reasoning strategies > returns the default strategy when an unknown id is requested [0.03ms]
Test (bun on ubuntu-latest)	Run tests (Bun)	2026-06-06T16:54:54.2311842Z (pass) issue 9 - analyzeStatement enrichment > returns alternatives, dependencies, definitions, and confirmations [6.83ms]
Test (bun on ubuntu-latest)	Run tests (Bun)	2026-06-06T16:54:54.2319650Z (pass) issue 9 - analyzeStatement enrichment > exposes refutations when evidence refutes the claim [0.81ms]
Test (bun on ubuntu-latest)	Run tests (Bun)	2026-06-06T16:54:54.2328683Z (pass) issue 9 - analyzeStatement enrichment > attaches the selected reasoning strategy and ordered steps [0.89ms]
Test (bun on ubuntu-latest)	Run tests (Bun)	2026-06-06T16:54:54.2336196Z (pass) issue 9 - analyzeStatement enrichment > returns the opposite statement for known examples [0.72ms]
Test (bun on ubuntu-latest)	Run tests (Bun)	2026-06-06T16:54:54.2336862Z
Test (bun on ubuntu-latest)	Run tests (Bun)	2026-06-06T16:54:54.2338584Z ##[endgroup]
Test (bun on ubuntu-latest)	Run tests (Bun)	2026-06-06T16:54:54.2338730Z
Test (bun on ubuntu-latest)	Run tests (Bun)	2026-06-06T16:54:54.2339116Z ##[group]js/tests/integration/issue-21-context-detection.test.js:
Test (bun on ubuntu-latest)	Run tests (Bun)	2026-06-06T16:54:54.2471815Z (pass) issue 21 — verb-form disambiguation > routes "formalize" through the "to formalize" alias to Q115492965 [10.80ms]
Test (bun on ubuntu-latest)	Run tests (Bun)	2026-06-06T16:54:54.2496146Z (pass) issue 21 — verb-form disambiguation > does not expand multi-token phrases or non-verb-like tokens [2.49ms]
Test (bun on ubuntu-latest)	Run tests (Bun)	2026-06-06T16:54:54.2504305Z (pass) issue 21 — multi-candidate context aggregation > lets weaker candidates contribute weighted votes to the shared context [0.84ms]
Test (bun on ubuntu-latest)	Run tests (Bun)	2026-06-06T16:54:54.2506264Z (pass) issue 21 — multi-candidate context aggregation > records sourceCandidates with the per-candidate weight [0.20ms]
Test (bun on ubuntu-latest)	Run tests (Bun)	2026-06-06T16:54:54.2507757Z (pass) issue 21 — disambiguation tier registry > exposes the four default tiers in priority order [0.16ms]
Test (bun on ubuntu-latest)	Run tests (Bun)	2026-06-06T16:54:54.2510001Z (pass) issue 21 — disambiguation tier registry > keeps single-token stop words in the n-gram list with stopOnly=true [0.16ms]
Test (bun on ubuntu-latest)	Run tests (Bun)	2026-06-06T16:54:54.2517173Z (pass) issue 21 — Wikipedia tier > Wikipedia source backfills wikibase_item Q-ids onto its candidates [0.68ms]
Test (bun on ubuntu-latest)	Run tests (Bun)	2026-06-06T16:54:54.2519972Z (pass) issue 21 — Wikipedia tier > falls back to a wp:<slug> id when Wikipedia returns no wikibase_item [0.30ms]
Test (bun on ubuntu-latest)	Run tests (Bun)	2026-06-06T16:54:54.2523190Z (pass) issue 21 — Wiktionary tier > Wiktionary source returns one candidate per definition for single tokens [0.30ms]
Test (bun on ubuntu-latest)	Run tests (Bun)	2026-06-06T16:54:54.2524461Z (pass) issue 21 — Wiktionary tier > skips Wiktionary lookups for multi-token phrases [0.11ms]
Test (bun on ubuntu-latest)	Run tests (Bun)	2026-06-06T16:54:54.2532398Z (pass) issue 21 — pipeline integration of new tiers > routes stop words ONLY to the Wiktionary tier in the full pipeline [0.76ms]
Test (bun on ubuntu-latest)	Run tests (Bun)	2026-06-06T16:54:54.2545190Z (pass) issue 21 — pipeline integration of new tiers > Wikipedia-confirmed Wikidata Q-id outranks a bare Wikidata-only hit [1.24ms]
Test (bun on ubuntu-latest)	Run tests (Bun)	2026-06-06T16:54:54.2551331Z (pass) issue 21 — pipeline integration of new tiers > still allows callers to disable the new tiers by passing explicit sources [0.57ms]
Test (bun on ubuntu-latest)	Run tests (Bun)	2026-06-06T16:54:54.2552270Z
Test (bun on ubuntu-latest)	Run tests (Bun)	2026-06-06T16:54:54.2553153Z ##[endgroup]
Test (bun on ubuntu-latest)	Run tests (Bun)	2026-06-06T16:54:54.2553345Z
Test (bun on ubuntu-latest)	Run tests (Bun)	2026-06-06T16:54:54.2553810Z ##[group]js/tests/integration/issue-48.test.js:
Test (bun on ubuntu-latest)	Run tests (Bun)	2026-06-06T16:54:54.2697822Z (pass) issue 48 - complete formalize -> semantic -> naturalize coverage > formalizes and naturalizes every word from issue 45 [12.27ms]
Test (bun on ubuntu-latest)	Run tests (Bun)	2026-06-06T16:54:54.2798033Z (pass) issue 48 - complete formalize -> semantic -> naturalize coverage > keeps issue 45 stable through a round trip [10.05ms]
Test (bun on ubuntu-latest)	Run tests (Bun)	2026-06-06T16:54:54.2823243Z (pass) issue 48 - complete formalize -> semantic -> naturalize coverage > formalizes and naturalizes every word from issue 46 [2.51ms]
Test (bun on ubuntu-latest)	Run tests (Bun)	2026-06-06T16:54:54.2860844Z (pass) issue 48 - complete formalize -> semantic -> naturalize coverage > keeps issue 46 stable through a round trip [3.75ms]
Test (bun on ubuntu-latest)	Run tests (Bun)	2026-06-06T16:54:54.2878022Z (pass) issue 48 - complete formalize -> semantic -> naturalize coverage > formalizes and naturalizes every word from issue 47 [1.74ms]
Test (bun on ubuntu-latest)	Run tests (Bun)	2026-06-06T16:54:54.2910659Z (pass) issue 48 - complete formalize -> semantic -> naturalize coverage > keeps issue 47 stable through a round trip [3.26ms]
Test (bun on ubuntu-latest)	Run tests (Bun)	2026-06-06T16:54:54.2911265Z
Test (bun on ubuntu-latest)	Run tests (Bun)	2026-06-06T16:54:54.2911791Z ##[endgroup]
Test (bun on ubuntu-latest)	Run tests (Bun)	2026-06-06T16:54:54.2911919Z
Test (bun on ubuntu-latest)	Run tests (Bun)	2026-06-06T16:54:54.2912317Z ##[group]js/tests/integration/issue-87-claim-review.test.js:
Test (bun on ubuntu-latest)	Run tests (Bun)	2026-06-06T16:54:54.3219751Z (pass) issue 87 - ClaimReview fact-check interchange > imports a public ClaimReview JSON-LD example into evidence, verdict, source, and provenance fields [0.85ms]
Test (bun on ubuntu-latest)	Run tests (Bun)	2026-06-06T16:54:54.3222830Z (pass) issue 87 - ClaimReview fact-check interchange > parses ClaimReview JSON-LD from an HTML script tag [0.40ms]
Test (bun on ubuntu-latest)	Run tests (Bun)	2026-06-06T16:54:54.3247652Z (pass) issue 87 - ClaimReview fact-check interchange > exports a checked statement as ClaimReview JSON-LD with claim, rating, source URL, and retrieval timestamp [2.39ms]
Test (bun on ubuntu-latest)	Run tests (Bun)	2026-06-06T16:54:54.3274048Z (pass) issue 87 - ClaimReview fact-check interchange > keeps plain text /check behavior unchanged [0.96ms]
Test (bun on ubuntu-latest)	Run tests (Bun)	2026-06-06T16:54:54.3392060Z (pass) issue 87 - ClaimReview fact-check interchange > supports ClaimReview JSON-LD as a /check export format in the CLI [13.40ms]
Test (bun on ubuntu-latest)	Run tests (Bun)	2026-06-06T16:54:54.3553914Z (pass) issue 87 - ClaimReview fact-check interchange > serves ClaimReview JSON-LD from HTTP /check while keeping default JSON check output [16.17ms]
Test (bun on ubuntu-latest)	Run tests (Bun)	2026-06-06T16:54:54.3555092Z
Test (bun on ubuntu-latest)	Run tests (Bun)	2026-06-06T16:54:54.3555984Z ##[endgroup]
Test (bun on ubuntu-latest)	Run tests (Bun)	2026-06-06T16:54:54.3556421Z
Test (bun on ubuntu-latest)	Run tests (Bun)	2026-06-06T16:54:54.3557064Z ##[group]js/tests/integration/issue-70.test.js:
Test (bun on ubuntu-latest)	Run tests (Bun)	2026-06-06T16:54:54.3577764Z (pass) issue 70 - parser-backed reasoning metadata > publishes parser CST plus versioned provenance on every reasoning artifact [0.56ms]
Test (bun on ubuntu-latest)	Run tests (Bun)	2026-06-06T16:54:54.3578791Z
Test (bun on ubuntu-latest)	Run tests (Bun)	2026-06-06T16:54:54.3579503Z ##[endgroup]
Test (bun on ubuntu-latest)	Run tests (Bun)	2026-06-06T16:54:54.3579886Z
Test (bun on ubuntu-latest)	Run tests (Bun)	2026-06-06T16:54:54.3580653Z ##[group]js/tests/integration/issue-96-paragraph-translation.test.js:
Test (bun on ubuntu-latest)	Run tests (Bun)	2026-06-06T16:54:54.3611392Z (pass) issue 96 - top-2025 article fixture > captures the top-10 most viewed 2025 articles from the Topviews last-year list [0.08ms]
Test (bun on ubuntu-latest)	Run tests (Bun)	2026-06-06T16:54:54.3620413Z (pass) issue 96 - top-2025 article fixture > captures multi-paragraph prose for each article in most popular languages [0.93ms]
Test (bun on ubuntu-latest)	Run tests (Bun)	2026-06-06T16:54:54.5498901Z (pass) issue 96 - paragraph translation into most popular languages > translates the .xxx lead paragraph into every captured language [187.70ms]
Test (bun on ubuntu-latest)	Run tests (Bun)	2026-06-06T16:54:54.7842761Z (pass) issue 96 - paragraph translation into most popular languages > translates the Charlie_Kirk lead paragraph into every captured language [233.30ms]
Test (bun on ubuntu-latest)	Run tests (Bun)	2026-06-06T16:54:55.0255413Z (pass) issue 96 - paragraph translation into most popular languages > translates the ChatGPT lead paragraph into every captured language [242.32ms]
Test (bun on ubuntu-latest)	Run tests (Bun)	2026-06-06T16:54:55.1900234Z (pass) issue 96 - paragraph translation into most popular languages > translates the Google_Chrome lead paragraph into every captured language [164.52ms]
Test (bun on ubuntu-latest)	Run tests (Bun)	2026-06-06T16:54:55.4834686Z (pass) issue 96 - paragraph translation into most popular languages > translates the 1989_Tiananmen_Square_protests_and_massacre lead paragraph into every captured language [292.92ms]
Test (bun on ubuntu-latest)	Run tests (Bun)	2026-06-06T16:54:55.7755832Z (pass) issue 96 - paragraph translation into most popular languages > translates the Ed_Gein lead paragraph into every captured language [292.51ms]
Test (bun on ubuntu-latest)	Run tests (Bun)	2026-06-06T16:54:55.8850969Z (pass) issue 96 - paragraph translation into most popular languages > translates the Donald_Trump lead paragraph into every captured language [109.53ms]
Test (bun on ubuntu-latest)	Run tests (Bun)	2026-06-06T16:54:56.0634683Z (pass) issue 96 - paragraph translation into most popular languages > translates the Zohran_Mamdani lead paragraph into every captured language [178.29ms]
Test (bun on ubuntu-latest)	Run tests (Bun)	2026-06-06T16:54:56.1923131Z (pass) issue 96 - paragraph translation into most popular languages > translates the Elon_Musk lead paragraph into every captured language [128.61ms]
Test (bun on ubuntu-latest)	Run tests (Bun)	2026-06-06T16:54:56.5408615Z (pass) issue 96 - paragraph translation into most popular languages > translates the XXX_(2002_film) lead paragraph into every captured language [348.78ms]
Test (bun on ubuntu-latest)	Run tests (Bun)	2026-06-06T16:54:56.6779968Z (pass) issue 96 - English to Russian paragraph translation quality > produces real Russian vocabulary for every top-2025 lead paragraph [137.09ms]
Test (bun on ubuntu-latest)	Run tests (Bun)	2026-06-06T16:54:56.6934397Z (pass) issue 96 - multi-paragraph article coverage > translates every paragraph of a multi-paragraph lead [15.46ms]
Test (bun on ubuntu-latest)	Run tests (Bun)	2026-06-06T16:54:56.6936111Z
Test (bun on ubuntu-latest)	Run tests (Bun)	2026-06-06T16:54:56.6938212Z ##[endgroup]
Test (bun on ubuntu-latest)	Run tests (Bun)	2026-06-06T16:54:56.6940451Z
Test (bun on ubuntu-latest)	Run tests (Bun)	2026-06-06T16:54:56.6941227Z ##[group]js/tests/integration/issue-21-snapshot-cache.test.js:
Test (bun on ubuntu-latest)	Run tests (Bun)	2026-06-06T16:54:56.7012921Z (pass) issue 21 — snapshot store > round-trips a snapshot: write → load → cache.get returns the same value [2.17ms]
Test (bun on ubuntu-latest)	Run tests (Bun)	2026-06-06T16:54:56.7019805Z (pass) issue 21 — snapshot store > writes a manifest.lino entry alongside every recorded snapshot [0.80ms]
Test (bun on ubuntu-latest)	Run tests (Bun)	2026-06-06T16:54:56.7029642Z (pass) issue 21 — snapshot store > skips duplicate manifest entries when the same URL is rewritten [0.95ms]
Test (bun on ubuntu-latest)	Run tests (Bun)	2026-06-06T16:54:56.7033939Z (pass) issue 21 — snapshot fetch modes > replay mode never calls the live fetch when the snapshot exists [0.46ms]
Test (bun on ubuntu-latest)	Run tests (Bun)	2026-06-06T16:54:56.7036655Z (pass) issue 21 — snapshot fetch modes > replay mode throws when no snapshot is recorded for the URL [0.27ms]
Test (bun on ubuntu-latest)	Run tests (Bun)	2026-06-06T16:54:56.7047849Z (pass) issue 21 — snapshot fetch modes > record mode always calls the live fetch and persists the response [1.06ms]
Test (bun on ubuntu-latest)	Run tests (Bun)	2026-06-06T16:54:56.7056895Z (pass) issue 21 — snapshot fetch modes > overlay mode prefers cached snapshots and only records misses [0.92ms]
Test (bun on ubuntu-latest)	Run tests (Bun)	2026-06-06T16:54:56.7065790Z (pass) issue 21 — snapshot layer wired into formalizeTextWith > replays the cached search response without touching the network [0.36ms]
Test (bun on ubuntu-latest)	Run tests (Bun)	2026-06-06T16:54:56.7080172Z (pass) issue 21 — snapshot layer wired into formalizeTextWith > overlay mode lets formalize fall back to a stub fetch on a miss [1.40ms]
Test (bun on ubuntu-latest)	Run tests (Bun)	2026-06-06T16:54:56.7085883Z (pass) issue 21 — committed Wikipedia/Wikidata snapshots replay offline > loads every snapshot under tests/fixtures/wikimedia-snapshots without error [0.19ms]
Test (bun on ubuntu-latest)	Run tests (Bun)	2026-06-06T16:54:56.7087861Z (pass) issue 21 — committed Wikipedia/Wikidata snapshots replay offline > formalizes "Hawaii" entirely from snapshots in REPLAY mode [0.21ms]
Test (bun on ubuntu-latest)	Run tests (Bun)	2026-06-06T16:54:56.7089712Z (pass) issue 21 — committed Wikipedia/Wikidata snapshots replay offline > formalizes "formalize" entirely from snapshots in REPLAY mode [0.17ms]
Test (bun on ubuntu-latest)	Run tests (Bun)	2026-06-06T16:54:56.7092142Z (pass) issue 21 — committed Wikipedia/Wikidata snapshots replay offline > resolves "the" via Wiktionary fallback when Wikidata has no item [0.18ms]
Test (bun on ubuntu-latest)	Run tests (Bun)	2026-06-06T16:54:56.7093353Z
Test (bun on ubuntu-latest)	Run tests (Bun)	2026-06-06T16:54:56.7093895Z ##[endgroup]
Test (bun on ubuntu-latest)	Run tests (Bun)	2026-06-06T16:54:56.7094089Z
Test (bun on ubuntu-latest)	Run tests (Bun)	2026-06-06T16:54:56.7094557Z ##[group]js/tests/integration/issue-64.test.js:
Test (bun on ubuntu-latest)	Run tests (Bun)	2026-06-06T16:54:56.7114940Z (pass) issue 64 - general statement formalization > turns arbitrary text into partial structured meaning links with questions [0.86ms]
Test (bun on ubuntu-latest)	Run tests (Bun)	2026-06-06T16:54:56.7119983Z (pass) issue 64 - general statement formalization > keeps concrete acceptance examples evidence-backed while adding metadata [0.53ms]
Test (bun on ubuntu-latest)	Run tests (Bun)	2026-06-06T16:54:56.7121303Z
Test (bun on ubuntu-latest)	Run tests (Bun)	2026-06-06T16:54:56.7121945Z ##[endgroup]
Test (bun on ubuntu-latest)	Run tests (Bun)	2026-06-06T16:54:56.7122341Z
Test (bun on ubuntu-latest)	Run tests (Bun)	2026-06-06T16:54:56.7123067Z ##[group]js/tests/integration/issue-50.test.js:
Test (bun on ubuntu-latest)	Run tests (Bun)	2026-06-06T16:54:56.7218803Z (pass) issue 50 - Translate page coverage and link targets > translates the reported technical prose without unresolved variables [8.20ms]
Test (bun on ubuntu-latest)	Run tests (Bun)	2026-06-06T16:54:56.7229388Z (pass) issue 50 - Translate page coverage and link targets > keeps local lexical links opt-in for Translate output [1.09ms]
Test (bun on ubuntu-latest)	Run tests (Bun)	2026-06-06T16:54:56.7234950Z (pass) issue 50 - Translate page coverage and link targets > uses Wikipedia link targets by default in Translate [0.57ms]
Test (bun on ubuntu-latest)	Run tests (Bun)	2026-06-06T16:54:56.7351172Z (pass) issue 50 - Translate page coverage and link targets > limits source lookup concurrency so long text does not burst Wikimedia [11.46ms]
Test (bun on ubuntu-latest)	Run tests (Bun)	2026-06-06T16:54:56.7355872Z (pass) issue 50 - Translate page coverage and link targets > exposes a Translate link-target selector in the web UI [0.61ms]
Test (bun on ubuntu-latest)	Run tests (Bun)	2026-06-06T16:54:56.7356665Z
Test (bun on ubuntu-latest)	Run tests (Bun)	2026-06-06T16:54:56.7357245Z ##[endgroup]
Test (bun on ubuntu-latest)	Run tests (Bun)	2026-06-06T16:54:56.7357450Z
Test (bun on ubuntu-latest)	Run tests (Bun)	2026-06-06T16:54:56.7358019Z ##[group]js/tests/integration/issue-88-provenance-jsonld.test.js:
Test (bun on ubuntu-latest)	Run tests (Bun)	2026-06-06T16:54:56.7394726Z (pass) issue 88 - JSON-LD and PROV-O evidence provenance > exports /analyze evidence as JSON-LD with result, source, retrieval time, confidence inputs, and Links Notation [2.03ms]
Test (bun on ubuntu-latest)	Run tests (Bun)	2026-06-06T16:54:56.7406136Z (pass) issue 88 - JSON-LD and PROV-O evidence provenance > projects /analyze evidence into a PROV-O-compatible JSON-LD graph [1.19ms]
Test (bun on ubuntu-latest)	Run tests (Bun)	2026-06-06T16:54:56.7418937Z (pass) issue 88 - JSON-LD and PROV-O evidence provenance > exports /check evidence as JSON-LD without dropping the existing Links Notation output [1.26ms]
Test (bun on ubuntu-latest)	Run tests (Bun)	2026-06-06T16:54:56.7558257Z (pass) issue 88 - JSON-LD and PROV-O evidence provenance > supports JSON-LD and PROV-O as analyze/check export formats in CLI and HTTP surfaces [13.86ms]
Test (bun on ubuntu-latest)	Run tests (Bun)	2026-06-06T16:54:56.7560813Z
Test (bun on ubuntu-latest)	Run tests (Bun)	2026-06-06T16:54:56.7561871Z ##[endgroup]
Test (bun on ubuntu-latest)	Run tests (Bun)	2026-06-06T16:54:56.7562347Z
Test (bun on ubuntu-latest)	Run tests (Bun)	2026-06-06T16:54:56.7563191Z ##[group]js/tests/integration/issue-23.test.js:
Test (bun on ubuntu-latest)	Run tests (Bun)	2026-06-06T16:54:56.7598093Z (pass) issue-23 R3 — interpretation display modes > exposes the five public modes [0.05ms]
Test (bun on ubuntu-latest)	Run tests (Bun)	2026-06-06T16:54:56.7599477Z (pass) issue-23 R3 — interpretation display modes > formats phrase by id [0.13ms]
Test (bun on ubuntu-latest)	Run tests (Bun)	2026-06-06T16:54:56.7600776Z (pass) issue-23 R3 — interpretation display modes > formats phrase by name (default) [0.03ms]
Test (bun on ubuntu-latest)	Run tests (Bun)	2026-06-06T16:54:56.7602295Z (pass) issue-23 R3 — interpretation display modes > formats phrase by name+meaning [0.03ms]
Test (bun on ubuntu-latest)	Run tests (Bun)	2026-06-06T16:54:56.7603583Z (pass) issue-23 R3 — interpretation display modes > formats phrase by meaning only [0.03ms]
Test (bun on ubuntu-latest)	Run tests (Bun)	2026-06-06T16:54:56.7604892Z (pass) issue-23 R3 — interpretation display modes > formats phrase as replacement [0.02ms]
Test (bun on ubuntu-latest)	Run tests (Bun)	2026-06-06T16:54:56.7606296Z (pass) issue-23 R3 — interpretation display modes > falls back to plain text when entity is missing [0.01ms]
Test (bun on ubuntu-latest)	Run tests (Bun)	2026-06-06T16:54:56.7607900Z (pass) issue-23 R4 — interpretationKey identifies the active choice > builds a stable key from phrase entity ids [0.07ms]
Test (bun on ubuntu-latest)	Run tests (Bun)	2026-06-06T16:54:56.7609603Z (pass) issue-23 R4 — interpretationKey identifies the active choice > returns different keys for different entities [0.02ms]
Test (bun on ubuntu-latest)	Run tests (Bun)	2026-06-06T16:54:56.7611510Z (pass) issue-23 R4 — interpretationKey identifies the active choice > marks empty slots so partial selections still differ [0.02ms]
Test (bun on ubuntu-latest)	Run tests (Bun)	2026-06-06T16:54:56.7613555Z (pass) issue-23 R5 — language switching > exposes English and Russian dictionaries [0.02ms]
Test (bun on ubuntu-latest)	Run tests (Bun)	2026-06-06T16:54:56.7615040Z (pass) issue-23 R5 — language switching > detects locale from navigator language tag [0.11ms]
Test (bun on ubuntu-latest)	Run tests (Bun)	2026-06-06T16:54:56.7616263Z (pass) issue-23 R5 — language switching > translates known keys per locale [0.04ms]
Test (bun on ubuntu-latest)	Run tests (Bun)	2026-06-06T16:54:56.7617629Z (pass) issue-23 R5 — language switching > falls back to English when key is missing in selected locale [0.01ms]
Test (bun on ubuntu-latest)	Run tests (Bun)	2026-06-06T16:54:56.7618949Z (pass) issue-23 R5 — language switching > lists locales with display labels [0.07ms]
Test (bun on ubuntu-latest)	Run tests (Bun)	2026-06-06T16:54:56.7620115Z (pass) issue-23 R6 — theme switching > cycles through auto / light / dark [0.09ms]
Test (bun on ubuntu-latest)	Run tests (Bun)	2026-06-06T16:54:56.7621355Z (pass) issue-23 R6 — theme switching > returns explicit theme as-is [0.03ms]
Test (bun on ubuntu-latest)	Run tests (Bun)	2026-06-06T16:54:56.7622562Z (pass) issue-23 R6 — theme switching > provides an icon hint for each preference [0.04ms]
Test (bun on ubuntu-latest)	Run tests (Bun)	2026-06-06T16:54:56.7624145Z (pass) issue-23 R1 — contrast tokens replace hard-coded colours > routes formalize-payload pre through CSS custom properties [0.38ms]
Test (bun on ubuntu-latest)	Run tests (Bun)	2026-06-06T16:54:56.7625988Z (pass) issue-23 R1 — contrast tokens replace hard-coded colours > declares dark-theme overrides on :root[data-theme="dark"] [0.19ms]
Test (bun on ubuntu-latest)	Run tests (Bun)	2026-06-06T16:54:56.7627687Z (pass) issue-23 R2 — radio fieldsets use inline-flex options > declares inline-flex on formalize option labels [0.25ms]
Test (bun on ubuntu-latest)	Run tests (Bun)	2026-06-06T16:54:56.7629337Z (pass) issue-23 R2 — radio fieldsets use inline-flex options > does not stretch the formalize fieldsets into a grid [0.27ms]
Test (bun on ubuntu-latest)	Run tests (Bun)	2026-06-06T16:54:56.7631249Z (pass) issue-23 R7 — mobile-first responsive layout > default layout is single-column and grows at min-width breakpoints [0.24ms]
Test (bun on ubuntu-latest)	Run tests (Bun)	2026-06-06T16:54:56.7632875Z (pass) issue-23 R7 — mobile-first responsive layout > does not use legacy max-width-only breakpoint [0.21ms]
Test (bun on ubuntu-latest)	Run tests (Bun)	2026-06-06T16:54:56.7634507Z (pass) issue-23 — index.html is wired for theme + locale > contains a locale select and a theme toggle in the top nav [0.22ms]
Test (bun on ubuntu-latest)	Run tests (Bun)	2026-06-06T16:54:56.7636167Z (pass) issue-23 — index.html is wired for theme + locale > includes data-i18n attributes on the analyse navigation [0.16ms]
Test (bun on ubuntu-latest)	Run tests (Bun)	2026-06-06T16:54:56.7637810Z (pass) issue-23 — index.html is wired for theme + locale > exposes the five interpretation display radio buttons [0.23ms]
Test (bun on ubuntu-latest)	Run tests (Bun)	2026-06-06T16:54:56.7638714Z
Test (bun on ubuntu-latest)	Run tests (Bun)	2026-06-06T16:54:56.7639404Z ##[endgroup]
Test (bun on ubuntu-latest)	Run tests (Bun)	2026-06-06T16:54:56.7639752Z
Test (bun on ubuntu-latest)	Run tests (Bun)	2026-06-06T16:54:56.7640380Z ##[group]js/tests/integration/issue-41.test.js:
Test (bun on ubuntu-latest)	Run tests (Bun)	2026-06-06T16:54:56.7662475Z (pass) issue 41 - Russian translate fallback > translates the reported Russian phrase through lexical glossary entries [1.62ms]
Test (bun on ubuntu-latest)	Run tests (Bun)	2026-06-06T16:54:56.7685902Z (pass) issue 41 - Russian translate fallback > does not translate unrelated full-text search hits as phrase meanings [2.36ms]
Test (bun on ubuntu-latest)	Run tests (Bun)	2026-06-06T16:54:56.7702618Z (pass) issue 41 - Russian translate fallback > exposes semantic meta language before naturalizing the target text [1.66ms]
Test (bun on ubuntu-latest)	Run tests (Bun)	2026-06-06T16:54:56.7776321Z (pass) issue 41 - Russian translate fallback > supports ten more Translate examples through reusable glossary naturalization [7.29ms]
Test (bun on ubuntu-latest)	Run tests (Bun)	2026-06-06T16:54:56.7792514Z (pass) issue 41 - Russian translate fallback > exposes the reported phrase as a Translate sample [1.70ms]
Test (bun on ubuntu-latest)	Run tests (Bun)	2026-06-06T16:54:56.7793204Z
Test (bun on ubuntu-latest)	Run tests (Bun)	2026-06-06T16:54:56.7793712Z ##[endgroup]
Test (bun on ubuntu-latest)	Run tests (Bun)	2026-06-06T16:54:56.7793900Z
Test (bun on ubuntu-latest)	Run tests (Bun)	2026-06-06T16:54:56.7794345Z ##[group]js/tests/integration/issue-13.test.js:
Test (bun on ubuntu-latest)	Run tests (Bun)	2026-06-06T16:54:56.7807479Z (pass) issue 13 - default metrics: correctness and signed confidence > exposes both correctness and signedConfidence on every result [0.34ms]
Test (bun on ubuntu-latest)	Run tests (Bun)	2026-06-06T16:54:56.7809195Z (pass) issue 13 - default metrics: correctness and signed confidence > reports correctness=1 and signedConfidence=+1 for a true arithmetic claim [0.21ms]
Test (bun on ubuntu-latest)	Run tests (Bun)	2026-06-06T16:54:56.7810946Z (pass) issue 13 - default metrics: correctness and signed confidence > reports correctness=0 and signedConfidence=-1 for a false arithmetic claim [0.18ms]
Test (bun on ubuntu-latest)	Run tests (Bun)	2026-06-06T16:54:56.7816743Z (pass) issue 13 - default metrics: correctness and signed confidence > keeps correctness equal to the legacy unsigned confidence value [0.51ms]
Test (bun on ubuntu-latest)	Run tests (Bun)	2026-06-06T16:54:56.7840255Z (pass) issue 13 - default metrics: correctness and signed confidence > signedConfidence equals 2 * correctness - 1 whenever correctness is known [1.86ms]
Test (bun on ubuntu-latest)	Run tests (Bun)	2026-06-06T16:54:56.7856910Z (pass) issue 13 - default metrics: correctness and signed confidence > keeps signedConfidence within the documented [-1, 1] range [2.12ms]
Test (bun on ubuntu-latest)	Run tests (Bun)	2026-06-06T16:54:56.7889863Z (pass) issue 13 - default metrics: correctness and signed confidence > keeps correctness within the documented [0, 1] range [2.24ms]
Test (bun on ubuntu-latest)	Run tests (Bun)	2026-06-06T16:54:56.7891545Z (pass) issue 13 - default metrics: correctness and signed confidence > reports neutral metrics for the self-reference paradox [0.19ms]
Test (bun on ubuntu-latest)	Run tests (Bun)	2026-06-06T16:54:56.7893066Z (pass) issue 13 - default metrics: correctness and signed confidence > lets two competing real-world claims be ranked by signed confidence [0.71ms]
Test (bun on ubuntu-latest)	Run tests (Bun)	2026-06-06T16:54:56.7893942Z
Test (bun on ubuntu-latest)	Run tests (Bun)	2026-06-06T16:54:56.7894460Z ##[endgroup]
Test (bun on ubuntu-latest)	Run tests (Bun)	2026-06-06T16:54:56.7894661Z
Test (bun on ubuntu-latest)	Run tests (Bun)	2026-06-06T16:54:56.7895084Z ##[group]js/tests/integration/issue-52.test.js:
Test (bun on ubuntu-latest)	Run tests (Bun)	2026-06-06T16:54:56.8372803Z (pass) issue 52 - full Translate case coverage > formalizes, translates, and formalizes the full reported text [45.86ms]
Test (bun on ubuntu-latest)	Run tests (Bun)	2026-06-06T16:54:56.8885688Z (pass) issue 52 - full Translate case coverage > keeps the full case stable through back translation [51.92ms]
Test (bun on ubuntu-latest)	Run tests (Bun)	2026-06-06T16:54:56.8886660Z
Test (bun on ubuntu-latest)	Run tests (Bun)	2026-06-06T16:54:56.8887424Z ##[endgroup]
Test (bun on ubuntu-latest)	Run tests (Bun)	2026-06-06T16:54:56.8887641Z
Test (bun on ubuntu-latest)	Run tests (Bun)	2026-06-06T16:54:56.8888109Z ##[group]js/tests/integration/issue-37.test.js:
Test (bun on ubuntu-latest)	Run tests (Bun)	2026-06-06T16:54:56.8942306Z (pass) issue 37 - bounded page issue reports > keeps essential Translate sections while omitting oversized diagnostics [1.65ms]
Test (bun on ubuntu-latest)	Run tests (Bun)	2026-06-06T16:54:56.8954462Z (pass) issue 37 - Wiktionary grammar compounds > prefers the exact Wiktionary compound over separate stop words [1.21ms]
Test (bun on ubuntu-latest)	Run tests (Bun)	2026-06-06T16:54:56.8985109Z (pass) issue 37 - Wiktionary grammar compounds > translates a linked `is a` grammar phrase to linked Russian `это` [3.01ms]
Test (bun on ubuntu-latest)	Run tests (Bun)	2026-06-06T16:54:56.8985948Z
Test (bun on ubuntu-latest)	Run tests (Bun)	2026-06-06T16:54:56.8986475Z ##[endgroup]
Test (bun on ubuntu-latest)	Run tests (Bun)	2026-06-06T16:54:56.8986683Z
Test (bun on ubuntu-latest)	Run tests (Bun)	2026-06-06T16:54:56.8987197Z ##[group]js/tests/integration/issue-113-grammar.test.js:
Test (bun on ubuntu-latest)	Run tests (Bun)	2026-06-06T16:54:56.9043970Z (pass) issue 113 - grammar checking surface > detects seeded grammatical-error fixtures per supported language with suggested corrections [3.40ms]
Test (bun on ubuntu-latest)	Run tests (Bun)	2026-06-06T16:54:56.9048955Z (pass) issue 113 - grammar checking surface > reports clean text with no grammar issues in every supported language [0.61ms]
Test (bun on ubuntu-latest)	Run tests (Bun)	2026-06-06T16:54:56.9174788Z (pass) issue 113 - grammar checking surface > exposes grammar checking through CLI and HTTP surfaces [12.44ms]
Test (bun on ubuntu-latest)	Run tests (Bun)	2026-06-06T16:54:56.9200080Z (pass) issue 113 - grammar checking surface > exposes grammar suggestions through the embedded writing assistant surface [1.85ms]
Test (bun on ubuntu-latest)	Run tests (Bun)	2026-06-06T16:54:56.9200963Z
Test (bun on ubuntu-latest)	Run tests (Bun)	2026-06-06T16:54:56.9201686Z ##[endgroup]
Test (bun on ubuntu-latest)	Run tests (Bun)	2026-06-06T16:54:56.9201882Z
Test (bun on ubuntu-latest)	Run tests (Bun)	2026-06-06T16:54:56.9202333Z ##[group]js/tests/integration/issue-67.test.js:
Test (bun on ubuntu-latest)	Run tests (Bun)	2026-06-06T16:54:56.9275605Z (pass) issue 67 - formal statement reasoning > derives formal entailments and surfaces dependency provenance as links [6.45ms]
Test (bun on ubuntu-latest)	Run tests (Bun)	2026-06-06T16:54:56.9294025Z (pass) issue 67 - formal statement reasoning > answers contradiction and dependency queries over formal statements [1.08ms]
Test (bun on ubuntu-latest)	Run tests (Bun)	2026-06-06T16:54:56.9295395Z (pass) issue 67 - formal statement reasoning > keeps self-reference undetermined while adding formal reasoning [0.23ms]
Test (bun on ubuntu-latest)	Run tests (Bun)	2026-06-06T16:54:56.9296122Z
Test (bun on ubuntu-latest)	Run tests (Bun)	2026-06-06T16:54:56.9296650Z ##[endgroup]
Test (bun on ubuntu-latest)	Run tests (Bun)	2026-06-06T16:54:56.9296836Z
Test (bun on ubuntu-latest)	Run tests (Bun)	2026-06-06T16:54:56.9297294Z ##[group]js/tests/integration/issue-35.test.js:
Test (bun on ubuntu-latest)	Run tests (Bun)	2026-06-06T16:54:56.9342446Z (pass) issue 35 — Hawaii translation through semantic phrases > identifies Wikimedia calls, rejects grammar-fragment n-grams, and emits Russian [2.80ms]
Test (bun on ubuntu-latest)	Run tests (Bun)	2026-06-06T16:54:56.9370557Z (pass) issue 35 — Hawaii translation through semantic phrases > round-trips the fixed sentence through Russian without semantic loss [2.86ms]
Test (bun on ubuntu-latest)	Run tests (Bun)	2026-06-06T16:54:56.9388630Z (pass) issue 35 — Hawaii translation through semantic phrases > prefers the Wikidata state concept over a Wikipedia disambiguation page [1.81ms]
Test (bun on ubuntu-latest)	Run tests (Bun)	2026-06-06T16:54:56.9390190Z
Test (bun on ubuntu-latest)	Run tests (Bun)	2026-06-06T16:54:56.9390748Z ##[endgroup]
Test (bun on ubuntu-latest)	Run tests (Bun)	2026-06-06T16:54:56.9390940Z
Test (bun on ubuntu-latest)	Run tests (Bun)	2026-06-06T16:54:56.9391707Z ##[group]js/tests/integration/issue-91-literature-review.test.js:
Test (bun on ubuntu-latest)	Run tests (Bun)	2026-06-06T16:54:56.9445142Z (pass) issue 91 - literature-review evidence workflows > checks one claim against multiple screened papers without using LLM truth evidence [2.81ms]
Test (bun on ubuntu-latest)	Run tests (Bun)	2026-06-06T16:54:56.9466522Z (pass) issue 91 - literature-review evidence workflows > exports literature-backed evidence bibliography data as BibTeX, RIS, and CSV [2.15ms]
Test (bun on ubuntu-latest)	Run tests (Bun)	2026-06-06T16:54:56.9519993Z (pass) issue 91 - literature-review evidence workflows > supports the literature-review fixture workflow from the CLI [5.35ms]
Test (bun on ubuntu-latest)	Run tests (Bun)	2026-06-06T16:54:56.9520777Z
Test (bun on ubuntu-latest)	Run tests (Bun)	2026-06-06T16:54:56.9521473Z ##[endgroup]
Test (bun on ubuntu-latest)	Run tests (Bun)	2026-06-06T16:54:56.9521666Z
Test (bun on ubuntu-latest)	Run tests (Bun)	2026-06-06T16:54:56.9522230Z ##[group]js/tests/integration/issue-112-explicit-interlingua.test.js:
Test (bun on ubuntu-latest)	Run tests (Bun)	2026-06-06T16:54:56.9559922Z (pass) issue 112 - explicit interlingua reconstruction > formalization records enough linguistic metadata to reconstruct the source without the raw source string [0.84ms]
Test (bun on ubuntu-latest)	Run tests (Bun)	2026-06-06T16:54:56.9566153Z (pass) issue 112 - explicit interlingua reconstruction > carries explicit coreference chains in the formalization metadata [0.66ms]
Test (bun on ubuntu-latest)	Run tests (Bun)	2026-06-06T16:54:56.9648665Z (pass) issue 112 - explicit interlingua reconstruction > translates and naturalizes from the reconstructed semantic meta language after raw source strings are poisoned [8.20ms]
Test (bun on ubuntu-latest)	Run tests (Bun)	2026-06-06T16:54:56.9649348Z
Test (bun on ubuntu-latest)	Run tests (Bun)	2026-06-06T16:54:56.9649765Z ##[endgroup]
Test (bun on ubuntu-latest)	Run tests (Bun)	2026-06-06T16:54:56.9649899Z
Test (bun on ubuntu-latest)	Run tests (Bun)	2026-06-06T16:54:56.9650374Z ##[group]js/tests/integration/issue-111-lexicon-policy.test.js:
Test (bun on ubuntu-latest)	Run tests (Bun)	2026-06-06T16:54:56.9701372Z (pass) issue 111 - lexicon hardcoded-data policy > requires >50% usage proof for hand-written per-concept lexicon data [0.19ms]
Test (bun on ubuntu-latest)	Run tests (Bun)	2026-06-06T16:54:56.9703005Z (pass) issue 111 - lexicon hardcoded-data policy > keeps lexicon override records policy-proven rather than ad hoc [0.05ms]
Test (bun on ubuntu-latest)	Run tests (Bun)	2026-06-06T16:54:56.9704751Z (pass) issue 111 - lexicon hardcoded-data policy > records generated lexicon remainders as rule-derived data [0.16ms]
Test (bun on ubuntu-latest)	Run tests (Bun)	2026-06-06T16:54:56.9712983Z (pass) issue 111 - lexicon hardcoded-data policy > requires rule-derived concepts to point back to source data or a rule [0.49ms]
Test (bun on ubuntu-latest)	Run tests (Bun)	2026-06-06T16:54:56.9713911Z
Test (bun on ubuntu-latest)	Run tests (Bun)	2026-06-06T16:54:56.9714620Z ##[endgroup]
Test (bun on ubuntu-latest)	Run tests (Bun)	2026-06-06T16:54:56.9714815Z
Test (bun on ubuntu-latest)	Run tests (Bun)	2026-06-06T16:54:56.9715516Z ##[group]js/tests/integration/issue-26-comparable-fixtures.test.js:
Test (bun on ubuntu-latest)	Run tests (Bun)	2026-06-06T16:54:56.9736846Z (pass) issue 26 — A. arithmetic kernel (deterministic) > reports correctness=1 and signedConfidence=+1 for "1 + 1 = 2" (matches Wolfram Alpha / Z3 sat / Lean rfl) [0.35ms]
Test (bun on ubuntu-latest)	Run tests (Bun)	2026-06-06T16:54:56.9739144Z (pass) issue 26 — A. arithmetic kernel (deterministic) > reports correctness=1 and signedConfidence=+1 for "2 + 2 = 4" (matches Wolfram Alpha / Z3 sat / Lean rfl) [0.14ms]
Test (bun on ubuntu-latest)	Run tests (Bun)	2026-06-06T16:54:56.9741603Z (pass) issue 26 — A. arithmetic kernel (deterministic) > reports correctness=1 and signedConfidence=+1 for "2 * 3 = 6" (matches Wolfram Alpha / Z3 sat / Lean rfl) [0.11ms]
Test (bun on ubuntu-latest)	Run tests (Bun)	2026-06-06T16:54:56.9744063Z (pass) issue 26 — A. arithmetic kernel (deterministic) > reports correctness=1 and signedConfidence=+1 for "10 - 4 = 6" (matches Wolfram Alpha / Z3 sat / Lean rfl) [0.16ms]
Test (bun on ubuntu-latest)	Run tests (Bun)	2026-06-06T16:54:56.9746347Z (pass) issue 26 — A. arithmetic kernel (deterministic) > reports correctness=0 and signedConfidence=-1 for "1 + 1 = 1" (matches Wolfram Alpha False / Z3 unsat) [0.26ms]
Test (bun on ubuntu-latest)	Run tests (Bun)	2026-06-06T16:54:56.9748571Z (pass) issue 26 — A. arithmetic kernel (deterministic) > reports correctness=0 and signedConfidence=-1 for "2 + 2 = 5" (matches Wolfram Alpha False / Z3 unsat) [0.13ms]
Test (bun on ubuntu-latest)	Run tests (Bun)	2026-06-06T16:54:56.9750753Z (pass) issue 26 — A. arithmetic kernel (deterministic) > reports correctness=0 and signedConfidence=-1 for "2 * 3 = 7" (matches Wolfram Alpha False / Z3 unsat) [0.11ms]
Test (bun on ubuntu-latest)	Run tests (Bun)	2026-06-06T16:54:56.9753053Z (pass) issue 26 — A. arithmetic kernel (deterministic) > reports correctness=0 and signedConfidence=-1 for "10 - 4 = 5" (matches Wolfram Alpha False / Z3 unsat) [0.10ms]
Test (bun on ubuntu-latest)	Run tests (Bun)	2026-06-06T16:54:56.9755706Z (pass) issue 26 — A. arithmetic kernel (deterministic) > returns the question-shaped value for "1 + 1" (Wolfram Alpha "Result" pod = 2) [0.39ms]
Test (bun on ubuntu-latest)	Run tests (Bun)	2026-06-06T16:54:56.9757632Z (pass) issue 26 — A. arithmetic kernel (deterministic) > returns the question-shaped value for "1 - 1" (Wolfram Alpha "Result" pod = 0) [0.12ms]
Test (bun on ubuntu-latest)	Run tests (Bun)	2026-06-06T16:54:56.9759663Z (pass) issue 26 — B. Wikidata-structured public facts > keeps "Earth orbits the Sun" within the (0.5, 1) support band (Wikidata Q2 P398 Q525) [0.60ms]
Test (bun on ubuntu-latest)	Run tests (Bun)	2026-06-06T16:54:56.9762010Z (pass) issue 26 — B. Wikidata-structured public facts > keeps real-world confidence bounded below 1 to leave room for refutation [0.41ms]
Test (bun on ubuntu-latest)	Run tests (Bun)	2026-06-06T16:54:56.9766636Z (pass) issue 26 — B. Wikidata-structured public facts > still resolves "Moon orbits the Sun" as supported via the parent-body chain Moon → Earth → Sun [0.45ms]
Test (bun on ubuntu-latest)	Run tests (Bun)	2026-06-06T16:54:56.9769203Z (pass) issue 26 — B. Wikidata-structured public facts > resolves "Moon orbits Earth" as supported by Wikidata Q405 P397 Q2 [0.27ms]
Test (bun on ubuntu-latest)	Run tests (Bun)	2026-06-06T16:54:56.9775190Z (pass) issue 26 — B. Wikidata-structured public facts > resolves "Paris is the capital of France" as supported by Wikidata Q142 P36 Q90 [0.58ms]
Test (bun on ubuntu-latest)	Run tests (Bun)	2026-06-06T16:54:56.9779775Z (pass) issue 26 — B. Wikidata-structured public facts > resolves "Berlin is the capital of Germany" as supported by Wikidata Q183 P36 Q64 [0.44ms]
Test (bun on ubuntu-latest)	Run tests (Bun)	2026-06-06T16:54:56.9785757Z (pass) issue 26 — B. Wikidata-structured public facts > refutes "Berlin is the capital of France" from the France capital fixture [0.57ms]
Test (bun on ubuntu-latest)	Run tests (Bun)	2026-06-06T16:54:56.9792773Z (pass) issue 26 — B. Wikidata-structured public facts > refuses to claim binary certainty for negated facts (e.g. "Earth does not orbit the Sun") [0.51ms]
Test (bun on ubuntu-latest)	Run tests (Bun)	2026-06-06T16:54:56.9796277Z (pass) issue 26 — C. Wikidata P570 liveness templates > keeps "Elon Musk is alive" within the (0.5, 1) support band (Wikidata Q317521 has no P570) [0.51ms]
Test (bun on ubuntu-latest)	Run tests (Bun)	2026-06-06T16:54:56.9800462Z (pass) issue 26 — C. Wikidata P570 liveness templates > keeps bounded confidence (<1) for the liveness fixture so refutation remains representable [0.39ms]
Test (bun on ubuntu-latest)	Run tests (Bun)	2026-06-06T16:54:56.9804314Z (pass) issue 26 — C. Wikidata P570 liveness templates > handles the negated liveness fixture without crashing or claiming binary certainty [0.38ms]
Test (bun on ubuntu-latest)	Run tests (Bun)	2026-06-06T16:54:56.9820100Z (pass) issue 26 — C. Wikidata P570 liveness templates > resolves "Ada Lovelace is dead" from the recorded P570 value [0.44ms]
Test (bun on ubuntu-latest)	Run tests (Bun)	2026-06-06T16:54:56.9822320Z (pass) issue 26 — C. Wikidata P570 liveness templates > refutes "Ada Lovelace is alive" from the recorded P570 value [0.48ms]
Test (bun on ubuntu-latest)	Run tests (Bun)	2026-06-06T16:54:56.9824207Z (pass) issue 26 — D. self-reference / Liar paradox > returns neutral metrics for "this statement is false" (Tarski/Kripke undetermined) [0.22ms]
Test (bun on ubuntu-latest)	Run tests (Bun)	2026-06-06T16:54:56.9825969Z (pass) issue 26 — D. self-reference / Liar paradox > never assigns a binary verdict to a self-referential claim [0.20ms]
Test (bun on ubuntu-latest)	Run tests (Bun)	2026-06-06T16:54:56.9827730Z (pass) issue 26 — D. self-reference / Liar paradox > returns neutral metrics for the positive Liar variant "this statement is true" [0.15ms]
Test (bun on ubuntu-latest)	Run tests (Bun)	2026-06-06T16:54:56.9829784Z (pass) issue 26 — D. self-reference / Liar paradox > records Russell-style set self-reference as unknown instead of inventing a binary verdict [0.56ms]
Test (bun on ubuntu-latest)	Run tests (Bun)	2026-06-06T16:54:56.9831978Z (skip) issue 26 — E. NL → logic / triple extraction (roadmap Phase 8) > extracts (Barack Obama; was born in; Hawaii) triple — Stanford OpenIE canonical
Test (bun on ubuntu-latest)	Run tests (Bun)	2026-06-06T16:54:56.9833852Z (skip) issue 26 — E. NL → logic / triple extraction (roadmap Phase 8) > extracts SRL roles for "Mary gave John a book" — AllenNLP canonical
Test (bun on ubuntu-latest)	Run tests (Bun)	2026-06-06T16:54:56.9835718Z (skip) issue 26 — E. NL → logic / triple extraction (roadmap Phase 8) > exposes scope-ambiguous FOL for "Every man loves a woman" — Boxer/Montague
Test (bun on ubuntu-latest)	Run tests (Bun)	2026-06-06T16:54:56.9837514Z (skip) issue 26 — E. NL → logic / triple extraction (roadmap Phase 8) > emits AMR-style CST for "The boy wants to go" — AMR canonical
Test (bun on ubuntu-latest)	Run tests (Bun)	2026-06-06T16:54:56.9839388Z (skip) issue 26 — F. disputed-truth corpora (band-only, Phase 10) > keeps `0 < correctness < 1` for ClaimReview "5G causes coronavirus" — Google Fact Check
Test (bun on ubuntu-latest)	Run tests (Bun)	2026-06-06T16:54:56.9841923Z (skip) issue 26 — F. disputed-truth corpora (band-only, Phase 10) > keeps `0 < correctness < 1` for Snopes "Einstein failed math in school"
Test (bun on ubuntu-latest)	Run tests (Bun)	2026-06-06T16:54:56.9843767Z (skip) issue 26 — F. disputed-truth corpora (band-only, Phase 10) > keeps `0 < correctness < 1` for Politifact "Barack Obama was born in Kenya"
Test (bun on ubuntu-latest)	Run tests (Bun)	2026-06-06T16:54:56.9845614Z (skip) issue 26 — F. disputed-truth corpora (band-only, Phase 10) > keeps `0 < correctness < 1` for Politifact "Crime is at an all-time high"
Test (bun on ubuntu-latest)	Run tests (Bun)	2026-06-06T16:54:56.9847571Z (skip) issue 26 — G. uniqueness / paraphrase > detects paraphrase similarity for SBERT STS-B canonical pair
Test (bun on ubuntu-latest)	Run tests (Bun)	2026-06-06T16:54:56.9849629Z (pass) issue 26 — G. uniqueness / paraphrase > returns at least one source match for the iThenticate-style published text sample [0.62ms]
Test (bun on ubuntu-latest)	Run tests (Bun)	2026-06-06T16:54:56.9851788Z (pass) issue 26 — H. knowledge representation round-trip > persists the LinksPlatform Doublets single-link self-loop fixture [0.44ms]
Test (bun on ubuntu-latest)	Run tests (Bun)	2026-06-06T16:54:56.9853812Z (skip) issue 26 — H. knowledge representation round-trip > round-trips ClaimReview JSON-LD for "Earth orbits the Sun" — Phase 10 evidence interchange
Test (bun on ubuntu-latest)	Run tests (Bun)	2026-06-06T16:54:56.9855680Z (pass) issue 26 — documentation sanity > publishes the concept comparison doc with the documented legend symbols [0.11ms]
Test (bun on ubuntu-latest)	Run tests (Bun)	2026-06-06T16:54:56.9857369Z (pass) issue 26 — documentation sanity > publishes the feature comparison matrix with the four legend symbols [0.10ms]
Test (bun on ubuntu-latest)	Run tests (Bun)	2026-06-06T16:54:56.9858960Z (pass) issue 26 — documentation sanity > publishes the case-study README and test-case catalogue [0.07ms]
Test (bun on ubuntu-latest)	Run tests (Bun)	2026-06-06T16:54:56.9859835Z
Test (bun on ubuntu-latest)	Run tests (Bun)	2026-06-06T16:54:56.9860589Z ##[endgroup]
Test (bun on ubuntu-latest)	Run tests (Bun)	2026-06-06T16:54:56.9860966Z
Test (bun on ubuntu-latest)	Run tests (Bun)	2026-06-06T16:54:56.9861903Z ##[group]js/tests/integration/issue-126-context-detection.test.js:
Test (bun on ubuntu-latest)	Run tests (Bun)	2026-06-06T16:54:56.9885491Z (pass) issue 126 — scholarly-article candidates must not hijack phrases > does not formalize "developing systems" as a scientific article [1.65ms]
Test (bun on ubuntu-latest)	Run tests (Bun)	2026-06-06T16:54:56.9892627Z (pass) issue 126 — scholarly-article candidates must not hijack phrases > surfaces per-word context detection on the result [0.73ms]
Test (bun on ubuntu-latest)	Run tests (Bun)	2026-06-06T16:54:56.9893634Z
Test (bun on ubuntu-latest)	Run tests (Bun)	2026-06-06T16:54:56.9894263Z ##[endgroup]
Test (bun on ubuntu-latest)	Run tests (Bun)	2026-06-06T16:54:56.9894658Z
Test (bun on ubuntu-latest)	Run tests (Bun)	2026-06-06T16:54:56.9895469Z ##[group]js/tests/integration/issue-29.test.js:
Test (bun on ubuntu-latest)	Run tests (Bun)	2026-06-06T16:54:56.9912152Z (pass) issue 29 - page issue reporting > creates a GitHub issue URL with page state and version diagnostics [0.20ms]
Test (bun on ubuntu-latest)	Run tests (Bun)	2026-06-06T16:54:56.9913662Z (pass) issue 29 - page issue reporting > renders markdown reports without requiring browser globals [0.06ms]
Test (bun on ubuntu-latest)	Run tests (Bun)	2026-06-06T16:54:56.9915474Z (pass) issue 29 - page issue reporting > loads GitHub Pages build metadata before falling back to package data [0.47ms]
Test (bun on ubuntu-latest)	Run tests (Bun)	2026-06-06T16:54:56.9920317Z (pass) issue 29 - page issue reporting > wires the static web app and Pages workflow for reporting [0.46ms]
Test (bun on ubuntu-latest)	Run tests (Bun)	2026-06-06T16:54:56.9921279Z
Test (bun on ubuntu-latest)	Run tests (Bun)	2026-06-06T16:54:56.9921959Z ##[endgroup]
Test (bun on ubuntu-latest)	Run tests (Bun)	2026-06-06T16:54:56.9922327Z
Test (bun on ubuntu-latest)	Run tests (Bun)	2026-06-06T16:54:56.9922961Z ##[group]js/tests/integration/issue-18.test.js:
Test (bun on ubuntu-latest)	Run tests (Bun)	2026-06-06T16:54:56.9963868Z (pass) issue 18 - preference profiles > round-trips a profile through Links Notation [1.54ms]
Test (bun on ubuntu-latest)	Run tests (Bun)	2026-06-06T16:54:56.9964803Z (pass) issue 18 - preference profiles > keeps specific religion sliders hidden unless the God belief is positive [0.06ms]
Test (bun on ubuntu-latest)	Run tests (Bun)	2026-06-06T16:54:56.9979905Z (pass) issue 18 - preference profiles > derives atheist refutations for specific religions [1.56ms]
Test (bun on ubuntu-latest)	Run tests (Bun)	2026-06-06T16:54:56.9985073Z (pass) issue 18 - preference profiles > uses the selected context as local lore evidence [0.52ms]
Test (bun on ubuntu-latest)	Run tests (Bun)	2026-06-06T16:54:56.9985485Z
Test (bun on ubuntu-latest)	Run tests (Bun)	2026-06-06T16:54:56.9985812Z ##[endgroup]
Test (bun on ubuntu-latest)	Run tests (Bun)	2026-06-06T16:54:56.9986057Z
Test (bun on ubuntu-latest)	Run tests (Bun)	2026-06-06T16:54:56.9986589Z ##[group]js/tests/integration/issue-39.test.js:
Test (bun on ubuntu-latest)	Run tests (Bun)	2026-06-06T16:54:57.0073711Z (pass) issue 39 - technical sentence translation > uses contextual glossary and Russian grammar rules for the reported text [6.85ms]
Test (bun on ubuntu-latest)	Run tests (Bun)	2026-06-06T16:54:57.0125072Z (pass) issue 39 - technical sentence translation > does not let formalized phrases cross sentence boundaries [5.15ms]
Test (bun on ubuntu-latest)	Run tests (Bun)	2026-06-06T16:54:57.0156502Z (pass) issue 39 - technical sentence translation > keeps a strict semantic-label strategy for traceable fallback behavior [3.16ms]
Test (bun on ubuntu-latest)	Run tests (Bun)	2026-06-06T16:54:57.0162889Z (pass) issue 39 - technical sentence translation > returns structured answer options for unresolved translation questions [0.63ms]
Test (bun on ubuntu-latest)	Run tests (Bun)	2026-06-06T16:54:57.0182942Z (pass) issue 39 - technical sentence translation > exposes translation strategies and prepared Translate examples in the web app [2.00ms]
Test (bun on ubuntu-latest)	Run tests (Bun)	2026-06-06T16:54:57.0183888Z
Test (bun on ubuntu-latest)	Run tests (Bun)	2026-06-06T16:54:57.0184474Z ##[endgroup]
Test (bun on ubuntu-latest)	Run tests (Bun)	2026-06-06T16:54:57.0184679Z
Test (bun on ubuntu-latest)	Run tests (Bun)	2026-06-06T16:54:57.0185262Z ##[group]js/tests/integration/issue-126-context-selection.test.js:
Test (bun on ubuntu-latest)	Run tests (Bun)	2026-06-06T16:54:57.0214422Z (pass) issue 126 — context-selection questions modify the formalization > surfaces a persistent context question for an ambiguous word [1.55ms]
Test (bun on ubuntu-latest)	Run tests (Bun)	2026-06-06T16:54:57.0232808Z (pass) issue 126 — context-selection questions modify the formalization > re-picks the chosen sense when a context selection is supplied [1.92ms]
Test (bun on ubuntu-latest)	Run tests (Bun)	2026-06-06T16:54:57.0240033Z (pass) issue 126 — context-selection questions modify the formalization > accepts selections keyed by phrase text as well [0.74ms]
Test (bun on ubuntu-latest)	Run tests (Bun)	2026-06-06T16:54:57.0260894Z (pass) issue 126 — context-selection questions modify the formalization > re-runs translation against the re-derived formalization [2.05ms]
Test (bun on ubuntu-latest)	Run tests (Bun)	2026-06-06T16:54:57.0267378Z
Test (bun on ubuntu-latest)	Run tests (Bun)	2026-06-06T16:54:57.0268183Z ##[endgroup]
Test (bun on ubuntu-latest)	Run tests (Bun)	2026-06-06T16:54:57.0268408Z
Test (bun on ubuntu-latest)	Run tests (Bun)	2026-06-06T16:54:57.0268967Z ##[group]js/tests/integration/issue-92-graph-interop.test.js:
Test (bun on ubuntu-latest)	Run tests (Bun)	2026-06-06T16:54:57.0305076Z (pass) issue 92 - scoped SPARQL and graph-database interchange > exports selected Q/P evidence templates as a scoped SPARQL CONSTRUCT query with limits and provenance [3.40ms]
Test (bun on ubuntu-latest)	Run tests (Bun)	2026-06-06T16:54:57.0314233Z (pass) issue 92 - scoped SPARQL and graph-database interchange > maps Links Notation evidence links to RDF triples and back [0.94ms]
Test (bun on ubuntu-latest)	Run tests (Bun)	2026-06-06T16:54:57.0336814Z (pass) issue 92 - scoped SPARQL and graph-database interchange > applies scoped SPARQL limits after counting available Q/P evidence [1.56ms]
Test (bun on ubuntu-latest)	Run tests (Bun)	2026-06-06T16:54:57.0340917Z (pass) issue 92 - scoped SPARQL and graph-database interchange > maps Links Notation evidence links to a graph-database property graph and back [1.07ms]
Test (bun on ubuntu-latest)	Run tests (Bun)	2026-06-06T16:54:57.0347439Z (pass) issue 92 - scoped SPARQL and graph-database interchange > does not let generic graph export bypass bounded-confidence guardrails [0.65ms]
Test (bun on ubuntu-latest)	Run tests (Bun)	2026-06-06T16:54:57.0462081Z (pass) issue 92 - scoped SPARQL and graph-database interchange > supports scoped SPARQL exports from CLI and HTTP analyze surfaces [11.37ms]
Test (bun on ubuntu-latest)	Run tests (Bun)	2026-06-06T16:54:57.0463073Z
Test (bun on ubuntu-latest)	Run tests (Bun)	2026-06-06T16:54:57.0463773Z ##[endgroup]
Test (bun on ubuntu-latest)	Run tests (Bun)	2026-06-06T16:54:57.0463968Z
Test (bun on ubuntu-latest)	Run tests (Bun)	2026-06-06T16:54:57.0464473Z ##[group]js/tests/integration/issue-128-cache.test.js:
Test (bun on ubuntu-latest)	Run tests (Bun)	2026-06-06T16:54:57.0490560Z (pass) issue 128 - Wikimedia .lino API cache > round-trips nested API payloads through the .lino codec losslessly [0.93ms]
Test (bun on ubuntu-latest)	Run tests (Bun)	2026-06-06T16:54:57.0492566Z (pass) issue 128 - Wikimedia .lino API cache > serializes deterministically regardless of insertion order [0.18ms]
Test (bun on ubuntu-latest)	Run tests (Bun)	2026-06-06T16:54:57.1020079Z (pass) issue 128 - Wikimedia .lino API cache > keeps the committed data-folder cache in sync with the JSON snapshots [52.69ms]
Test (bun on ubuntu-latest)	Run tests (Bun)	2026-06-06T16:54:57.1536923Z (pass) issue 128 - Wikimedia .lino API cache > replays "Hawaii is a state." from the .lino cache alone, offline [51.64ms]
Test (bun on ubuntu-latest)	Run tests (Bun)	2026-06-06T16:54:57.1537862Z
Test (bun on ubuntu-latest)	Run tests (Bun)	2026-06-06T16:54:57.1538727Z ##[endgroup]
Test (bun on ubuntu-latest)	Run tests (Bun)	2026-06-06T16:54:57.1539021Z
Test (bun on ubuntu-latest)	Run tests (Bun)	2026-06-06T16:54:57.1539728Z ##[group]js/tests/integration/issue-56.test.js:
Test (bun on ubuntu-latest)	Run tests (Bun)	2026-06-06T16:54:57.1571363Z (pass) issue 56 - Translate slash terms and diagnostics > splits slash-separated fallback terms before knowledge-source lookup [1.41ms]
Test (bun on ubuntu-latest)	Run tests (Bun)	2026-06-06T16:54:57.1747326Z (pass) issue 56 - Translate slash terms and diagnostics > keeps reported technical prose slash terms separated during translation [17.52ms]
Test (bun on ubuntu-latest)	Run tests (Bun)	2026-06-06T16:54:57.1775079Z (pass) issue 56 - Translate slash terms and diagnostics > uses source-backed Wiktionary translations for every supported target language [2.84ms]
Test (bun on ubuntu-latest)	Run tests (Bun)	2026-06-06T16:54:57.1780114Z (pass) issue 56 - Translate slash terms and diagnostics > keeps linked Wikidata entities ahead of lexical Wiktionary translations [0.53ms]
Test (bun on ubuntu-latest)	Run tests (Bun)	2026-06-06T16:54:57.1794751Z (pass) issue 56 - Translate slash terms and diagnostics > covers issue-56 lexical translations through source fixtures for all supported targets [1.38ms]
Test (bun on ubuntu-latest)	Run tests (Bun)	2026-06-06T16:54:57.1814485Z (pass) issue 56 - Translate slash terms and diagnostics > does not keep issue-56 vocabulary in the local fallback glossary [1.99ms]
Test (bun on ubuntu-latest)	Run tests (Bun)	2026-06-06T16:54:57.1822267Z (pass) issue 56 - Translate slash terms and diagnostics > keeps every generated question with selected actionable options [0.77ms]
Test (bun on ubuntu-latest)	Run tests (Bun)	2026-06-06T16:54:57.1830196Z (pass) issue 56 - Translate UI diagnostics > exposes source-priority controls and a copyable Translate debug log [0.81ms]
Test (bun on ubuntu-latest)	Run tests (Bun)	2026-06-06T16:54:57.1830953Z
Test (bun on ubuntu-latest)	Run tests (Bun)	2026-06-06T16:54:57.1831707Z ##[endgroup]
Test (bun on ubuntu-latest)	Run tests (Bun)	2026-06-06T16:54:57.1831913Z
Test (bun on ubuntu-latest)	Run tests (Bun)	2026-06-06T16:54:57.1832318Z ##[group]js/tests/integration/issue-128.test.js:
Test (bun on ubuntu-latest)	Run tests (Bun)	2026-06-06T16:54:57.1863268Z (pass) issue 128 - Hawaii is a state links notation > renders an English Wikipedia link when the Wikipedia target is selected (R3) [1.63ms]
Test (bun on ubuntu-latest)	Run tests (Bun)	2026-06-06T16:54:57.1871460Z (pass) issue 128 - Hawaii is a state links notation > exposes a merged entity definition for each phrase (R4) [0.82ms]
Test (bun on ubuntu-latest)	Run tests (Bun)	2026-06-06T16:54:57.1884871Z (pass) issue 128 - Hawaii is a state links notation > reports selected contexts with priority and probability (R5) [1.33ms]
Test (bun on ubuntu-latest)	Run tests (Bun)	2026-06-06T16:54:57.1903199Z (pass) issue 128 - Hawaii is a state links notation > carries the contexts into the translation links notation (R5) [1.85ms]
Test (bun on ubuntu-latest)	Run tests (Bun)	2026-06-06T16:54:57.1904201Z
Test (bun on ubuntu-latest)	Run tests (Bun)	2026-06-06T16:54:57.1904853Z ##[endgroup]
Test (bun on ubuntu-latest)	Run tests (Bun)	2026-06-06T16:54:57.1905221Z
Test (bun on ubuntu-latest)	Run tests (Bun)	2026-06-06T16:54:57.1905907Z ##[group]js/tests/integration/issue-54-linguistic-metadata.test.js:
Test (bun on ubuntu-latest)	Run tests (Bun)	2026-06-06T16:54:57.1935910Z (pass) issue 54 - formal-ai linguistic metadata > publishes linguistic CST/AST metadata and links for structural fragments [2.52ms]
Test (bun on ubuntu-latest)	Run tests (Bun)	2026-06-06T16:54:57.1947355Z (pass) issue 54 - formal-ai linguistic metadata > carries source linguistic metadata through translation semantic links [1.14ms]
Test (bun on ubuntu-latest)	Run tests (Bun)	2026-06-06T16:54:57.1948151Z
Test (bun on ubuntu-latest)	Run tests (Bun)	2026-06-06T16:54:57.1948588Z ##[endgroup]
Test (bun on ubuntu-latest)	Run tests (Bun)	2026-06-06T16:54:57.1948779Z
Test (bun on ubuntu-latest)	Run tests (Bun)	2026-06-06T16:54:57.1949204Z ##[group]js/tests/integration/issue-68.test.js:
Test (bun on ubuntu-latest)	Run tests (Bun)	2026-06-06T16:54:57.1976697Z (pass) issue 68 - reproducible statement probability > maps relative-meta-logic truth range and valence onto default metrics [1.24ms]
Test (bun on ubuntu-latest)	Run tests (Bun)	2026-06-06T16:54:57.1991385Z (pass) issue 68 - reproducible statement probability > exposes a reproducible probability calculation for each result kind [1.37ms]
Test (bun on ubuntu-latest)	Run tests (Bun)	2026-06-06T16:54:57.2004601Z (pass) issue 68 - reproducible statement probability > includes probability inputs in issue reports [1.41ms]
Test (bun on ubuntu-latest)	Run tests (Bun)	2026-06-06T16:54:57.2005337Z
Test (bun on ubuntu-latest)	Run tests (Bun)	2026-06-06T16:54:57.2005769Z ##[endgroup]
Test (bun on ubuntu-latest)	Run tests (Bun)	2026-06-06T16:54:57.2005964Z
Test (bun on ubuntu-latest)	Run tests (Bun)	2026-06-06T16:54:57.2006402Z ##[group]js/tests/integration/issue-133.test.js:
Test (bun on ubuntu-latest)	Run tests (Bun)	2026-06-06T16:54:57.2023861Z (pass) issue 133 - Translate defaults and state links > keeps the source-backed Russian Wikipedia URL for Q35657 [0.08ms]
Test (bun on ubuntu-latest)	Run tests (Bun)	2026-06-06T16:54:57.2032075Z (pass) issue 133 - Translate defaults and state links > uses Wikipedia links by default in Translate output [0.81ms]
Test (bun on ubuntu-latest)	Run tests (Bun)	2026-06-06T16:54:57.2033525Z (pass) issue 133 - Translate defaults and state links > defaults source priority to Wikipedia, Wikidata, Wiktionary, virtual overrides [0.13ms]
Test (bun on ubuntu-latest)	Run tests (Bun)	2026-06-06T16:54:57.2037341Z (pass) issue 133 - Translate defaults and state links > surfaces transitive broad contexts on word candidates [0.39ms]
Test (bun on ubuntu-latest)	Run tests (Bun)	2026-06-06T16:54:57.2038107Z
Test (bun on ubuntu-latest)	Run tests (Bun)	2026-06-06T16:54:57.2038546Z ##[endgroup]
Test (bun on ubuntu-latest)	Run tests (Bun)	2026-06-06T16:54:57.2038734Z
Test (bun on ubuntu-latest)	Run tests (Bun)	2026-06-06T16:54:57.2039267Z ##[group]js/tests/integration/issue-126-engine-selector.test.js:
Test (bun on ubuntu-latest)	Run tests (Bun)	2026-06-06T16:54:57.2056357Z (pass) issue 126 - JS/Rust engine selector in the web UI > renders a global engine selector and a result-band engine badge [0.21ms]
Test (bun on ubuntu-latest)	Run tests (Bun)	2026-06-06T16:54:57.2059231Z (pass) issue 126 - JS/Rust engine selector in the web UI > wires app.js to route the analysis through the selected engine [0.30ms]
Test (bun on ubuntu-latest)	Run tests (Bun)	2026-06-06T16:54:57.2062290Z (pass) issue 126 - JS/Rust engine selector in the web UI > routes the Compare page through the selected engine too [0.30ms]
Test (bun on ubuntu-latest)	Run tests (Bun)	2026-06-06T16:54:57.2065236Z (pass) issue 126 - JS/Rust engine selector in the web UI > localizes the engine controls in every shipped locale [0.27ms]
Test (bun on ubuntu-latest)	Run tests (Bun)	2026-06-06T16:54:57.2075745Z (pass) issue 126 - JS/Rust engine selector in the web UI > exposes pure engine-preference helpers backed by storage [1.03ms]
Test (bun on ubuntu-latest)	Run tests (Bun)	2026-06-06T16:54:57.2079214Z (pass) issue 126 - JS/Rust engine selector in the web UI > overlays the Rust headline onto a JS analysis without losing aux panels [0.34ms]
Test (bun on ubuntu-latest)	Run tests (Bun)	2026-06-06T16:54:57.2323255Z (pass) issue 126 - JS/Rust engine selector in the web UI > produces a Rust-computed headline that matches the JavaScript engine [23.93ms]
Test (bun on ubuntu-latest)	Run tests (Bun)	2026-06-06T16:54:57.2324518Z
Test (bun on ubuntu-latest)	Run tests (Bun)	2026-06-06T16:54:57.2325341Z ##[endgroup]
Test (bun on ubuntu-latest)	Run tests (Bun)	2026-06-06T16:54:57.2325539Z
Test (bun on ubuntu-latest)	Run tests (Bun)	2026-06-06T16:54:57.2399746Z ##[group]js/tests/integration/issue-94-writing-assistant-surface.test.js:
Test (bun on ubuntu-latest)	Run tests (Bun)	2026-06-06T16:54:57.2401292Z (pass) issue 94 - browser/editor writing assistant surface > delegates embedded operations to existing APIs and preserves guardrails [2.96ms]
Test (bun on ubuntu-latest)	Run tests (Bun)	2026-06-06T16:54:57.2427852Z (pass) issue 94 - browser/editor writing assistant surface > keeps prefilled report URLs and Links Notation exports in a mock extension harness [2.73ms]
Test (bun on ubuntu-latest)	Run tests (Bun)	2026-06-06T16:54:57.2429201Z
Test (bun on ubuntu-latest)	Run tests (Bun)	2026-06-06T16:54:57.2429879Z ##[endgroup]
Test (bun on ubuntu-latest)	Run tests (Bun)	2026-06-06T16:54:57.2430258Z
Test (bun on ubuntu-latest)	Run tests (Bun)	2026-06-06T16:54:57.2430916Z ##[group]js/tests/integration/issue-72-parity.test.js:
Test (bun on ubuntu-latest)	Run tests (Bun)	2026-06-06T16:54:57.2461960Z (pass) issue 72 - formal-ai upstream corpus parity gate > pins the current upstream release instead of the stale 706-case release [0.06ms]
Test (bun on ubuntu-latest)	Run tests (Bun)	2026-06-06T16:54:57.2472821Z (pass) issue 72 - formal-ai upstream corpus parity gate > assigns every upstream test case either a local assertion or an explicit skip reason [0.99ms]
Test (bun on ubuntu-latest)	Run tests (Bun)	2026-06-06T16:54:57.2740300Z (pass) issue 72 - formal-ai upstream corpus parity gate > executes the currently shipped Formal AI translation parity assertions [26.75ms]
Test (bun on ubuntu-latest)	Run tests (Bun)	2026-06-06T16:54:57.2741460Z
Test (bun on ubuntu-latest)	Run tests (Bun)	2026-06-06T16:54:57.2742267Z ##[endgroup]
Test (bun on ubuntu-latest)	Run tests (Bun)	2026-06-06T16:54:57.2742661Z
Test (bun on ubuntu-latest)	Run tests (Bun)	2026-06-06T16:54:57.2743209Z ##[group]js/tests/integration/issue-61-wasm.test.js:
Test (bun on ubuntu-latest)	Run tests (Bun)	2026-06-06T16:54:57.2800217Z (pass) issue 61 - wasm-bindgen core wrapper parity > exposes draft, selection, formalization, evaluation, confidence, and Links Notation helpers [2.57ms]
Test (bun on ubuntu-latest)	Run tests (Bun)	2026-06-06T16:54:57.3141877Z (pass) issue 61 - wasm-bindgen core wrapper parity > matches JavaScript analysis results for every non-translation acceptance example [33.62ms]
Test (bun on ubuntu-latest)	Run tests (Bun)	2026-06-06T16:54:57.3233249Z (pass) issue 61 - wasm-bindgen core wrapper parity > matches JavaScript translation behavior for the Hawaii acceptance examples [9.30ms]
Test (bun on ubuntu-latest)	Run tests (Bun)	2026-06-06T16:54:57.3234613Z
Test (bun on ubuntu-latest)	Run tests (Bun)	2026-06-06T16:54:57.3235315Z ##[endgroup]
Test (bun on ubuntu-latest)	Run tests (Bun)	2026-06-06T16:54:57.3235732Z
Test (bun on ubuntu-latest)	Run tests (Bun)	2026-06-06T16:54:57.3236319Z ##[group]js/tests/integration/issue-54.test.js:
Test (bun on ubuntu-latest)	Run tests (Bun)	2026-06-06T16:54:57.3315802Z (pass) issue 54 - formal-ai compatibility hooks > applies configurable rules before and after formalization [2.49ms]
Test (bun on ubuntu-latest)	Run tests (Bun)	2026-06-06T16:54:57.3369575Z (pass) issue 54 - formal-ai compatibility hooks > supports translation and naturalization rules with a deformalization alias [5.33ms]
Test (bun on ubuntu-latest)	Run tests (Bun)	2026-06-06T16:54:57.3389684Z (pass) issue 54 - formal-ai compatibility hooks > keeps deformalization aliases and transformed artifacts consistent [2.03ms]
Test (bun on ubuntu-latest)	Run tests (Bun)	2026-06-06T16:54:57.3390598Z
Test (bun on ubuntu-latest)	Run tests (Bun)	2026-06-06T16:54:57.3391434Z ##[endgroup]
Test (bun on ubuntu-latest)	Run tests (Bun)	2026-06-06T16:54:57.3391703Z
Test (bun on ubuntu-latest)	Run tests (Bun)	2026-06-06T16:54:57.3392270Z ##[group]js/tests/integration/issue-65.test.js:
Test (bun on ubuntu-latest)	Run tests (Bun)	2026-06-06T16:54:57.3426462Z (pass) issue 65 - Links Notation rewrite transformations > rewrites Links Notation terms with RML-style direction and occurrence controls [1.42ms]
Test (bun on ubuntu-latest)	Run tests (Bun)	2026-06-06T16:54:57.3434396Z (pass) issue 65 - Links Notation rewrite transformations > simplifies Links Notation with a guarded repeated rewrite set [1.06ms]
Test (bun on ubuntu-latest)	Run tests (Bun)	2026-06-06T16:54:57.3445185Z (pass) issue 65 - Links Notation rewrite transformations > runs declarative rewrite and simplify rules through existing transformation hooks [0.63ms]
Test (bun on ubuntu-latest)	Run tests (Bun)	2026-06-06T16:54:57.3455070Z (pass) issue 65 - Links Notation rewrite transformations > rewrites a targeted Links Notation field on object transformations [0.72ms]
Test (bun on ubuntu-latest)	Run tests (Bun)	2026-06-06T16:54:57.3456574Z (pass) issue 65 - Links Notation rewrite transformations > keeps zero-config hook behavior for legacy text rules [0.16ms]
Test (bun on ubuntu-latest)	Run tests (Bun)	2026-06-06T16:54:57.3457359Z
Test (bun on ubuntu-latest)	Run tests (Bun)	2026-06-06T16:54:57.3457827Z ##[endgroup]
Test (bun on ubuntu-latest)	Run tests (Bun)	2026-06-06T16:54:57.3458027Z
Test (bun on ubuntu-latest)	Run tests (Bun)	2026-06-06T16:54:57.3458633Z ##[group]js/tests/integration/issue-96-no-hardcoded-translations.test.js:
Test (bun on ubuntu-latest)	Run tests (Bun)	2026-06-06T16:54:57.3981430Z (pass) issue 96 - no hardcoded translations in js/src > keeps the lexical translation pipeline free of foreign surface forms [50.67ms]
Test (bun on ubuntu-latest)	Run tests (Bun)	2026-06-06T16:54:57.4010330Z (pass) issue 96 - no hardcoded translations in js/src > only allowlists files with a documented non-translation reason [2.96ms]
Test (bun on ubuntu-latest)	Run tests (Bun)	2026-06-06T16:54:57.4026161Z (pass) issue 96 - no hardcoded translations in js/src > routes every lexicon read through the single interlingua module [1.60ms]
Test (bun on ubuntu-latest)	Run tests (Bun)	2026-06-06T16:54:57.4040724Z (pass) issue 96 - no hardcoded translations in js/src > builds the directional glossary only through the interlingua module [1.44ms]
Test (bun on ubuntu-latest)	Run tests (Bun)	2026-06-06T16:54:57.4041744Z
Test (bun on ubuntu-latest)	Run tests (Bun)	2026-06-06T16:54:57.4042243Z ##[endgroup]
Test (bun on ubuntu-latest)	Run tests (Bun)	2026-06-06T16:54:57.4042438Z
Test (bun on ubuntu-latest)	Run tests (Bun)	2026-06-06T16:54:57.4043032Z ##[group]js/tests/integration/issue-96-four-language-roundtrip.test.js:
Test (bun on ubuntu-latest)	Run tests (Bun)	2026-06-06T16:54:57.4068205Z (pass) issue 96 - four-language interlingua round trips > declares all four supported languages in the interlingua [0.08ms]
Test (bun on ubuntu-latest)	Run tests (Bun)	2026-06-06T16:54:57.4073693Z (pass) issue 96 - four-language interlingua round trips > serves every ordered pair among the four languages through concept ids [0.57ms]
Test (bun on ubuntu-latest)	Run tests (Bun)	2026-06-06T16:54:57.4079749Z (pass) issue 96 - four-language interlingua round trips > maps the shared vocabulary through a single id carrying every language [0.50ms]
Test (bun on ubuntu-latest)	Run tests (Bun)	2026-06-06T16:54:57.4168708Z (pass) issue 96 - four-language interlingua round trips > translates the shared vocabulary forward in every direction [8.90ms]
Test (bun on ubuntu-latest)	Run tests (Bun)	2026-06-06T16:54:57.4344607Z (pass) issue 96 - four-language interlingua round trips > survives a round trip through every other language [16.69ms]
Test (bun on ubuntu-latest)	Run tests (Bun)	2026-06-06T16:54:57.4345803Z
Test (bun on ubuntu-latest)	Run tests (Bun)	2026-06-06T16:54:57.4348018Z ##[endgroup]
Test (bun on ubuntu-latest)	Run tests (Bun)	2026-06-06T16:54:57.4349032Z
Test (bun on ubuntu-latest)	Run tests (Bun)	2026-06-06T16:54:57.4349750Z ##[group]js/tests/integration/issue-54-formal-ai-corpus.test.js:
Test (bun on ubuntu-latest)	Run tests (Bun)	2026-06-06T16:54:57.4417745Z (pass) issue 54 - exact formal-ai upstream test corpus index > indexes every formal-ai test case from the pinned upstream commit [1.22ms]
Test (bun on ubuntu-latest)	Run tests (Bun)	2026-06-06T16:54:57.4419635Z (pass) issue 54 - formal-ai prompt parsing > parses formal-ai translation prompt variants without configuration [0.17ms]
Test (bun on ubuntu-latest)	Run tests (Bun)	2026-06-06T16:54:57.4502406Z (pass) issue 54 - formal-ai prompt translation corpus > answers formal-ai translation-via-links corpus prompts [9.27ms]
Test (bun on ubuntu-latest)	Run tests (Bun)	2026-06-06T16:54:57.4538837Z (pass) issue 54 - formal-ai prompt translation corpus > covers formal-ai common-noun translation prompts in both directions [3.83ms]
Test (bun on ubuntu-latest)	Run tests (Bun)	2026-06-06T16:54:57.4557967Z (pass) issue 54 - formal-ai prompt translation corpus > reports formal-ai translation gaps without language placeholders [1.93ms]
Test (bun on ubuntu-latest)	Run tests (Bun)	2026-06-06T16:54:57.4558875Z
Test (bun on ubuntu-latest)	Run tests (Bun)	2026-06-06T16:54:57.4559363Z ##[endgroup]
Test (bun on ubuntu-latest)	Run tests (Bun)	2026-06-06T16:54:57.4559569Z
Test (bun on ubuntu-latest)	Run tests (Bun)	2026-06-06T16:54:57.4560117Z ##[group]js/tests/integration/issue-74-acceptance-gate.test.js:
Test (bun on ubuntu-latest)	Run tests (Bun)	2026-06-06T16:54:57.4600291Z (pass) issue 74 - no-regression acceptance gate > covers every concrete acceptance example listed in the requirements [0.54ms]
Test (bun on ubuntu-latest)	Run tests (Bun)	2026-06-06T16:54:57.4632256Z (pass) issue 74 - no-regression acceptance gate > keeps the current behavior for non-translation acceptance examples [3.03ms]
Test (bun on ubuntu-latest)	Run tests (Bun)	2026-06-06T16:54:57.4662238Z (pass) issue 74 - no-regression acceptance gate > keeps the current behavior for translation acceptance examples [2.87ms]
Test (bun on ubuntu-latest)	Run tests (Bun)	2026-06-06T16:54:57.4664067Z (pass) issue 74 - no-regression acceptance gate > wires competitor and formal-ai corpora into the same local gate [0.20ms]
Test (bun on ubuntu-latest)	Run tests (Bun)	2026-06-06T16:54:57.4692419Z (pass) issue 74 - no-regression acceptance gate > runs the same no-regression gate in CI [0.09ms]
Test (bun on ubuntu-latest)	Run tests (Bun)	2026-06-06T16:54:57.4712343Z
Test (bun on ubuntu-latest)	Run tests (Bun)	2026-06-06T16:54:57.4713123Z ##[endgroup]
Test (bun on ubuntu-latest)	Run tests (Bun)	2026-06-06T16:54:57.4713335Z
Test (bun on ubuntu-latest)	Run tests (Bun)	2026-06-06T16:54:57.4713778Z ##[group]js/tests/integration/issue-66.test.js:
Test (bun on ubuntu-latest)	Run tests (Bun)	2026-06-06T16:54:57.4714790Z (pass) issue 66 - generalized naturalization > naturalizes arbitrary partial formal expressions with CST and deformalization alias [0.91ms]
Test (bun on ubuntu-latest)	Run tests (Bun)	2026-06-06T16:54:57.4716210Z (pass) issue 66 - generalized naturalization > renders Links Notation claims through naturalization and deformalization aliases [1.20ms]
Test (bun on ubuntu-latest)	Run tests (Bun)	2026-06-06T16:54:57.4747001Z (pass) issue 66 - generalized naturalization > exposes naturalization through the CLI [3.39ms]
Test (bun on ubuntu-latest)	Run tests (Bun)	2026-06-06T16:54:57.4831681Z (pass) issue 66 - generalized naturalization > serves POST /naturalize and /deformalize aliases [8.39ms]
Test (bun on ubuntu-latest)	Run tests (Bun)	2026-06-06T16:54:57.4832492Z
Test (bun on ubuntu-latest)	Run tests (Bun)	2026-06-06T16:54:57.4833163Z ##[endgroup]
Test (bun on ubuntu-latest)	Run tests (Bun)	2026-06-06T16:54:57.4833419Z
Test (bun on ubuntu-latest)	Run tests (Bun)	2026-06-06T16:54:57.4834124Z ##[group]js/tests/integration/issue-96-reference-quality.test.js:
Test (bun on ubuntu-latest)	Run tests (Bun)	2026-06-06T16:54:57.4985131Z (pass) issue 96 - English to Russian paragraph translation vs human reference > matches the human Russian lead of .xxx on домен, верхнего, уровня, порнографических [12.42ms]
Test (bun on ubuntu-latest)	Run tests (Bun)	2026-06-06T16:54:57.5122466Z (pass) issue 96 - English to Russian paragraph translation vs human reference > matches the human Russian lead of Charlie_Kirk on американский, активист, медийная, фигура, республиканской, партии [13.72ms]
Test (bun on ubuntu-latest)	Run tests (Bun)	2026-06-06T16:54:57.5340743Z (pass) issue 96 - English to Russian paragraph translation vs human reference > matches the human Russian lead of ChatGPT on чат, бот [21.86ms]
Test (bun on ubuntu-latest)	Run tests (Bun)	2026-06-06T16:54:57.5450556Z (pass) issue 96 - English to Russian paragraph translation vs human reference > matches the human Russian lead of Google_Chrome on браузер, разрабатываемый [11.04ms]
Test (bun on ubuntu-latest)	Run tests (Bun)	2026-06-06T16:54:57.5634696Z (pass) issue 96 - English to Russian paragraph translation vs human reference > matches the human Russian lead of 1989_Tiananmen_Square_protests_and_massacre on протеста, тяньаньмэнь, студенты [18.29ms]
Test (bun on ubuntu-latest)	Run tests (Bun)	2026-06-06T16:54:57.5780714Z (pass) issue 96 - English to Russian paragraph translation vs human reference > matches the human Russian lead of Ed_Gein on американский, убийца, похититель, трупов [14.58ms]
Test (bun on ubuntu-latest)	Run tests (Bun)	2026-06-06T16:54:57.5856116Z (pass) issue 96 - English to Russian paragraph translation vs human reference > matches the human Russian lead of Donald_Trump on политический, деятель, президент [7.57ms]
Test (bun on ubuntu-latest)	Run tests (Bun)	2026-06-06T16:54:57.6035372Z (pass) issue 96 - English to Russian paragraph translation vs human reference > matches the human Russian lead of Zohran_Mamdani on политический, деятель, мэр [17.84ms]
Test (bun on ubuntu-latest)	Run tests (Bun)	2026-06-06T16:54:57.6118671Z (pass) issue 96 - English to Russian paragraph translation vs human reference > matches the human Russian lead of Elon_Musk on предприниматель [8.38ms]
Test (bun on ubuntu-latest)	Run tests (Bun)	2026-06-06T16:54:57.6389914Z (pass) issue 96 - English to Russian paragraph translation vs human reference > matches the human Russian lead of XXX_(2002_film) on американский, боевик, режиссёром [27.06ms]
Test (bun on ubuntu-latest)	Run tests (Bun)	2026-06-06T16:54:57.9226217Z (pass) issue 96 - English to Russian paragraph translation vs human reference > reproduces human-attested Russian vocabulary across the top-2025 corpus [283.57ms]
Test (bun on ubuntu-latest)	Run tests (Bun)	2026-06-06T16:54:57.9227472Z
Test (bun on ubuntu-latest)	Run tests (Bun)	2026-06-06T16:54:57.9228136Z ##[endgroup]
Test (bun on ubuntu-latest)	Run tests (Bun)	2026-06-06T16:54:57.9228386Z
Test (bun on ubuntu-latest)	Run tests (Bun)	2026-06-06T16:54:57.9228936Z ##[group]js/tests/integration/issue-131.test.js:
Test (bun on ubuntu-latest)	Run tests (Bun)	2026-06-06T16:54:57.9288058Z (pass) issue 131 - parenthesized pronunciation > keeps parentheses out of formalized phrase links [1.52ms]
Test (bun on ubuntu-latest)	Run tests (Bun)	2026-06-06T16:54:57.9294345Z (pass) issue 131 - phrasal verbs and Russian grammar > allows source-backed phrasal verbs ending in a preposition [0.68ms]
Test (bun on ubuntu-latest)	Run tests (Bun)	2026-06-06T16:54:57.9309438Z (pass) issue 131 - phrasal verbs and Russian grammar > falls back to one lexical phrase when sources miss a known phrasal verb [0.74ms]
Test (bun on ubuntu-latest)	Run tests (Bun)	2026-06-06T16:54:57.9315731Z (pass) issue 131 - phrasal verbs and Russian grammar > uses source-backed virtual overrides for known missing source data [1.36ms]
Test (bun on ubuntu-latest)	Run tests (Bun)	2026-06-06T16:54:57.9339669Z (pass) issue 131 - phrasal verbs and Russian grammar > preserves pronunciation punctuation and naturalizes the Russian grammar [2.35ms]
Test (bun on ubuntu-latest)	Run tests (Bun)	2026-06-06T16:54:57.9344303Z (pass) issue 131 - linked article context translation > collects linked Wikipedia article targets once per source URL [0.53ms]
Test (bun on ubuntu-latest)	Run tests (Bun)	2026-06-06T16:54:57.9348235Z (pass) issue 131 - linked article context translation > keeps recursive article translation behind the experimental flag [0.38ms]
Test (bun on ubuntu-latest)	Run tests (Bun)	2026-06-06T16:54:57.9366838Z (pass) issue 131 - linked article context translation > translates bounded linked article summaries experimentally and caches them [1.77ms]
Test (bun on ubuntu-latest)	Run tests (Bun)	2026-06-06T16:54:57.9368392Z (pass) issue 131 - linked article context translation > wires article context controls into the Translate UI [0.18ms]
Test (bun on ubuntu-latest)	Run tests (Bun)	2026-06-06T16:54:57.9369158Z
Test (bun on ubuntu-latest)	Run tests (Bun)	2026-06-06T16:54:57.9369630Z ##[endgroup]
Test (bun on ubuntu-latest)	Run tests (Bun)	2026-06-06T16:54:57.9369826Z
Test (bun on ubuntu-latest)	Run tests (Bun)	2026-06-06T16:54:57.9370286Z ##[group]js/tests/integration/issue-89.test.js:
Test (bun on ubuntu-latest)	Run tests (Bun)	2026-06-06T16:54:57.9430369Z (pass) issue 89 - OpenIE AMR SRL formalization providers > records provider triples, roles, entity links, and graphs without changing deterministic formalization [3.06ms]
Test (bun on ubuntu-latest)	Run tests (Bun)	2026-06-06T16:54:57.9674067Z (pass) issue 89 - OpenIE AMR SRL formalization providers > accepts mocked provider output through HTTP /formalize without treating it as verified evidence [24.31ms]
Test (bun on ubuntu-latest)	Run tests (Bun)	2026-06-06T16:54:57.9675145Z
Test (bun on ubuntu-latest)	Run tests (Bun)	2026-06-06T16:54:57.9675588Z ##[endgroup]
Test (bun on ubuntu-latest)	Run tests (Bun)	2026-06-06T16:54:57.9675720Z
Test (bun on ubuntu-latest)	Run tests (Bun)	2026-06-06T16:54:57.9676104Z ##[group]js/tests/integration/issue-114-competitor-quality-gates.test.js:
Test (bun on ubuntu-latest)	Run tests (Bun)	2026-06-06T16:54:57.9700823Z (pass) issue 114 - competitor dataset quality gates > tracks measured pass rates for every harvested competitor dataset [0.48ms]
Test (bun on ubuntu-latest)	Run tests (Bun)	2026-06-06T16:54:57.9769248Z (pass) issue 114 - competitor dataset quality gates > executes every enabled competitor dataset case as a recurring gate [6.93ms]
Test (bun on ubuntu-latest)	Run tests (Bun)	2026-06-06T16:54:57.9772229Z (pass) issue 114 - competitor dataset quality gates > keeps the competitor gate wired into local acceptance and CI [0.20ms]
Test (bun on ubuntu-latest)	Run tests (Bun)	2026-06-06T16:54:57.9776448Z (pass) issue 114 - competitor dataset quality gates > publishes the measured scores in both comparison documents [0.62ms]
Test (bun on ubuntu-latest)	Run tests (Bun)	2026-06-06T16:54:57.9777126Z
Test (bun on ubuntu-latest)	Run tests (Bun)	2026-06-06T16:54:57.9777604Z ##[endgroup]
Test (bun on ubuntu-latest)	Run tests (Bun)	2026-06-06T16:54:57.9777772Z
Test (bun on ubuntu-latest)	Run tests (Bun)	2026-06-06T16:54:57.9778318Z ##[group]js/tests/integration/issue-93-proof-solver-artifacts.test.js:
Test (bun on ubuntu-latest)	Run tests (Bun)	2026-06-06T16:54:57.9827165Z (pass) issue 93 - proof and solver artifact adapters > normalizes proof assistant and solver artifacts into bounded provenance-bearing evidence [1.99ms]
Test (bun on ubuntu-latest)	Run tests (Bun)	2026-06-06T16:54:57.9839947Z (pass) issue 93 - proof and solver artifact adapters > attaches artifact evidence through analyzeStatement without producing absolute confidence [0.75ms]
Test (bun on ubuntu-latest)	Run tests (Bun)	2026-06-06T16:54:57.9841280Z
Test (bun on ubuntu-latest)	Run tests (Bun)	2026-06-06T16:54:57.9841917Z ##[endgroup]
Test (bun on ubuntu-latest)	Run tests (Bun)	2026-06-06T16:54:57.9842092Z
Test (bun on ubuntu-latest)	Run tests (Bun)	2026-06-06T16:54:57.9842583Z ##[group]js/tests/integration/issue-69.test.js:
Test (bun on ubuntu-latest)	Run tests (Bun)	2026-06-06T16:54:57.9901989Z (pass) issue 69 - relative-meta-logic computability adapter > maps supported formalization levels to relative-meta-logic inputs [1.57ms]
Test (bun on ubuntu-latest)	Run tests (Bun)	2026-06-06T16:54:57.9903825Z (pass) issue 69 - relative-meta-logic computability adapter > uses a provided relative-meta-logic engine for arithmetic extraction [0.37ms]
Test (bun on ubuntu-latest)	Run tests (Bun)	2026-06-06T16:54:57.9905331Z (pass) issue 69 - relative-meta-logic computability adapter > keeps local arithmetic as the fallback when RML is unavailable [0.21ms]
Test (bun on ubuntu-latest)	Run tests (Bun)	2026-06-06T16:54:57.9906855Z (pass) issue 69 - relative-meta-logic computability adapter > pins the inspected upstream relative-meta-logic source [0.07ms]
Test (bun on ubuntu-latest)	Run tests (Bun)	2026-06-06T16:54:57.9907641Z
Test (bun on ubuntu-latest)	Run tests (Bun)	2026-06-06T16:54:57.9908117Z ##[endgroup]
Test (bun on ubuntu-latest)	Run tests (Bun)	2026-06-06T16:54:57.9908303Z
Test (bun on ubuntu-latest)	Run tests (Bun)	2026-06-06T16:54:57.9908732Z ##[group]js/tests/integration/issue-63.test.js:
Test (bun on ubuntu-latest)	Run tests (Bun)	2026-06-06T16:54:58.0263402Z (pass) issue 63 - durable Doublets-backed storage > round-trips statement and evidence links without losing identity, provenance, Unicode, or versions [31.71ms]
Test (bun on ubuntu-latest)	Run tests (Bun)	2026-06-06T16:54:58.0332782Z (pass) issue 63 - durable Doublets-backed storage > imports current links-network fixtures as portable case data [2.35ms]
Test (bun on ubuntu-latest)	Run tests (Bun)	2026-06-06T16:54:58.0371357Z
Test (bun on ubuntu-latest)	Run tests (Bun)	2026-06-06T16:54:58.0372858Z ##[endgroup]
Test (bun on ubuntu-latest)	Run tests (Bun)	2026-06-06T16:54:58.0407630Z
Test (bun on ubuntu-latest)	Run tests (Bun)	2026-06-06T16:54:58.0456944Z ##[group]js/tests/unit/js-rust-parity.test.js:
Test (bun on ubuntu-latest)	Run tests (Bun)	2026-06-06T16:54:58.0485104Z (pass) JS <-> Rust parity guardrail > declares at least the issue #126 context module pair [0.06ms]
Test (bun on ubuntu-latest)	Run tests (Bun)	2026-06-06T16:54:58.0929234Z (pass) JS <-> Rust parity guardrail > validates manifest paths and passes when no diff is available [62.86ms]
Test (bun on ubuntu-latest)	Run tests (Bun)	2026-06-06T16:54:58.1264185Z (pass) JS <-> Rust parity guardrail > passes when both sides of a pair change together [33.49ms]
Test (bun on ubuntu-latest)	Run tests (Bun)	2026-06-06T16:54:58.1620234Z (pass) JS <-> Rust parity guardrail > fails when only the JavaScript side changes [35.61ms]
Test (bun on ubuntu-latest)	Run tests (Bun)	2026-06-06T16:54:58.1953010Z (pass) JS <-> Rust parity guardrail > fails when only the Rust side changes [33.30ms]
Test (bun on ubuntu-latest)	Run tests (Bun)	2026-06-06T16:54:58.2292107Z (pass) JS <-> Rust parity guardrail > ignores changes outside every mirrored pair [33.85ms]
Test (bun on ubuntu-latest)	Run tests (Bun)	2026-06-06T16:54:58.2293200Z (pass) JS <-> Rust parity guardrail > ships a manifest whose every path exists on disk [0.22ms]
Test (bun on ubuntu-latest)	Run tests (Bun)	2026-06-06T16:54:58.2293790Z
Test (bun on ubuntu-latest)	Run tests (Bun)	2026-06-06T16:54:58.2294382Z ##[endgroup]
Test (bun on ubuntu-latest)	Run tests (Bun)	2026-06-06T16:54:58.2294585Z
Test (bun on ubuntu-latest)	Run tests (Bun)	2026-06-06T16:54:58.2295080Z ##[group]js/tests/unit/issue-52.test.js:
Test (bun on ubuntu-latest)	Run tests (Bun)	2026-06-06T16:54:58.2358524Z (pass) issue 52 - Translate request churn and answers > coalesces concurrent Wikimedia 404s and caches negative results [1.79ms]
Test (bun on ubuntu-latest)	Run tests (Bun)	2026-06-06T16:54:58.2372637Z (pass) issue 52 - Translate request churn and answers > normalizes Wiktionary lookup text before calling the definition API [0.27ms]
Test (bun on ubuntu-latest)	Run tests (Bun)	2026-06-06T16:54:58.2374017Z (pass) issue 52 - Translate request churn and answers > batches same-tick Wikidata entity hydration requests [0.38ms]
Test (bun on ubuntu-latest)	Run tests (Bun)	2026-06-06T16:54:58.2383171Z (pass) issue 52 - Translate request churn and answers > batches target-language Wikidata label requests during translation [1.77ms]
Test (bun on ubuntu-latest)	Run tests (Bun)	2026-06-06T16:54:58.2417939Z (pass) issue 52 - Translate request churn and answers > applies selected question answers to translated output [3.46ms]
Test (bun on ubuntu-latest)	Run tests (Bun)	2026-06-06T16:54:58.2418712Z
Test (bun on ubuntu-latest)	Run tests (Bun)	2026-06-06T16:54:58.2419211Z ##[endgroup]
Test (bun on ubuntu-latest)	Run tests (Bun)	2026-06-06T16:54:58.2419421Z
Test (bun on ubuntu-latest)	Run tests (Bun)	2026-06-06T16:54:58.2419812Z ##[group]js/tests/unit/issue-108.test.js:
Test (bun on ubuntu-latest)	Run tests (Bun)	2026-06-06T16:54:58.2526733Z (pass) issue 108 - unified term data source > merges Wikimedia term data with provenance and dual cache artifacts [7.88ms]
Test (bun on ubuntu-latest)	Run tests (Bun)	2026-06-06T16:54:58.2562662Z (pass) issue 108 - unified term data source > caches repeated top-level getTerm calls [2.36ms]
Test (bun on ubuntu-latest)	Run tests (Bun)	2026-06-06T16:54:58.2563445Z
Test (bun on ubuntu-latest)	Run tests (Bun)	2026-06-06T16:54:58.2564065Z ##[endgroup]
Test (bun on ubuntu-latest)	Run tests (Bun)	2026-06-06T16:54:58.2564384Z
Test (bun on ubuntu-latest)	Run tests (Bun)	2026-06-06T16:54:58.2565035Z ##[group]js/tests/unit/issue-96-paragraphs.test.js:
Test (bun on ubuntu-latest)	Run tests (Bun)	2026-06-06T16:54:58.2577985Z (pass) issue 96 - paragraph extraction helpers > collapses internal whitespace and non-breaking spaces [1.57ms]
Test (bun on ubuntu-latest)	Run tests (Bun)	2026-06-06T16:54:58.2579605Z (pass) issue 96 - paragraph extraction helpers > splits an extract into normalized non-empty paragraphs [0.14ms]
Test (bun on ubuntu-latest)	Run tests (Bun)	2026-06-06T16:54:58.2581361Z (pass) issue 96 - paragraph extraction helpers > splits on single newlines as used by Wikipedia explaintext extracts [0.03ms]
Test (bun on ubuntu-latest)	Run tests (Bun)	2026-06-06T16:54:58.2583022Z (pass) issue 96 - paragraph extraction helpers > returns the first normalized paragraph or an empty string [0.04ms]
Test (bun on ubuntu-latest)	Run tests (Bun)	2026-06-06T16:54:58.2584585Z (pass) issue 96 - reference alignment scorer > scores set overlap precision, recall, and F1 against a reference [0.11ms]
Test (bun on ubuntu-latest)	Run tests (Bun)	2026-06-06T16:54:58.2586095Z (pass) issue 96 - reference alignment scorer > keeps only target-script tokens when a script filter is given [0.06ms]
Test (bun on ubuntu-latest)	Run tests (Bun)	2026-06-06T16:54:58.2587566Z (pass) issue 96 - reference alignment scorer > ignores global flags on the script filter so no tokens are skipped [0.12ms]
Test (bun on ubuntu-latest)	Run tests (Bun)	2026-06-06T16:54:58.2588843Z (pass) issue 96 - reference alignment scorer > returns zeroed metrics for empty input [0.07ms]
Test (bun on ubuntu-latest)	Run tests (Bun)	2026-06-06T16:54:58.2589652Z
Test (bun on ubuntu-latest)	Run tests (Bun)	2026-06-06T16:54:58.2590300Z ##[endgroup]
Test (bun on ubuntu-latest)	Run tests (Bun)	2026-06-06T16:54:58.2590667Z
Test (bun on ubuntu-latest)	Run tests (Bun)	2026-06-06T16:54:58.2591423Z ##[group]js/tests/unit/file-line-limits.test.js:
Test (bun on ubuntu-latest)	Run tests (Bun)	2026-06-06T16:54:58.2865723Z (pass) file line limit checker > fails tracked Rust, JavaScript, and Markdown files above the limit [26.95ms]
Test (bun on ubuntu-latest)	Run tests (Bun)	2026-06-06T16:54:58.3002898Z (pass) file line limit checker > ignores case-study Markdown and unrelated file types [13.72ms]
Test (bun on ubuntu-latest)	Run tests (Bun)	2026-06-06T16:54:58.3160658Z (pass) file line limit checker > warns before the hard line limit without failing [15.72ms]
Test (bun on ubuntu-latest)	Run tests (Bun)	2026-06-06T16:54:58.3161652Z
Test (bun on ubuntu-latest)	Run tests (Bun)	2026-06-06T16:54:58.3162720Z ##[endgroup]
Test (bun on ubuntu-latest)	Run tests (Bun)	2026-06-06T16:54:58.3162987Z
Test (bun on ubuntu-latest)	Run tests (Bun)	2026-06-06T16:54:58.3163550Z ##[group]js/tests/unit/documentation.test.js:
Test (bun on ubuntu-latest)	Run tests (Bun)	2026-06-06T16:54:58.3179951Z (pass) vision documentation > promotes the canonical requirements and roadmap into docs [1.37ms]
Test (bun on ubuntu-latest)	Run tests (Bun)	2026-06-06T16:54:58.3193053Z (pass) vision documentation > keeps first-class docs in links terminology [1.31ms]
Test (bun on ubuntu-latest)	Run tests (Bun)	2026-06-06T16:54:58.3194766Z (pass) vision documentation > keeps competitor parity research current and linked to follow-up issues [0.19ms]
Test (bun on ubuntu-latest)	Run tests (Bun)	2026-06-06T16:54:58.3196465Z (pass) vision documentation > tracks the formal-ai compatibility contract as a first-class doc [0.16ms]
Test (bun on ubuntu-latest)	Run tests (Bun)	2026-06-06T16:54:58.3197160Z
Test (bun on ubuntu-latest)	Run tests (Bun)	2026-06-06T16:54:58.3197650Z ##[endgroup]
Test (bun on ubuntu-latest)	Run tests (Bun)	2026-06-06T16:54:58.3197946Z
Test (bun on ubuntu-latest)	Run tests (Bun)	2026-06-06T16:54:58.3198626Z ##[group]js/tests/unit/tag-prefix.test.js:
Test (bun on ubuntu-latest)	Run tests (Bun)	2026-06-06T16:54:58.3208087Z (pass) tag prefix logic > defaults to "v" prefix (backward compatible) [0.04ms]
Test (bun on ubuntu-latest)	Run tests (Bun)	2026-06-06T16:54:58.3209056Z (pass) tag prefix logic > supports "js-v" prefix for multi-language repos [0.02ms]
Test (bun on ubuntu-latest)	Run tests (Bun)	2026-06-06T16:54:58.3209932Z (pass) tag prefix logic > supports "rust-v" prefix [0.02ms]
Test (bun on ubuntu-latest)	Run tests (Bun)	2026-06-06T16:54:58.3210644Z (pass) tag prefix logic > supports empty prefix [0.02ms]
Test (bun on ubuntu-latest)	Run tests (Bun)	2026-06-06T16:54:58.3211444Z (pass) tag prefix logic > works with pre-release versions [0.02ms]
Test (bun on ubuntu-latest)	Run tests (Bun)	2026-06-06T16:54:58.3211915Z
Test (bun on ubuntu-latest)	Run tests (Bun)	2026-06-06T16:54:58.3212612Z ##[endgroup]
Test (bun on ubuntu-latest)	Run tests (Bun)	2026-06-06T16:54:58.3212800Z
Test (bun on ubuntu-latest)	Run tests (Bun)	2026-06-06T16:54:58.3213199Z ##[group]js/tests/unit/issue-20.test.js:
Test (bun on ubuntu-latest)	Run tests (Bun)	2026-06-06T16:54:58.3220074Z (pass) issue 20 — Jenni AI comparison expansion > adds a focused academic-writing assistant feature lens [0.12ms]
Test (bun on ubuntu-latest)	Run tests (Bun)	2026-06-06T16:54:58.3221692Z (pass) issue 20 — Jenni AI comparison expansion > archives the issue-specific research trail [0.08ms]
Test (bun on ubuntu-latest)	Run tests (Bun)	2026-06-06T16:54:58.3222422Z
Test (bun on ubuntu-latest)	Run tests (Bun)	2026-06-06T16:54:58.3222996Z ##[endgroup]
Test (bun on ubuntu-latest)	Run tests (Bun)	2026-06-06T16:54:58.3223258Z
Test (bun on ubuntu-latest)	Run tests (Bun)	2026-06-06T16:54:58.3224019Z ##[group]js/tests/unit/workflow.test.js:
Test (bun on ubuntu-latest)	Run tests (Bun)	2026-06-06T16:54:58.3234680Z (pass) js workflow publishing boundaries > deploys the static web prototype through GitHub Pages [0.12ms]
Test (bun on ubuntu-latest)	Run tests (Bun)	2026-06-06T16:54:58.3236064Z (pass) js workflow publishing boundaries > keeps Pages deployment independent from npm release publication [0.04ms]
Test (bun on ubuntu-latest)	Run tests (Bun)	2026-06-06T16:54:58.3237551Z (pass) js workflow publishing boundaries > requires an explicit repository variable before automatic npm publishing [0.03ms]
Test (bun on ubuntu-latest)	Run tests (Bun)	2026-06-06T16:54:58.3239010Z (pass) js workflow publishing boundaries > checks line limits for Rust, JavaScript, and Markdown changes [0.05ms]
Test (bun on ubuntu-latest)	Run tests (Bun)	2026-06-06T16:54:58.3240259Z (pass) js workflow publishing boundaries > runs JavaScript tests only on Bun and Linux [0.06ms]
Test (bun on ubuntu-latest)	Run tests (Bun)	2026-06-06T16:54:58.3241614Z (pass) js workflow publishing boundaries > uses targeted checkout for changeset validation [0.04ms]
Test (bun on ubuntu-latest)	Run tests (Bun)	2026-06-06T16:54:58.3242730Z (pass) rust workflow checks coverage > runs lint and clippy on workspace [0.02ms]
Test (bun on ubuntu-latest)	Run tests (Bun)	2026-06-06T16:54:58.3243762Z (pass) rust workflow checks coverage > runs the full workspace test suite on Linux [0.03ms]
Test (bun on ubuntu-latest)	Run tests (Bun)	2026-06-06T16:54:58.3244441Z
Test (bun on ubuntu-latest)	Run tests (Bun)	2026-06-06T16:54:58.3244959Z ##[endgroup]
Test (bun on ubuntu-latest)	Run tests (Bun)	2026-06-06T16:54:58.3245211Z
Test (bun on ubuntu-latest)	Run tests (Bun)	2026-06-06T16:54:58.3245731Z ##[group]js/tests/unit/prototype.test.js:
Test (bun on ubuntu-latest)	Run tests (Bun)	2026-06-06T16:54:58.3256335Z (pass) meta-expression prototype pipeline > keeps user selection as an explicit pipeline boundary [0.12ms]
Test (bun on ubuntu-latest)	Run tests (Bun)	2026-06-06T16:54:58.3282085Z (pass) meta-expression prototype pipeline > evaluates fully computable arithmetic statements exactly [0.64ms]
Test (bun on ubuntu-latest)	Run tests (Bun)	2026-06-06T16:54:58.3284885Z (pass) meta-expression prototype pipeline > represents real-world evidence as non-absolute links with provenance [0.64ms]
Test (bun on ubuntu-latest)	Run tests (Bun)	2026-06-06T16:54:58.3286506Z (pass) meta-expression prototype pipeline > supports the Moon-Sun orbit claim through a Wikidata parent-body chain [0.60ms]
Test (bun on ubuntu-latest)	Run tests (Bun)	2026-06-06T16:54:58.3287988Z (pass) meta-expression prototype pipeline > uses bounded Wikidata-backed evidence for a person alive claim [0.54ms]
Test (bun on ubuntu-latest)	Run tests (Bun)	2026-06-06T16:54:58.3289966Z (pass) meta-expression prototype pipeline > turns local user beliefs into support or refutation evidence [0.88ms]
Test (bun on ubuntu-latest)	Run tests (Bun)	2026-06-06T16:54:58.3291503Z (pass) meta-expression prototype pipeline > marks self-referential false statements as undetermined [0.16ms]
Test (bun on ubuntu-latest)	Run tests (Bun)	2026-06-06T16:54:58.3293912Z (pass) meta-expression prototype pipeline > serializes the selected links network to Links Notation text [0.27ms]
Test (bun on ubuntu-latest)	Run tests (Bun)	2026-06-06T16:54:58.3306832Z (pass) meta-expression prototype pipeline > exposes prepared examples, level descriptions, and report URLs [1.25ms]
Test (bun on ubuntu-latest)	Run tests (Bun)	2026-06-06T16:54:58.3353663Z (pass) Wikimedia live evidence client > resolves live Wikimedia evidence with reusable cache and statement templates [4.67ms]
Test (bun on ubuntu-latest)	Run tests (Bun)	2026-06-06T16:54:58.3354497Z
Test (bun on ubuntu-latest)	Run tests (Bun)	2026-06-06T16:54:58.3354951Z ##[endgroup]
Test (bun on ubuntu-latest)	Run tests (Bun)	2026-06-06T16:54:58.3355153Z
Test (bun on ubuntu-latest)	Run tests (Bun)	2026-06-06T16:54:58.3355602Z ##[group]js/tests/unit/package-identity.test.js:
Test (bun on ubuntu-latest)	Run tests (Bun)	2026-06-06T16:54:58.3393697Z (pass) package identity > publishes the documented meta-expression package identity [1.07ms]
Test (bun on ubuntu-latest)	Run tests (Bun)	2026-06-06T16:54:58.3395128Z (pass) package identity > keeps project docs aligned with the published package name [0.15ms]
Test (bun on ubuntu-latest)	Run tests (Bun)	2026-06-06T16:54:58.3397982Z 386 |   return {
Test (bun on ubuntu-latest)	Run tests (Bun)	2026-06-06T16:54:58.3398729Z 387 |     // Bun/Jest: expect(x).toBe(y) - strict equality
Test (bun on ubuntu-latest)	Run tests (Bun)	2026-06-06T16:54:58.3399321Z 388 |     toBe(expected, message) {
Test (bun on ubuntu-latest)	Run tests (Bun)	2026-06-06T16:54:58.3399780Z 389 |       if (actual !== expected) {
Test (bun on ubuntu-latest)	Run tests (Bun)	2026-06-06T16:54:58.3400587Z 390 |         const defaultMessage = `Expected ${JSON.stringify(actual)} to be ${JSON.stringify(expected)}`;
Test (bun on ubuntu-latest)	Run tests (Bun)	2026-06-06T16:54:58.3401611Z 391 |         throw new Error(message || defaultMessage);
Test (bun on ubuntu-latest)	Run tests (Bun)	2026-06-06T16:54:58.3402165Z                                                        ^
Test (bun on ubuntu-latest)	Run tests (Bun)	2026-06-06T16:54:58.3402654Z error: Expected false to be true
Test (bun on ubuntu-latest)	Run tests (Bun)	2026-06-06T16:54:58.3403508Z       at toBe (/home/runner/work/meta-expression/meta-expression/node_modules/test-anywhere/src/index.js:391:50)
Test (bun on ubuntu-latest)	Run tests (Bun)	2026-06-06T16:54:58.3404862Z       at <anonymous> (/home/runner/work/meta-expression/meta-expression/js/tests/unit/package-identity.test.js:64:55)
Test (bun on ubuntu-latest)	Run tests (Bun)	2026-06-06T16:54:58.3405645Z
Test (bun on ubuntu-latest)	Run tests (Bun)	2026-06-06T16:54:58.3438116Z ##[error]
Test (bun on ubuntu-latest)	Run tests (Bun)	      at toBe (/home/runner/work/meta-expression/meta-expression/node_modules/test-anywhere/src/index.js:391:50)
Test (bun on ubuntu-latest)	Run tests (Bun)	      at <anonymous> (/home/runner/work/meta-expression/meta-expression/js/tests/unit/package-identity.test.js:64:55)
Test (bun on ubuntu-latest)	Run tests (Bun)	2026-06-06T16:54:58.3453428Z (fail) package identity > targets meta-expression in active changesets and release tooling [0.33ms]
Test (bun on ubuntu-latest)	Run tests (Bun)	2026-06-06T16:54:58.3454153Z
Test (bun on ubuntu-latest)	Run tests (Bun)	2026-06-06T16:54:58.3454586Z ##[endgroup]
Test (bun on ubuntu-latest)	Run tests (Bun)	2026-06-06T16:54:58.3454797Z
Test (bun on ubuntu-latest)	Run tests (Bun)	2026-06-06T16:54:58.3455215Z ##[group]js/tests/unit/index.test.js:
Test (bun on ubuntu-latest)	Run tests (Bun)	2026-06-06T16:54:58.3455794Z (pass) add function > should add two positive numbers [0.03ms]
Test (bun on ubuntu-latest)	Run tests (Bun)	2026-06-06T16:54:58.3456454Z (pass) add function > should add negative numbers [0.02ms]
Test (bun on ubuntu-latest)	Run tests (Bun)	2026-06-06T16:54:58.3457049Z (pass) add function > should add zero [0.01ms]
Test (bun on ubuntu-latest)	Run tests (Bun)	2026-06-06T16:54:58.3457721Z (pass) multiply function > should multiply two positive numbers [0.03ms]
Test (bun on ubuntu-latest)	Run tests (Bun)	2026-06-06T16:54:58.3458510Z (pass) multiply function > should multiply by zero [0.02ms]
Test (bun on ubuntu-latest)	Run tests (Bun)	2026-06-06T16:54:58.3459214Z (pass) multiply function > should multiply negative numbers [0.01ms]
Test (bun on ubuntu-latest)	Run tests (Bun)	2026-06-06T16:54:58.3459685Z
Test (bun on ubuntu-latest)	Run tests (Bun)	2026-06-06T16:54:58.3460054Z ##[endgroup]
Test (bun on ubuntu-latest)	Run tests (Bun)	2026-06-06T16:54:58.3460246Z
Test (bun on ubuntu-latest)	Run tests (Bun)	2026-06-06T16:54:58.3460718Z ##[group]js/tests/e2e/issue-62.test.js:
Test (bun on ubuntu-latest)	Run tests (Bun)	2026-06-06T16:54:58.3461927Z (pass) issue 62 - official Links Notation and lino-arguments > parses official Links Notation tuples through the current Lino API [0.39ms]
Test (bun on ubuntu-latest)	Run tests (Bun)	2026-06-06T16:54:58.3477773Z (pass) issue 62 - official Links Notation and lino-arguments > loads CLI defaults from a Links Notation configuration file [5.07ms]
Test (bun on ubuntu-latest)	Run tests (Bun)	2026-06-06T16:54:58.3529285Z (pass) issue 62 - official Links Notation and lino-arguments > applies a Links Notation preference profile from the CLI [5.12ms]
Test (bun on ubuntu-latest)	Run tests (Bun)	2026-06-06T16:54:58.3530242Z
Test (bun on ubuntu-latest)	Run tests (Bun)	2026-06-06T16:54:58.3530795Z ##[endgroup]
Test (bun on ubuntu-latest)	Run tests (Bun)	2026-06-06T16:54:58.3531194Z
Test (bun on ubuntu-latest)	Run tests (Bun)	2026-06-06T16:54:58.3531944Z ##[group]js/tests/e2e/issue-110.test.js:
Test (bun on ubuntu-latest)	Run tests (Bun)	2026-06-06T16:54:58.4007503Z (pass) issue 110 - doublets-web browser store > keeps the doublets-web browser store in the static module graph [43.36ms]
Test (bun on ubuntu-latest)	Run tests (Bun)	2026-06-06T16:54:58.9070787Z (pass) issue 110 - doublets-web browser store > stores and loads portable meta-language links in a browser [506.32ms]
Test (bun on ubuntu-latest)	Run tests (Bun)	2026-06-06T16:54:58.9082760Z
Test (bun on ubuntu-latest)	Run tests (Bun)	2026-06-06T16:54:58.9083616Z ##[endgroup]
Test (bun on ubuntu-latest)	Run tests (Bun)	2026-06-06T16:54:58.9084276Z
Test (bun on ubuntu-latest)	Run tests (Bun)	2026-06-06T16:54:58.9084885Z ##[group]js/tests/e2e/issue-15.test.js:
Test (bun on ubuntu-latest)	Run tests (Bun)	2026-06-06T16:54:58.9170986Z (pass) issue 15 — formalize text into Wikipedia/Wikidata-anchored phrases > tokenizes input and tags stop-only single-token n-grams (issue #21) [0.25ms]
Test (bun on ubuntu-latest)	Run tests (Bun)	2026-06-06T16:54:58.9223153Z (pass) issue 15 — formalize text into Wikipedia/Wikidata-anchored phrases > prefers the longest non-overlapping match (Barack Obama as one entity) [3.28ms]
Test (bun on ubuntu-latest)	Run tests (Bun)	2026-06-06T16:54:58.9255367Z (pass) issue 15 — formalize text into Wikipedia/Wikidata-anchored phrases > emits HTML link with title containing the Q id (F6) [0.97ms]
Test (bun on ubuntu-latest)	Run tests (Bun)	2026-06-06T16:54:58.9257259Z (pass) issue 15 — formalize text into Wikipedia/Wikidata-anchored phrases > renders Markdown with [phrase](url "Qid") shape (F8) [0.80ms]
Test (bun on ubuntu-latest)	Run tests (Bun)	2026-06-06T16:54:58.9282826Z (pass) issue 15 — formalize text into Wikipedia/Wikidata-anchored phrases > falls back to Wikidata page when no enwiki sitelink (properties) [1.51ms]
Test (bun on ubuntu-latest)	Run tests (Bun)	2026-06-06T16:54:58.9299354Z (pass) issue 15 — formalize text into Wikipedia/Wikidata-anchored phrases > respects local viewer toggle for entities and properties (F7) [0.11ms]
Test (bun on ubuntu-latest)	Run tests (Bun)	2026-06-06T16:54:58.9307589Z (pass) issue 15 — formalize text into Wikipedia/Wikidata-anchored phrases > always switches link targets to Wikidata when mode=wikidata [0.05ms]
Test (bun on ubuntu-latest)	Run tests (Bun)	2026-06-06T16:54:58.9309398Z (pass) issue 15 — formalize text into Wikipedia/Wikidata-anchored phrases > aggregates contexts with weight and probability (F10/F11) [2.53ms]
Test (bun on ubuntu-latest)	Run tests (Bun)	2026-06-06T16:54:58.9310957Z (pass) issue 15 — formalize text into Wikipedia/Wikidata-anchored phrases > produces at most maxInterpretations interpretations (F13) [1.13ms]
Test (bun on ubuntu-latest)	Run tests (Bun)	2026-06-06T16:54:58.9312740Z (pass) issue 15 — formalize text into Wikipedia/Wikidata-anchored phrases > emits Links Notation with phrase and context lines (F9) [0.76ms]
Test (bun on ubuntu-latest)	Run tests (Bun)	2026-06-06T16:54:58.9314240Z (pass) issue 15 — formalize text into Wikipedia/Wikidata-anchored phrases > reuses cache for repeated calls (F15) [1.22ms]
Test (bun on ubuntu-latest)	Run tests (Bun)	2026-06-06T16:54:58.9315770Z (pass) issue 15 — formalize text into Wikipedia/Wikidata-anchored phrases > keeps every word in a phrase, even without a Wikidata match [1.01ms]
Test (bun on ubuntu-latest)	Run tests (Bun)	2026-06-06T16:54:58.9317455Z (pass) issue 15 — formalize text into Wikipedia/Wikidata-anchored phrases > builds Markdown and HTML links via the standalone helpers [0.16ms]
Test (bun on ubuntu-latest)	Run tests (Bun)	2026-06-06T16:54:58.9450416Z (pass) issue 15 — formalize text into Wikipedia/Wikidata-anchored phrases > routes default-tier traffic to Wikipedia, Wikidata, and Wiktionary endpoints [14.34ms]
Test (bun on ubuntu-latest)	Run tests (Bun)	2026-06-06T16:54:58.9455228Z (pass) issue 15 — formalize text into Wikipedia/Wikidata-anchored phrases > still uses only the Wikidata endpoint when sources are explicitly set to Wikidata [0.55ms]
Test (bun on ubuntu-latest)	Run tests (Bun)	2026-06-06T16:54:58.9459106Z (pass) issue 15 — layered sources, overrides, big contexts > parses source spec tokens into source instances [0.40ms]
Test (bun on ubuntu-latest)	Run tests (Bun)	2026-06-06T16:54:58.9473712Z (pass) issue 15 — layered sources, overrides, big contexts > layers WordNet + Wikidata candidates via createWordNetSource [1.35ms]
Test (bun on ubuntu-latest)	Run tests (Bun)	2026-06-06T16:54:58.9483477Z (pass) issue 15 — layered sources, overrides, big contexts > routes Fandom-only entities through their sourceUrl [0.98ms]
Test (bun on ubuntu-latest)	Run tests (Bun)	2026-06-06T16:54:58.9485155Z (pass) issue 15 — layered sources, overrides, big contexts > builds an override map and short-circuits search to keep tests deterministic [0.11ms]
Test (bun on ubuntu-latest)	Run tests (Bun)	2026-06-06T16:54:58.9493186Z (pass) issue 15 — layered sources, overrides, big contexts > overrides outrank live Wikidata search candidates [0.87ms]
Test (bun on ubuntu-latest)	Run tests (Bun)	2026-06-06T16:54:58.9499112Z (pass) issue 15 — layered sources, overrides, big contexts > aggregates big-context categories via transitive graph traversal [0.34ms]
Test (bun on ubuntu-latest)	Run tests (Bun)	2026-06-06T16:54:58.9507988Z (pass) issue 15 — layered sources, overrides, big contexts > exposes bigContexts in formalize result alongside flat contexts [1.01ms]
Test (bun on ubuntu-latest)	Run tests (Bun)	2026-06-06T16:54:58.9542286Z (pass) issue 15 — CLI: formalize subcommand > parses formalize-specific flags [3.50ms]
Test (bun on ubuntu-latest)	Run tests (Bun)	2026-06-06T16:54:58.9575976Z (pass) issue 15 — CLI: formalize subcommand > runs the formalize subcommand and emits markdown [3.36ms]
Test (bun on ubuntu-latest)	Run tests (Bun)	2026-06-06T16:54:58.9986126Z (pass) issue 15 — HTTP /formalize endpoint with persistent cache > persists results to dual-format cache and reuses them on the next request [40.93ms]
Test (bun on ubuntu-latest)	Run tests (Bun)	2026-06-06T16:54:59.0061727Z (pass) issue 15 — HTTP /formalize endpoint with persistent cache > returns lino body via format=lino with cache headers [7.57ms]
Test (bun on ubuntu-latest)	Run tests (Bun)	2026-06-06T16:54:59.0214141Z (pass) issue 15 — HTTP /formalize endpoint with persistent cache > honours POST overrides and varies cache key by overrides payload [15.21ms]
Test (bun on ubuntu-latest)	Run tests (Bun)	2026-06-06T16:54:59.0267686Z (pass) issue 15 — HTTP /formalize endpoint with persistent cache > returns 400 when input parameter is missing [5.39ms]
Test (bun on ubuntu-latest)	Run tests (Bun)	2026-06-06T16:54:59.0270523Z (pass) issue 15 — auto-generated formalize library docs > keeps docs/FORMALIZE.md in sync with src/formalize*.js JSDoc [0.35ms]
Test (bun on ubuntu-latest)	Run tests (Bun)	2026-06-06T16:54:59.0273740Z (pass) issue 15 — Links Notation codec > round-trips a nested object through indented .lino [0.32ms]
Test (bun on ubuntu-latest)	Run tests (Bun)	2026-06-06T16:54:59.0275754Z (pass) issue 15 — Links Notation codec > parses the repository overrides.lino format [0.21ms]
Test (bun on ubuntu-latest)	Run tests (Bun)	2026-06-06T16:54:59.0278152Z (pass) issue 15 — Links Notation codec > accepts both .lino and legacy JSON via decodeOverridesText [0.23ms]
Test (bun on ubuntu-latest)	Run tests (Bun)	2026-06-06T16:54:59.0280558Z (pass) issue 15 — doublets binary store > round-trips primitives, arrays, and objects [0.24ms]
Test (bun on ubuntu-latest)	Run tests (Bun)	2026-06-06T16:54:59.0281616Z (pass) issue 15 — doublets binary store > encodes strings as unicode-sequence chains [0.07ms]
Test (bun on ubuntu-latest)	Run tests (Bun)	2026-06-06T16:54:59.0282168Z
Test (bun on ubuntu-latest)	Run tests (Bun)	2026-06-06T16:54:59.0282669Z ##[endgroup]
Test (bun on ubuntu-latest)	Run tests (Bun)	2026-06-06T16:54:59.0282860Z
Test (bun on ubuntu-latest)	Run tests (Bun)	2026-06-06T16:54:59.0283242Z ##[group]js/tests/e2e/issue-27.test.js:
Test (bun on ubuntu-latest)	Run tests (Bun)	2026-06-06T16:54:59.0344933Z (pass) issue 27 - uniqueness likelihood > scores exact external matches as citation candidates per statement [2.53ms]
Test (bun on ubuntu-latest)	Run tests (Bun)	2026-06-06T16:54:59.0352199Z (pass) issue 27 - uniqueness likelihood > ignores unrelated rows returned by public search providers [0.75ms]
Test (bun on ubuntu-latest)	Run tests (Bun)	2026-06-06T16:54:59.0417281Z (pass) issue 27 - uniqueness likelihood > wires uniqueness into the CLI, including the issue title typo alias [6.44ms]
Test (bun on ubuntu-latest)	Run tests (Bun)	2026-06-06T16:54:59.0510501Z (pass) issue 27 - uniqueness likelihood > exposes HTTP /uniqueness and /uniquness endpoints [9.32ms]
Test (bun on ubuntu-latest)	Run tests (Bun)	2026-06-06T16:54:59.0513266Z (pass) issue 27 - uniqueness likelihood > documents the HTTP route and exposes the web page shell [0.33ms]
Test (bun on ubuntu-latest)	Run tests (Bun)	2026-06-06T16:54:59.0514337Z
Test (bun on ubuntu-latest)	Run tests (Bun)	2026-06-06T16:54:59.0514804Z ##[endgroup]
Test (bun on ubuntu-latest)	Run tests (Bun)	2026-06-06T16:54:59.0515009Z
Test (bun on ubuntu-latest)	Run tests (Bun)	2026-06-06T16:54:59.0515724Z ##[group]js/tests/e2e/issue-116.test.js:
Test (bun on ubuntu-latest)	Run tests (Bun)	2026-06-06T16:54:59.0894192Z (pass) issue 116 - static web module graph > keeps the GitHub Pages web entrypoints browser-loadable [35.78ms]
Test (bun on ubuntu-latest)	Run tests (Bun)	2026-06-06T16:54:59.0894740Z
Test (bun on ubuntu-latest)	Run tests (Bun)	2026-06-06T16:54:59.0895091Z ##[endgroup]
Test (bun on ubuntu-latest)	Run tests (Bun)	2026-06-06T16:54:59.0895230Z
Test (bun on ubuntu-latest)	Run tests (Bun)	2026-06-06T16:54:59.0895493Z ##[group]js/tests/e2e/issue-17.test.js:
Test (bun on ubuntu-latest)	Run tests (Bun)	2026-06-06T16:54:59.0930942Z (pass) issue 17 - check text statements > detects statements and assigns red-to-green correctness colors [1.15ms]
Test (bun on ubuntu-latest)	Run tests (Bun)	2026-06-06T16:54:59.0936722Z (pass) issue 17 - evidence probability scoring > lets preferences control the probability assigned to evidence situations [0.60ms]
Test (bun on ubuntu-latest)	Run tests (Bun)	2026-06-06T16:54:59.0946234Z (pass) issue 17 - evidence probability scoring > uses belief-system preferences for worldview-sensitive statements [0.94ms]
Test (bun on ubuntu-latest)	Run tests (Bun)	2026-06-06T16:54:59.0972152Z (pass) issue 17 - evidence probability scoring > scores cited Wikipedia statements in the 75-99% band with debug reasoning [2.55ms]
Test (bun on ubuntu-latest)	Run tests (Bun)	2026-06-06T16:54:59.0982171Z (pass) issue 17 - evidence probability scoring > finds similar Wikipedia wording after exact search misses [1.02ms]
Test (bun on ubuntu-latest)	Run tests (Bun)	2026-06-06T16:54:59.0999028Z (pass) issue 17 - evidence probability scoring > allows cited Wikipedia scoring to be tuned by preferences [0.94ms]
Test (bun on ubuntu-latest)	Run tests (Bun)	2026-06-06T16:54:59.1071686Z (pass) issue 17 - check integration surfaces > supports CLI check and fact-check aliases [7.90ms]
Test (bun on ubuntu-latest)	Run tests (Bun)	2026-06-06T16:54:59.1161741Z (pass) issue 17 - check integration surfaces > exposes HTTP /check and /fact-check endpoints [8.96ms]
Test (bun on ubuntu-latest)	Run tests (Bun)	2026-06-06T16:54:59.1165690Z (pass) issue 17 - check integration surfaces > wires the static web app with check and fact-check hash aliases [0.47ms]
Test (bun on ubuntu-latest)	Run tests (Bun)	2026-06-06T16:54:59.1166155Z
Test (bun on ubuntu-latest)	Run tests (Bun)	2026-06-06T16:54:59.1166516Z ##[endgroup]
Test (bun on ubuntu-latest)	Run tests (Bun)	2026-06-06T16:54:59.1166643Z
Test (bun on ubuntu-latest)	Run tests (Bun)	2026-06-06T16:54:59.1166937Z ##[group]js/tests/e2e/issue-16.test.js:
Test (bun on ubuntu-latest)	Run tests (Bun)	2026-06-06T16:54:59.1211586Z (pass) issue 16 — formalize CST for translation > emits a CST that can regenerate formalize Markdown [1.07ms]
Test (bun on ubuntu-latest)	Run tests (Bun)	2026-06-06T16:54:59.1222274Z (pass) issue 16 — translate through formalized Wikidata labels > translates linked phrases with target-language labels and links [1.06ms]
Test (bun on ubuntu-latest)	Run tests (Bun)	2026-06-06T16:54:59.1247860Z (pass) issue 16 — translate through formalized Wikidata labels > translates full sentences and records formalization plus rule steps [2.52ms]
Test (bun on ubuntu-latest)	Run tests (Bun)	2026-06-06T16:54:59.1257166Z (pass) issue 16 — translate through formalized Wikidata labels > keeps unresolved parts as variables with clarifying questions [0.89ms]
Test (bun on ubuntu-latest)	Run tests (Bun)	2026-06-06T16:54:59.1284120Z (pass) issue 16 — CLI and HTTP translate surfaces > parses translate-specific flags [2.75ms]
Test (bun on ubuntu-latest)	Run tests (Bun)	2026-06-06T16:54:59.1323404Z (pass) issue 16 — CLI and HTTP translate surfaces > runs the translate command as Markdown [3.89ms]
Test (bun on ubuntu-latest)	Run tests (Bun)	2026-06-06T16:54:59.1422303Z (pass) issue 16 — CLI and HTTP translate surfaces > serves POST /translate [9.79ms]
Test (bun on ubuntu-latest)	Run tests (Bun)	2026-06-06T16:54:59.1424794Z (pass) issue 16 — web translate surface > adds a translated workspace to the static web app [0.41ms]
Test (bun on ubuntu-latest)	Run tests (Bun)	2026-06-06T16:54:59.1425357Z
Test (bun on ubuntu-latest)	Run tests (Bun)	2026-06-06T16:54:59.1425828Z ##[endgroup]
Test (bun on ubuntu-latest)	Run tests (Bun)	2026-06-06T16:54:59.1426024Z
Test (bun on ubuntu-latest)	Run tests (Bun)	2026-06-06T16:54:59.1426427Z ##[group]js/tests/e2e/issue-43.test.js:
Test (bun on ubuntu-latest)	Run tests (Bun)	2026-06-06T16:54:59.1461879Z (pass) issue 43 - translation quality assessment helpers > extracts a first statement from a multi-paragraph extract [0.17ms]
Test (bun on ubuntu-latest)	Run tests (Bun)	2026-06-06T16:54:59.1463457Z (pass) issue 43 - translation quality assessment helpers > drops parenthetical Latin and Cyrillic asides from leading sentences [0.13ms]
Test (bun on ubuntu-latest)	Run tests (Bun)	2026-06-06T16:54:59.1464946Z (pass) issue 43 - translation quality assessment helpers > returns an empty string when the extract is blank or whitespace [0.04ms]
Test (bun on ubuntu-latest)	Run tests (Bun)	2026-06-06T16:54:59.1466312Z (pass) issue 43 - translation quality assessment helpers > tokenizes Unicode-aware content tokens and drops stop words [0.07ms]
Test (bun on ubuntu-latest)	Run tests (Bun)	2026-06-06T16:54:59.1467748Z (pass) issue 43 - translation quality assessment helpers > computes token coverage as the fraction of unique tokens that overlap [0.08ms]
Test (bun on ubuntu-latest)	Run tests (Bun)	2026-06-06T16:54:59.1469148Z (pass) issue 43 - translation quality assessment helpers > reports zero coverage for completely disjoint texts [0.04ms]
Test (bun on ubuntu-latest)	Run tests (Bun)	2026-06-06T16:54:59.1470594Z (pass) issue 43 - translation quality assessment helpers > normalizes statement keys by collapsing whitespace and trailing punctuation [0.07ms]
Test (bun on ubuntu-latest)	Run tests (Bun)	2026-06-06T16:54:59.1472413Z (pass) issue 43 - translation quality assessment helpers > selects the two largest language versions from a fixture-style entry [0.15ms]
Test (bun on ubuntu-latest)	Run tests (Bun)	2026-06-06T16:54:59.1473899Z (pass) issue 43 - assessArticleTranslation status routing > returns no-statement when the source extract is empty [0.23ms]
Test (bun on ubuntu-latest)	Run tests (Bun)	2026-06-06T16:54:59.1475335Z (pass) issue 43 - assessArticleTranslation status routing > uses a curated translation-fix when the source statement matches [0.20ms]
Test (bun on ubuntu-latest)	Run tests (Bun)	2026-06-06T16:54:59.1476720Z (pass) issue 43 - assessArticleTranslation status routing > marks a source statement as skipped when it is on the skip list [0.19ms]
Test (bun on ubuntu-latest)	Run tests (Bun)	2026-06-06T16:54:59.1490886Z (pass) issue 43 - assessArticleTranslation status routing > matches when the translated tokens cover the target extract [1.63ms]
Test (bun on ubuntu-latest)	Run tests (Bun)	2026-06-06T16:54:59.1514756Z (pass) issue 43 - assessArticleTranslation status routing > promotes round-trip-stable translations to fix-suggested [2.39ms]
Test (bun on ubuntu-latest)	Run tests (Bun)	2026-06-06T16:54:59.1531397Z (pass) issue 43 - Wikipedia top-views integration test > passes the quality bar for every captured article [1.65ms]
Test (bun on ubuntu-latest)	Run tests (Bun)	2026-06-06T16:54:59.1606432Z (pass) issue 43 - Wikipedia top-views integration test > uses the formalize → semantic meta language → naturalize pipeline for every assessed statement [7.43ms]
Test (bun on ubuntu-latest)	Run tests (Bun)	2026-06-06T16:54:59.1608334Z (pass) issue 43 - Wikipedia top-views integration test > summarises results into per-status counts and exposes failures [0.10ms]
Test (bun on ubuntu-latest)	Run tests (Bun)	2026-06-06T16:54:59.1613271Z (pass) issue 43 - Wikipedia top-views integration test > captures a top-10 fixture for April 2026 with two language versions per article [0.68ms]
Test (bun on ubuntu-latest)	Run tests (Bun)	2026-06-06T16:54:59.1688498Z (pass) issue 43 - Wikipedia top-views integration test > exposes the assessment as a translation-quality CLI command [7.42ms]
Test (bun on ubuntu-latest)	Run tests (Bun)	2026-06-06T16:54:59.1708998Z (pass) issue 43 - Wikipedia top-views integration test > exits non-zero from the CLI when any article fails [2.10ms]
Test (bun on ubuntu-latest)	Run tests (Bun)	2026-06-06T16:54:59.1734787Z (pass) issue 43 - Wikipedia top-views integration test > keeps every skip-list entry referenced by a captured article statement [2.54ms]
Test (bun on ubuntu-latest)	Run tests (Bun)	2026-06-06T16:54:59.1735751Z
Test (bun on ubuntu-latest)	Run tests (Bun)	2026-06-06T16:54:59.1736231Z ##[endgroup]
Test (bun on ubuntu-latest)	Run tests (Bun)	2026-06-06T16:54:59.1736370Z
Test (bun on ubuntu-latest)	Run tests (Bun)	2026-06-06T16:54:59.1736460Z 10 tests skipped:
Test (bun on ubuntu-latest)	Run tests (Bun)	2026-06-06T16:54:59.1737369Z (skip) issue 26 — E. NL → logic / triple extraction (roadmap Phase 8) > extracts (Barack Obama; was born in; Hawaii) triple — Stanford OpenIE canonical
Test (bun on ubuntu-latest)	Run tests (Bun)	2026-06-06T16:54:59.1738367Z (skip) issue 26 — E. NL → logic / triple extraction (roadmap Phase 8) > extracts SRL roles for "Mary gave John a book" — AllenNLP canonical
Test (bun on ubuntu-latest)	Run tests (Bun)	2026-06-06T16:54:59.1739312Z (skip) issue 26 — E. NL → logic / triple extraction (roadmap Phase 8) > exposes scope-ambiguous FOL for "Every man loves a woman" — Boxer/Montague
Test (bun on ubuntu-latest)	Run tests (Bun)	2026-06-06T16:54:59.1740217Z (skip) issue 26 — E. NL → logic / triple extraction (roadmap Phase 8) > emits AMR-style CST for "The boy wants to go" — AMR canonical
Test (bun on ubuntu-latest)	Run tests (Bun)	2026-06-06T16:54:59.1741482Z (skip) issue 26 — F. disputed-truth corpora (band-only, Phase 10) > keeps `0 < correctness < 1` for ClaimReview "5G causes coronavirus" — Google Fact Check
Test (bun on ubuntu-latest)	Run tests (Bun)	2026-06-06T16:54:59.1742638Z (skip) issue 26 — F. disputed-truth corpora (band-only, Phase 10) > keeps `0 < correctness < 1` for Snopes "Einstein failed math in school"
Test (bun on ubuntu-latest)	Run tests (Bun)	2026-06-06T16:54:59.1743565Z (skip) issue 26 — F. disputed-truth corpora (band-only, Phase 10) > keeps `0 < correctness < 1` for Politifact "Barack Obama was born in Kenya"
Test (bun on ubuntu-latest)	Run tests (Bun)	2026-06-06T16:54:59.1744482Z (skip) issue 26 — F. disputed-truth corpora (band-only, Phase 10) > keeps `0 < correctness < 1` for Politifact "Crime is at an all-time high"
Test (bun on ubuntu-latest)	Run tests (Bun)	2026-06-06T16:54:59.1745329Z (skip) issue 26 — G. uniqueness / paraphrase > detects paraphrase similarity for SBERT STS-B canonical pair
Test (bun on ubuntu-latest)	Run tests (Bun)	2026-06-06T16:54:59.1746272Z (skip) issue 26 — H. knowledge representation round-trip > round-trips ClaimReview JSON-LD for "Earth orbits the Sun" — Phase 10 evidence interchange
Test (bun on ubuntu-latest)	Run tests (Bun)	2026-06-06T16:54:59.1746817Z
Test (bun on ubuntu-latest)	Run tests (Bun)	2026-06-06T16:54:59.1746825Z
Test (bun on ubuntu-latest)	Run tests (Bun)	2026-06-06T16:54:59.1746928Z 1 tests failed:
Test (bun on ubuntu-latest)	Run tests (Bun)	2026-06-06T16:54:59.1747352Z (fail) package identity > targets meta-expression in active changesets and release tooling [0.33ms]
Test (bun on ubuntu-latest)	Run tests (Bun)	2026-06-06T16:54:59.1747761Z
Test (bun on ubuntu-latest)	Run tests (Bun)	2026-06-06T16:54:59.1747849Z  452 pass
Test (bun on ubuntu-latest)	Run tests (Bun)	2026-06-06T16:54:59.1748056Z  10 skip
Test (bun on ubuntu-latest)	Run tests (Bun)	2026-06-06T16:54:59.1748249Z  1 fail
Test (bun on ubuntu-latest)	Run tests (Bun)	2026-06-06T16:54:59.1748470Z Ran 463 tests across 73 files. [5.01s]
Test (bun on ubuntu-latest)	Run tests (Bun)	2026-06-06T16:54:59.1978268Z ##[error]Process completed with exit code 1.
Test (bun on ubuntu-latest)	Post Run actions/checkout@v6	﻿2026-06-06T16:54:59.2086672Z Post job cleanup.
Test (bun on ubuntu-latest)	Post Run actions/checkout@v6	2026-06-06T16:54:59.2966837Z [command]/usr/bin/git version
Test (bun on ubuntu-latest)	Post Run actions/checkout@v6	2026-06-06T16:54:59.3005836Z git version 2.54.0
Test (bun on ubuntu-latest)	Post Run actions/checkout@v6	2026-06-06T16:54:59.3046088Z Temporarily overriding HOME='/home/runner/work/_temp/1e87d9d3-54fd-43dd-aa48-b708ecd26b97' before making global git config changes
Test (bun on ubuntu-latest)	Post Run actions/checkout@v6	2026-06-06T16:54:59.3047392Z Adding repository directory to the temporary git global config as a safe directory
Test (bun on ubuntu-latest)	Post Run actions/checkout@v6	2026-06-06T16:54:59.3052134Z [command]/usr/bin/git config --global --add safe.directory /home/runner/work/meta-expression/meta-expression
Test (bun on ubuntu-latest)	Post Run actions/checkout@v6	2026-06-06T16:54:59.3087065Z Removing SSH command configuration
Test (bun on ubuntu-latest)	Post Run actions/checkout@v6	2026-06-06T16:54:59.3093750Z [command]/usr/bin/git config --local --name-only --get-regexp core\.sshCommand
Test (bun on ubuntu-latest)	Post Run actions/checkout@v6	2026-06-06T16:54:59.3128403Z [command]/usr/bin/git submodule foreach --recursive sh -c "git config --local --name-only --get-regexp 'core\.sshCommand' && git config --local --unset-all 'core.sshCommand' || :"
Test (bun on ubuntu-latest)	Post Run actions/checkout@v6	2026-06-06T16:54:59.3367393Z Removing HTTP extra header
Test (bun on ubuntu-latest)	Post Run actions/checkout@v6	2026-06-06T16:54:59.3373264Z [command]/usr/bin/git config --local --name-only --get-regexp http\.https\:\/\/github\.com\/\.extraheader
Test (bun on ubuntu-latest)	Post Run actions/checkout@v6	2026-06-06T16:54:59.3408013Z [command]/usr/bin/git submodule foreach --recursive sh -c "git config --local --name-only --get-regexp 'http\.https\:\/\/github\.com\/\.extraheader' && git config --local --unset-all 'http.https://github.com/.extraheader' || :"
Test (bun on ubuntu-latest)	Post Run actions/checkout@v6	2026-06-06T16:54:59.3642039Z Removing includeIf entries pointing to credentials config files
Test (bun on ubuntu-latest)	Post Run actions/checkout@v6	2026-06-06T16:54:59.3648516Z [command]/usr/bin/git config --local --name-only --get-regexp ^includeIf\.gitdir:
Test (bun on ubuntu-latest)	Post Run actions/checkout@v6	2026-06-06T16:54:59.3678714Z includeif.gitdir:/home/runner/work/meta-expression/meta-expression/.git.path
Test (bun on ubuntu-latest)	Post Run actions/checkout@v6	2026-06-06T16:54:59.3679601Z includeif.gitdir:/home/runner/work/meta-expression/meta-expression/.git/worktrees/*.path
Test (bun on ubuntu-latest)	Post Run actions/checkout@v6	2026-06-06T16:54:59.3680131Z includeif.gitdir:/github/workspace/.git.path
Test (bun on ubuntu-latest)	Post Run actions/checkout@v6	2026-06-06T16:54:59.3680526Z includeif.gitdir:/github/workspace/.git/worktrees/*.path
Test (bun on ubuntu-latest)	Post Run actions/checkout@v6	2026-06-06T16:54:59.3688234Z [command]/usr/bin/git config --local --get-all includeif.gitdir:/home/runner/work/meta-expression/meta-expression/.git.path
Test (bun on ubuntu-latest)	Post Run actions/checkout@v6	2026-06-06T16:54:59.3711949Z /home/runner/work/_temp/git-credentials-48781514-d742-40b4-884b-ce2e01b2283f.config
Test (bun on ubuntu-latest)	Post Run actions/checkout@v6	2026-06-06T16:54:59.3723322Z [command]/usr/bin/git config --local --unset includeif.gitdir:/home/runner/work/meta-expression/meta-expression/.git.path /home/runner/work/_temp/git-credentials-48781514-d742-40b4-884b-ce2e01b2283f.config
Test (bun on ubuntu-latest)	Post Run actions/checkout@v6	2026-06-06T16:54:59.3760246Z [command]/usr/bin/git config --local --get-all includeif.gitdir:/home/runner/work/meta-expression/meta-expression/.git/worktrees/*.path
Test (bun on ubuntu-latest)	Post Run actions/checkout@v6	2026-06-06T16:54:59.3782592Z /home/runner/work/_temp/git-credentials-48781514-d742-40b4-884b-ce2e01b2283f.config
Test (bun on ubuntu-latest)	Post Run actions/checkout@v6	2026-06-06T16:54:59.3791787Z [command]/usr/bin/git config --local --unset includeif.gitdir:/home/runner/work/meta-expression/meta-expression/.git/worktrees/*.path /home/runner/work/_temp/git-credentials-48781514-d742-40b4-884b-ce2e01b2283f.config
Test (bun on ubuntu-latest)	Post Run actions/checkout@v6	2026-06-06T16:54:59.3823255Z [command]/usr/bin/git config --local --get-all includeif.gitdir:/github/workspace/.git.path
Test (bun on ubuntu-latest)	Post Run actions/checkout@v6	2026-06-06T16:54:59.3845473Z /github/runner_temp/git-credentials-48781514-d742-40b4-884b-ce2e01b2283f.config
Test (bun on ubuntu-latest)	Post Run actions/checkout@v6	2026-06-06T16:54:59.3852454Z [command]/usr/bin/git config --local --unset includeif.gitdir:/github/workspace/.git.path /github/runner_temp/git-credentials-48781514-d742-40b4-884b-ce2e01b2283f.config
Test (bun on ubuntu-latest)	Post Run actions/checkout@v6	2026-06-06T16:54:59.3886004Z [command]/usr/bin/git config --local --get-all includeif.gitdir:/github/workspace/.git/worktrees/*.path
Test (bun on ubuntu-latest)	Post Run actions/checkout@v6	2026-06-06T16:54:59.3908072Z /github/runner_temp/git-credentials-48781514-d742-40b4-884b-ce2e01b2283f.config
Test (bun on ubuntu-latest)	Post Run actions/checkout@v6	2026-06-06T16:54:59.3918263Z [command]/usr/bin/git config --local --unset includeif.gitdir:/github/workspace/.git/worktrees/*.path /github/runner_temp/git-credentials-48781514-d742-40b4-884b-ce2e01b2283f.config
Test (bun on ubuntu-latest)	Post Run actions/checkout@v6	2026-06-06T16:54:59.3952266Z [command]/usr/bin/git submodule foreach --recursive git config --local --show-origin --name-only --get-regexp remote.origin.url
Test (bun on ubuntu-latest)	Post Run actions/checkout@v6	2026-06-06T16:54:59.4260083Z Removing credentials config '/home/runner/work/_temp/git-credentials-48781514-d742-40b4-884b-ce2e01b2283f.config'
Test (bun on ubuntu-latest)	Complete job	﻿2026-06-06T16:54:59.4419017Z Cleaning up orphan processes
